identity	source	checksum	lock_surfaces	license_expression	authors	repository	source_locator	license_text_hashes	notice_hashes	classification
Inflector@0.11.4	registry+https://github.com/rust-lang/crates.io-index	fe438c63458706e03479442743baae6c88256498e6431708f6dfc520a26515d3	Cargo.lock	BSD-2-Clause	Josh Teeter<joshteeter@gmail.com>	https://github.com/whatisinternet/inflector	crates.io/Inflector/0.11.4			RESOLVED_MANIFEST_DECLARATION_NO_ADJACENT_TEXT
addr2line@0.19.0	registry+https://github.com/rust-lang/crates.io-index	a76fd60b23679b7d19bd066031410fb7e458ccc5e958eb5c325888ce4baedc97	Cargo.lock	Apache-2.0 OR MIT		https://github.com/gimli-rs/addr2line	crates.io/addr2line/0.19.0	a60eea817514531668d7e00765731449fe14d059d3249e0bc93b36de45f759f2;e99d88d232bf57d70f0fb87f6b496d44b6653f99f8a63d250a54c61ea4bcde40		RESOLVED_DECLARATION_AND_TEXT
addr2line@0.25.1	registry+https://github.com/rust-lang/crates.io-index	1b5d307320b3181d6d7954e663bd7c774a838b8220fe0593c86d9fb09f498b4b	Cargo.lock	Apache-2.0 OR MIT		https://github.com/gimli-rs/addr2line	crates.io/addr2line/0.25.1	a60eea817514531668d7e00765731449fe14d059d3249e0bc93b36de45f759f2;e99d88d232bf57d70f0fb87f6b496d44b6653f99f8a63d250a54c61ea4bcde40		RESOLVED_DECLARATION_AND_TEXT
adler2@2.0.1	registry+https://github.com/rust-lang/crates.io-index	320119579fcad9c21884f5c4861d16174d0e06250625266f50fe6898340abefa	Cargo.lock	0BSD OR MIT OR Apache-2.0	Jonas Schievink <jonasschievink@gmail.com>;oyvindln <oyvindln@users.noreply.github.com>	https://github.com/oyvindln/adler2	crates.io/adler2/2.0.1	23f18e03dc49df91622fe2a76176497404e46ced8a715d9d2b67a7446571cca3;861399f8c21c042b110517e76dc6b63a2b334276c8cf17412fc3c8908ca8dc17;8ada45cd9f843acf64e4722ae262c622a2b3b3007c7310ef36ac1061a30f6adb		RESOLVED_DECLARATION_AND_TEXT
aead@0.5.2	registry+https://github.com/rust-lang/crates.io-index	d122413f284cf2d62fb1b7db97e02edb8cda96d769b16e443a4f6195e35662b0	Cargo.lock	MIT OR Apache-2.0	RustCrypto Developers	https://github.com/RustCrypto/traits	crates.io/aead/0.5.2	949ab7b3e7140fee216f06fe3a2bd67d68dd511f8ea73c1e01c98cb348e9c8ae;b1cf9a3333ca78152b859012cd4a804156e5243e9ca20ad1df7327ba5ea7405c		RESOLVED_DECLARATION_AND_TEXT
aes-gcm@0.10.3	registry+https://github.com/rust-lang/crates.io-index	831010a0f742e1209b3bcea8fab6a8e149051ba6099432c8cb2cc117dec3ead1	Cargo.lock	Apache-2.0 OR MIT	RustCrypto Developers	https://github.com/RustCrypto/AEADs	crates.io/aes-gcm/0.10.3	3c0dfa33fd2e6976038555b52095699452653b1fcabe113074f14e0848a6b11e;a9040321c3712d8fd0b09cf52b17445de04a23a10165049ae187cd39e5c86be5		RESOLVED_DECLARATION_AND_TEXT
aes@0.8.4	registry+https://github.com/rust-lang/crates.io-index	b169f7a6d4742236a0a00c541b845991d0ac43e546831af1249753ab4c3aa3a0	Cargo.lock	MIT OR Apache-2.0	RustCrypto Developers	https://github.com/RustCrypto/block-ciphers	crates.io/aes/0.8.4	a9040321c3712d8fd0b09cf52b17445de04a23a10165049ae187cd39e5c86be5;f7e8ab639afef15573680c97f796166835cbeb3865175882fea41c60d106b733		RESOLVED_DECLARATION_AND_TEXT
ahash@0.8.12	registry+https://github.com/rust-lang/crates.io-index	5a15f179cd60c4584b8a8c596927aadc462e27f2ca70c04e0071964a73ba7a75	Cargo.lock	MIT OR Apache-2.0	Tom Kaitchuck <Tom.Kaitchuck@gmail.com>	https://github.com/tkaitchuck/ahash	crates.io/ahash/0.8.12	0444c6991eead6822f7b9102e654448d51624431119546492e8b231db42c48bb;a60eea817514531668d7e00765731449fe14d059d3249e0bc93b36de45f759f2		RESOLVED_DECLARATION_AND_TEXT
aho-corasick@1.1.3	registry+https://github.com/rust-lang/crates.io-index	8e60d3430d3a69478ad0993f19238d2df97c507009a52b3c10addcd7f6bcb916	Cargo.lock	Unlicense OR MIT	Andrew Gallant <jamslam@gmail.com>	https://github.com/BurntSushi/aho-corasick	crates.io/aho-corasick/1.1.3	01c266bced4a434da0051174d6bee16a4c82cf634e2679b6155d40d75012390f;0f96a83840e146e43c0ec96a22ec1f392e0680e6c1226e6f3ba87e0740af850f		RESOLVED_DECLARATION_AND_TEXT
allocator-api2@0.2.21	registry+https://github.com/rust-lang/crates.io-index	683d7910e743518b0e34f1186f92494becacb047c7b6bf616c96772180fef923	Cargo.lock	MIT OR Apache-2.0	Zakarum <zaq.dev@icloud.com>	https://github.com/zakarumych/allocator-api2	crates.io/allocator-api2/0.2.21	20fe7b00e904ed690e3b9fd6073784d3fc428141dbd10b81c01fd143d0797f58;36516aefdc84c5d5a1e7485425913a22dbda69eb1930c5e84d6ae4972b5194b9		RESOLVED_DECLARATION_AND_TEXT
alloy-core@1.1.2	registry+https://github.com/rust-lang/crates.io-index	a3c5a28f166629752f2e7246b813cdea3243cca59aab2d4264b1fd68392c10eb	Cargo.lock	MIT OR Apache-2.0	Alloy Contributors	https://github.com/alloy-rs/core	crates.io/alloy-core/1.1.2			RESOLVED_MANIFEST_DECLARATION_NO_ADJACENT_TEXT
alloy-dyn-abi@1.1.2	PATH	NO_CHECKSUM	Cargo.lock	MIT OR Apache-2.0	Alloy Contributors	https://github.com/alloy-rs/core	vendor/alloy-dyn-abi-1.1.2-security/Cargo.toml	aeedc1d75278c10560cff108cdef5ae2ffc2a9478853654f46ffc555b9249425;dc470946f0a127507a9e577a20da1eb19eae0abc383b2be1f786f6427944f06c		RESOLVED_DECLARATION_AND_TEXT
alloy-json-abi@1.1.2	registry+https://github.com/rust-lang/crates.io-index	3ccaa79753d7bf15f06399ea76922afbfaf8d18bebed9e8fc452984b4a90dcc9	Cargo.lock	MIT OR Apache-2.0	Alloy Contributors	https://github.com/alloy-rs/core	crates.io/alloy-json-abi/1.1.2			RESOLVED_MANIFEST_DECLARATION_NO_ADJACENT_TEXT
alloy-primitives@1.1.2	registry+https://github.com/rust-lang/crates.io-index	18c35fc4b03ace65001676358ffbbaefe2a2b27ee50fe777c345082c7c888be8	Cargo.lock	MIT OR Apache-2.0	Alloy Contributors	https://github.com/alloy-rs/core	crates.io/alloy-primitives/1.1.2			RESOLVED_MANIFEST_DECLARATION_NO_ADJACENT_TEXT
alloy-rlp@0.3.3	registry+https://github.com/rust-lang/crates.io-index	cc0fac0fc16baf1f63f78b47c3d24718f3619b0714076f6a02957d808d52cbef	Cargo.lock	MIT OR Apache-2.0	Alloy Contributors	https://github.com/alloy-rs/rlp	crates.io/alloy-rlp/0.3.3			RESOLVED_MANIFEST_DECLARATION_NO_ADJACENT_TEXT
alloy-sol-macro-expander@1.4.1	registry+https://github.com/rust-lang/crates.io-index	6d792e205ed3b72f795a8044c52877d2e6b6e9b1d13f431478121d8d4eaa9028	Cargo.lock	MIT OR Apache-2.0	Alloy Contributors	https://github.com/alloy-rs/core	crates.io/alloy-sol-macro-expander/1.4.1			RESOLVED_MANIFEST_DECLARATION_NO_ADJACENT_TEXT
alloy-sol-macro-input@1.4.1	registry+https://github.com/rust-lang/crates.io-index	0bd1247a8f90b465ef3f1207627547ec16940c35597875cdc09c49d58b19693c	Cargo.lock	MIT OR Apache-2.0	Alloy Contributors	https://github.com/alloy-rs/core	crates.io/alloy-sol-macro-input/1.4.1			RESOLVED_MANIFEST_DECLARATION_NO_ADJACENT_TEXT
alloy-sol-macro@1.1.2	registry+https://github.com/rust-lang/crates.io-index	8612e0658964d616344f199ab251a49d48113992d81b92dab93ed855faa66383	Cargo.lock	MIT OR Apache-2.0	Alloy Contributors	https://github.com/alloy-rs/core	crates.io/alloy-sol-macro/1.1.2			RESOLVED_MANIFEST_DECLARATION_NO_ADJACENT_TEXT
alloy-sol-type-parser@1.4.1	registry+https://github.com/rust-lang/crates.io-index	954d1b2533b9b2c7959652df3076954ecb1122a28cc740aa84e7b0a49f6ac0a9	Cargo.lock	MIT OR Apache-2.0	Alloy Contributors	https://github.com/alloy-rs/core	crates.io/alloy-sol-type-parser/1.4.1			RESOLVED_MANIFEST_DECLARATION_NO_ADJACENT_TEXT
alloy-sol-types@1.1.2	registry+https://github.com/rust-lang/crates.io-index	584cb97bfc5746cb9dcc4def77da11694b5d6d7339be91b7480a6a68dc129387	Cargo.lock	MIT OR Apache-2.0	Alloy Contributors	https://github.com/alloy-rs/core	crates.io/alloy-sol-types/1.1.2			RESOLVED_MANIFEST_DECLARATION_NO_ADJACENT_TEXT
android_system_properties@0.1.5	registry+https://github.com/rust-lang/crates.io-index	819e7219dbd41043ac279b19830f2efc897156490d7fd6ea916720117ee66311	Cargo.lock	MIT/Apache-2.0	Nicolas Silva <nical@fastmail.com>	https://github.com/nical/android_system_properties	crates.io/android_system_properties/0.1.5	216486f29671a4262efe32af6d84a75bef398127f8c5f369b5c8305983887a06;80f275e90d799911ed3830a7f242a2ef5a4ade2092fe0aa07bfb2d2cf2f2b95e		RESOLVED_DECLARATION_AND_TEXT
anstream@0.6.21	registry+https://github.com/rust-lang/crates.io-index	43d5b281e737544384e969a5ccad3f1cdd24b48086a0fc1b2a5262a26b8f4f4a	Cargo.lock	MIT OR Apache-2.0		https://github.com/rust-cli/anstyle.git	crates.io/anstream/0.6.21	6efb0476a1cc085077ed49357026d8c173bf33017278ef440f222fb9cbcb66e6;c6596eb7be8581c18be736c846fb9173b69eccf6ef94c5135893ec56bd92ba08		RESOLVED_DECLARATION_AND_TEXT
anstyle-parse@0.2.7	registry+https://github.com/rust-lang/crates.io-index	4e7644824f0aa2c7b9384579234ef10eb7efb6a0deb83f9630a49594dd9c15c2	Cargo.lock	MIT OR Apache-2.0		https://github.com/rust-cli/anstyle.git	crates.io/anstyle-parse/0.2.7	6efb0476a1cc085077ed49357026d8c173bf33017278ef440f222fb9cbcb66e6;c6596eb7be8581c18be736c846fb9173b69eccf6ef94c5135893ec56bd92ba08		RESOLVED_DECLARATION_AND_TEXT
anstyle-query@1.1.4	registry+https://github.com/rust-lang/crates.io-index	9e231f6134f61b71076a3eab506c379d4f36122f2af15a9ff04415ea4c3339e2	Cargo.lock	MIT OR Apache-2.0		https://github.com/rust-cli/anstyle.git	crates.io/anstyle-query/1.1.4	6efb0476a1cc085077ed49357026d8c173bf33017278ef440f222fb9cbcb66e6;c6596eb7be8581c18be736c846fb9173b69eccf6ef94c5135893ec56bd92ba08		RESOLVED_DECLARATION_AND_TEXT
anstyle-wincon@3.0.10	registry+https://github.com/rust-lang/crates.io-index	3e0633414522a32ffaac8ac6cc8f748e090c5717661fddeea04219e2344f5f2a	Cargo.lock	MIT OR Apache-2.0		https://github.com/rust-cli/anstyle.git	crates.io/anstyle-wincon/3.0.10	6efb0476a1cc085077ed49357026d8c173bf33017278ef440f222fb9cbcb66e6;c6596eb7be8581c18be736c846fb9173b69eccf6ef94c5135893ec56bd92ba08		RESOLVED_DECLARATION_AND_TEXT
anstyle@1.0.13	registry+https://github.com/rust-lang/crates.io-index	5192cca8006f1fd4f7237516f40fa183bb07f8fbdfedaa0036de5ea9b0b45e78	Cargo.lock	MIT OR Apache-2.0		https://github.com/rust-cli/anstyle.git	crates.io/anstyle/1.0.13	6efb0476a1cc085077ed49357026d8c173bf33017278ef440f222fb9cbcb66e6;c6596eb7be8581c18be736c846fb9173b69eccf6ef94c5135893ec56bd92ba08		RESOLVED_DECLARATION_AND_TEXT
anyhow@1.0.100	registry+https://github.com/rust-lang/crates.io-index	a23eb6b1614318a8071c9b2521f36b424b2c83db5eb3a0fead4a6c0809af6e61	Cargo.lock	MIT OR Apache-2.0	David Tolnay <dtolnay@gmail.com>	https://github.com/dtolnay/anyhow	crates.io/anyhow/1.0.100	23f18e03dc49df91622fe2a76176497404e46ced8a715d9d2b67a7446571cca3;62c7a1e35f56406896d7aa7ca52d0cc0d272ac022b5d2796e7d6905db8a3636a		RESOLVED_DECLARATION_AND_TEXT
approx@0.5.1	registry+https://github.com/rust-lang/crates.io-index	cab112f0a86d568ea0e627cc1d6be74a1e9cd55214684db5561995f6dad897c6	Cargo.lock	Apache-2.0	Brendan Zabarauskas <bjzaba@yahoo.com.au>	https://github.com/brendanzab/approx	crates.io/approx/0.5.1	3ddf9be5c28fe27dad143a5dc76eea25222ad1dd68934a047064e56ed2fa40c5		RESOLVED_DECLARATION_AND_TEXT
aquamarine@0.5.0	registry+https://github.com/rust-lang/crates.io-index	21cc1548309245035eb18aa7f0967da6bc65587005170c56e6ef2788a4cf3f4e	Cargo.lock	MIT	Mike Lubinets <git@mkl.dev>;Frank Rehberger <frehberg@gmail.com>	https://github.com/mersinvald/aquamarine	crates.io/aquamarine/0.5.0			RESOLVED_MANIFEST_DECLARATION_NO_ADJACENT_TEXT
ark-bls12-377@0.4.0	registry+https://github.com/rust-lang/crates.io-index	fb00293ba84f51ce3bd026bd0de55899c4e68f0a39a5728cebae3a73ffdc0a4f	Cargo.lock	MIT/Apache-2.0	arkworks contributors	https://github.com/arkworks-rs/curves	crates.io/ark-bls12-377/0.4.0	8f71659370c5268d9a1dc962a46232540e8fca63462586d8efaa95aab492a208;a60eea817514531668d7e00765731449fe14d059d3249e0bc93b36de45f759f2		RESOLVED_DECLARATION_AND_TEXT
ark-bls12-381@0.4.0	registry+https://github.com/rust-lang/crates.io-index	c775f0d12169cba7aae4caeb547bb6a50781c7449a8aa53793827c9ec4abf488	Cargo.lock	MIT/Apache-2.0	arkworks contributors	https://github.com/arkworks-rs/curves	crates.io/ark-bls12-381/0.4.0	8f71659370c5268d9a1dc962a46232540e8fca63462586d8efaa95aab492a208;a60eea817514531668d7e00765731449fe14d059d3249e0bc93b36de45f759f2		RESOLVED_DECLARATION_AND_TEXT
ark-bls12-381@0.5.0	registry+https://github.com/rust-lang/crates.io-index	3df4dcc01ff89867cd86b0da835f23c3f02738353aaee7dde7495af71363b8d5	Cargo.lock	MIT OR Apache-2.0	arkworks contributors	https://github.com/arkworks-rs/algebra	crates.io/ark-bls12-381/0.5.0	8f71659370c5268d9a1dc962a46232540e8fca63462586d8efaa95aab492a208;e8d77d4bbe96e1b46ec0f40d1f12e19825e718c764bb3e9a695633ade9289f9e		RESOLVED_DECLARATION_AND_TEXT
ark-ec@0.4.2	registry+https://github.com/rust-lang/crates.io-index	defd9a439d56ac24968cca0571f598a61bc8c55f71d50a89cda591cb750670ba	Cargo.lock	MIT/Apache-2.0	arkworks contributors	https://github.com/arkworks-rs/algebra	crates.io/ark-ec/0.4.2	87291b6e44b8e9c90bf4932cc8213b00f3e9c3d22d970d59625d799292088a66;8f71659370c5268d9a1dc962a46232540e8fca63462586d8efaa95aab492a208		RESOLVED_DECLARATION_AND_TEXT
ark-ec@0.5.0	registry+https://github.com/rust-lang/crates.io-index	43d68f2d516162846c1238e755a7c4d131b892b70cc70c471a8e3ca3ed818fce	Cargo.lock	MIT OR Apache-2.0	arkworks contributors	https://github.com/arkworks-rs/algebra	crates.io/ark-ec/0.5.0	8f71659370c5268d9a1dc962a46232540e8fca63462586d8efaa95aab492a208;e8d77d4bbe96e1b46ec0f40d1f12e19825e718c764bb3e9a695633ade9289f9e		RESOLVED_DECLARATION_AND_TEXT
ark-ed-on-bls12-381-bandersnatch@0.5.0	registry+https://github.com/rust-lang/crates.io-index	1786b2e3832f6f0f7c8d62d5d5a282f6952a1ab99981c54cd52b6ac1d8f02df5	Cargo.lock	MIT OR Apache-2.0	zhenfei zhang;arkworks contributors	https://github.com/arkworks-rs/algebra	crates.io/ark-ed-on-bls12-381-bandersnatch/0.5.0	8f71659370c5268d9a1dc962a46232540e8fca63462586d8efaa95aab492a208;e8d77d4bbe96e1b46ec0f40d1f12e19825e718c764bb3e9a695633ade9289f9e		RESOLVED_DECLARATION_AND_TEXT
ark-ff-asm@0.3.0	registry+https://github.com/rust-lang/crates.io-index	db02d390bf6643fb404d3d22d31aee1c4bc4459600aef9113833d17e786c6e44	Cargo.lock	MIT/Apache-2.0	arkworks contributors	https://github.com/arkworks-rs/algebra	crates.io/ark-ff-asm/0.3.0	8f71659370c5268d9a1dc962a46232540e8fca63462586d8efaa95aab492a208;a60eea817514531668d7e00765731449fe14d059d3249e0bc93b36de45f759f2		RESOLVED_DECLARATION_AND_TEXT
ark-ff-asm@0.4.2	registry+https://github.com/rust-lang/crates.io-index	3ed4aa4fe255d0bc6d79373f7e31d2ea147bcf486cba1be5ba7ea85abdb92348	Cargo.lock	MIT/Apache-2.0	arkworks contributors	https://github.com/arkworks-rs/algebra	crates.io/ark-ff-asm/0.4.2	87291b6e44b8e9c90bf4932cc8213b00f3e9c3d22d970d59625d799292088a66;8f71659370c5268d9a1dc962a46232540e8fca63462586d8efaa95aab492a208		RESOLVED_DECLARATION_AND_TEXT
ark-ff-asm@0.5.0	registry+https://github.com/rust-lang/crates.io-index	62945a2f7e6de02a31fe400aa489f0e0f5b2502e69f95f853adb82a96c7a6b60	Cargo.lock	MIT OR Apache-2.0	arkworks contributors	https://github.com/arkworks-rs/algebra	crates.io/ark-ff-asm/0.5.0	8f71659370c5268d9a1dc962a46232540e8fca63462586d8efaa95aab492a208;e8d77d4bbe96e1b46ec0f40d1f12e19825e718c764bb3e9a695633ade9289f9e		RESOLVED_DECLARATION_AND_TEXT
ark-ff-macros@0.3.0	registry+https://github.com/rust-lang/crates.io-index	db2fd794a08ccb318058009eefdf15bcaaaaf6f8161eb3345f907222bac38b20	Cargo.lock	MIT/Apache-2.0	arkworks contributors	https://github.com/arkworks-rs/algebra	crates.io/ark-ff-macros/0.3.0	8f71659370c5268d9a1dc962a46232540e8fca63462586d8efaa95aab492a208;a60eea817514531668d7e00765731449fe14d059d3249e0bc93b36de45f759f2		RESOLVED_DECLARATION_AND_TEXT
ark-ff-macros@0.4.2	registry+https://github.com/rust-lang/crates.io-index	7abe79b0e4288889c4574159ab790824d0033b9fdcb2a112a3182fac2e514565	Cargo.lock	MIT/Apache-2.0	arkworks contributors	https://github.com/arkworks-rs/algebra	crates.io/ark-ff-macros/0.4.2	87291b6e44b8e9c90bf4932cc8213b00f3e9c3d22d970d59625d799292088a66;8f71659370c5268d9a1dc962a46232540e8fca63462586d8efaa95aab492a208		RESOLVED_DECLARATION_AND_TEXT
ark-ff-macros@0.5.0	registry+https://github.com/rust-lang/crates.io-index	09be120733ee33f7693ceaa202ca41accd5653b779563608f1234f78ae07c4b3	Cargo.lock	MIT OR Apache-2.0	arkworks contributors	https://github.com/arkworks-rs/algebra	crates.io/ark-ff-macros/0.5.0	8f71659370c5268d9a1dc962a46232540e8fca63462586d8efaa95aab492a208;e8d77d4bbe96e1b46ec0f40d1f12e19825e718c764bb3e9a695633ade9289f9e		RESOLVED_DECLARATION_AND_TEXT
ark-ff@0.3.0	registry+https://github.com/rust-lang/crates.io-index	6b3235cc41ee7a12aaaf2c575a2ad7b46713a8a50bda2fc3b003a04845c05dd6	Cargo.lock	MIT/Apache-2.0	arkworks contributors	https://github.com/arkworks-rs/algebra	crates.io/ark-ff/0.3.0	8f71659370c5268d9a1dc962a46232540e8fca63462586d8efaa95aab492a208;a60eea817514531668d7e00765731449fe14d059d3249e0bc93b36de45f759f2		RESOLVED_DECLARATION_AND_TEXT
ark-ff@0.4.2	registry+https://github.com/rust-lang/crates.io-index	ec847af850f44ad29048935519032c33da8aa03340876d351dfab5660d2966ba	Cargo.lock	MIT/Apache-2.0	arkworks contributors	https://github.com/arkworks-rs/algebra	crates.io/ark-ff/0.4.2	87291b6e44b8e9c90bf4932cc8213b00f3e9c3d22d970d59625d799292088a66;8f71659370c5268d9a1dc962a46232540e8fca63462586d8efaa95aab492a208		RESOLVED_DECLARATION_AND_TEXT
ark-ff@0.5.0	registry+https://github.com/rust-lang/crates.io-index	a177aba0ed1e0fbb62aa9f6d0502e9b46dad8c2eab04c14258a1212d2557ea70	Cargo.lock	MIT OR Apache-2.0	arkworks contributors	https://github.com/arkworks-rs/algebra	crates.io/ark-ff/0.5.0	8f71659370c5268d9a1dc962a46232540e8fca63462586d8efaa95aab492a208;e8d77d4bbe96e1b46ec0f40d1f12e19825e718c764bb3e9a695633ade9289f9e		RESOLVED_DECLARATION_AND_TEXT
ark-poly@0.4.2	registry+https://github.com/rust-lang/crates.io-index	d320bfc44ee185d899ccbadfa8bc31aab923ce1558716e1997a1e74057fe86bf	Cargo.lock	MIT/Apache-2.0	arkworks contributors	https://github.com/arkworks-rs/algebra	crates.io/ark-poly/0.4.2	87291b6e44b8e9c90bf4932cc8213b00f3e9c3d22d970d59625d799292088a66;8f71659370c5268d9a1dc962a46232540e8fca63462586d8efaa95aab492a208		RESOLVED_DECLARATION_AND_TEXT
ark-poly@0.5.0	registry+https://github.com/rust-lang/crates.io-index	579305839da207f02b89cd1679e50e67b4331e2f9294a57693e5051b7703fe27	Cargo.lock	MIT OR Apache-2.0	arkworks contributors	https://github.com/arkworks-rs/algebra	crates.io/ark-poly/0.5.0	8f71659370c5268d9a1dc962a46232540e8fca63462586d8efaa95aab492a208;e8d77d4bbe96e1b46ec0f40d1f12e19825e718c764bb3e9a695633ade9289f9e		RESOLVED_DECLARATION_AND_TEXT
ark-serialize-derive@0.4.2	registry+https://github.com/rust-lang/crates.io-index	ae3281bc6d0fd7e549af32b52511e1302185bd688fd3359fa36423346ff682ea	Cargo.lock	MIT/Apache-2.0	arkworks Contributors	https://github.com/arkworks-rs/algebra	crates.io/ark-serialize-derive/0.4.2	87291b6e44b8e9c90bf4932cc8213b00f3e9c3d22d970d59625d799292088a66;8f71659370c5268d9a1dc962a46232540e8fca63462586d8efaa95aab492a208		RESOLVED_DECLARATION_AND_TEXT
ark-serialize-derive@0.5.0	registry+https://github.com/rust-lang/crates.io-index	213888f660fddcca0d257e88e54ac05bca01885f258ccdf695bafd77031bb69d	Cargo.lock	MIT OR Apache-2.0	arkworks contributors	https://github.com/arkworks-rs/algebra	crates.io/ark-serialize-derive/0.5.0	8f71659370c5268d9a1dc962a46232540e8fca63462586d8efaa95aab492a208;e8d77d4bbe96e1b46ec0f40d1f12e19825e718c764bb3e9a695633ade9289f9e		RESOLVED_DECLARATION_AND_TEXT
ark-serialize@0.3.0	registry+https://github.com/rust-lang/crates.io-index	1d6c2b318ee6e10f8c2853e73a83adc0ccb88995aa978d8a3408d492ab2ee671	Cargo.lock	MIT/Apache-2.0	arkworks contributors	https://github.com/arkworks-rs/algebra	crates.io/ark-serialize/0.3.0	8f71659370c5268d9a1dc962a46232540e8fca63462586d8efaa95aab492a208;a60eea817514531668d7e00765731449fe14d059d3249e0bc93b36de45f759f2		RESOLVED_DECLARATION_AND_TEXT
ark-serialize@0.4.2	registry+https://github.com/rust-lang/crates.io-index	adb7b85a02b83d2f22f89bd5cac66c9c89474240cb6207cb1efc16d098e822a5	Cargo.lock	MIT/Apache-2.0	arkworks contributors	https://github.com/arkworks-rs/algebra	crates.io/ark-serialize/0.4.2	87291b6e44b8e9c90bf4932cc8213b00f3e9c3d22d970d59625d799292088a66;8f71659370c5268d9a1dc962a46232540e8fca63462586d8efaa95aab492a208		RESOLVED_DECLARATION_AND_TEXT
ark-serialize@0.5.0	registry+https://github.com/rust-lang/crates.io-index	3f4d068aaf107ebcd7dfb52bc748f8030e0fc930ac8e360146ca54c1203088f7	Cargo.lock	MIT OR Apache-2.0	arkworks contributors	https://github.com/arkworks-rs/algebra	crates.io/ark-serialize/0.5.0	8f71659370c5268d9a1dc962a46232540e8fca63462586d8efaa95aab492a208;e8d77d4bbe96e1b46ec0f40d1f12e19825e718c764bb3e9a695633ade9289f9e		RESOLVED_DECLARATION_AND_TEXT
ark-std@0.3.0	registry+https://github.com/rust-lang/crates.io-index	1df2c09229cbc5a028b1d70e00fdb2acee28b1055dfb5ca73eea49c5a25c4e7c	Cargo.lock	MIT/Apache-2.0	arkworks contributors	https://github.com/arkworks-rs/utils	crates.io/ark-std/0.3.0	8f71659370c5268d9a1dc962a46232540e8fca63462586d8efaa95aab492a208;a60eea817514531668d7e00765731449fe14d059d3249e0bc93b36de45f759f2		RESOLVED_DECLARATION_AND_TEXT
ark-std@0.4.0	registry+https://github.com/rust-lang/crates.io-index	94893f1e0c6eeab764ade8dc4c0db24caf4fe7cbbaafc0eba0a9030f447b5185	Cargo.lock	MIT/Apache-2.0	arkworks contributors	https://github.com/arkworks-rs/std	crates.io/ark-std/0.4.0	8f71659370c5268d9a1dc962a46232540e8fca63462586d8efaa95aab492a208;a60eea817514531668d7e00765731449fe14d059d3249e0bc93b36de45f759f2		RESOLVED_DECLARATION_AND_TEXT
ark-std@0.5.0	registry+https://github.com/rust-lang/crates.io-index	246a225cc6131e9ee4f24619af0f19d67761fff15d7ccc22e42b80846e69449a	Cargo.lock	MIT/Apache-2.0	arkworks contributors	https://github.com/arkworks-rs/std	crates.io/ark-std/0.5.0	8f71659370c5268d9a1dc962a46232540e8fca63462586d8efaa95aab492a208;a60eea817514531668d7e00765731449fe14d059d3249e0bc93b36de45f759f2		RESOLVED_DECLARATION_AND_TEXT
ark-transcript@0.0.3	registry+https://github.com/rust-lang/crates.io-index	47c1c928edb9d8ff24cb5dcb7651d3a98494fff3099eee95c2404cd813a9139f	Cargo.lock	MIT/Apache-2.0	Jeff Burdges <jeff@web3.foundation>	https://github.com/w3f/ark-transcript	crates.io/ark-transcript/0.0.3			RESOLVED_MANIFEST_DECLARATION_NO_ADJACENT_TEXT
ark-vrf@0.1.0	registry+https://github.com/rust-lang/crates.io-index	9501da18569b2afe0eb934fb7afd5a247d238b94116155af4dd068f319adfe6d	Cargo.lock	MIT	Davide Galassi <davxy@datawok.net>	https://github.com/davxy/ark-vrf	crates.io/ark-vrf/0.1.0	758d1460d75f7f392a57c4a906861ff2bdcc573e11badcea410ab404b868113d		RESOLVED_DECLARATION_AND_TEXT
array-bytes@6.2.3	registry+https://github.com/rust-lang/crates.io-index	5d5dde061bd34119e902bbb2d9b90c5692635cf59fb91d582c2b68043f1b8293	Cargo.lock	Apache-2.0/GPL-3.0	Xavier Lau <xavier@inv.cafe>	https://github.com/hack-ink/array-bytes	crates.io/array-bytes/6.2.3	4ac1fdbca847caf4861bfc1a4ee15ecff886845f5a51c621970cb1941027d7aa;589ed823e9a84c56feb95ac58e7cf384626b9cbf4fda2a907bc36e103de1bad2		RESOLVED_DECLARATION_AND_TEXT
array-bytes@9.1.2	registry+https://github.com/rust-lang/crates.io-index	4449507daf4f07a8c8309e122d32a53d15c9f33e77eaf01c839fea42ccd4d673	Cargo.lock	Apache-2.0/GPL-3.0	Xavier Lau <x@acg.box>	https://github.com/hack-ink/array-bytes	crates.io/array-bytes/9.1.2	4ac1fdbca847caf4861bfc1a4ee15ecff886845f5a51c621970cb1941027d7aa;589ed823e9a84c56feb95ac58e7cf384626b9cbf4fda2a907bc36e103de1bad2		RESOLVED_DECLARATION_AND_TEXT
arrayref@0.3.9	registry+https://github.com/rust-lang/crates.io-index	76a2e8124351fda1ef8aaaa3bbd7ebbcb486bbcd4225aca0aa0d84bb2db8fecb	Cargo.lock	BSD-2-Clause	David Roundy <roundyd@physics.oregonstate.edu>	https://github.com/droundy/arrayref	crates.io/arrayref/0.3.9	1bc7e6f475b3ec99b7e2643411950ae2368c250dd4c5c325f80f9811362a94a1		RESOLVED_DECLARATION_AND_TEXT
arrayvec@0.4.12	registry+https://github.com/rust-lang/crates.io-index	cd9fd44efafa8690358b7408d253adf110036b88f55672a933f01d616ad9b1b9	Cargo.lock	MIT/Apache-2.0	bluss	https://github.com/bluss/arrayvec	crates.io/arrayvec/0.4.12	0245ee104228a100ce5fceecf43e25faae450494d9173f43fd94c27d69fdac13;a60eea817514531668d7e00765731449fe14d059d3249e0bc93b36de45f759f2		RESOLVED_DECLARATION_AND_TEXT
arrayvec@0.7.6	registry+https://github.com/rust-lang/crates.io-index	7c02d123df017efcdfbd739ef81735b36c5ba83ec3c59c80a9d7ecc718f92e50	Cargo.lock	MIT OR Apache-2.0	bluss	https://github.com/bluss/arrayvec	crates.io/arrayvec/0.7.6	4da95ec4ecb65b738d470b7d762894ad9c97da93e6cbfb18b570fc2c96f4b871;a60eea817514531668d7e00765731449fe14d059d3249e0bc93b36de45f759f2		RESOLVED_DECLARATION_AND_TEXT
asn1-rs-derive@0.5.1	registry+https://github.com/rust-lang/crates.io-index	965c2d33e53cb6b267e148a4cb0760bc01f4904c1cd4bb4002a085bb016d1490	Cargo.lock	MIT OR Apache-2.0	Pierre Chifflier <chifflier@wzdftpd.net>	https://github.com/rusticata/asn1-rs.git	crates.io/asn1-rs-derive/0.5.1	a5c61b93b6ee1d104af9920cf020ff3c7efe818e31fe562c72261847a728f513;a60eea817514531668d7e00765731449fe14d059d3249e0bc93b36de45f759f2		RESOLVED_DECLARATION_AND_TEXT
asn1-rs-derive@0.6.0	registry+https://github.com/rust-lang/crates.io-index	3109e49b1e4909e9db6515a30c633684d68cdeaa252f215214cb4fa1a5bfee2c	Cargo.lock	MIT OR Apache-2.0	Pierre Chifflier <chifflier@wzdftpd.net>	https://github.com/rusticata/asn1-rs.git	crates.io/asn1-rs-derive/0.6.0	a5c61b93b6ee1d104af9920cf020ff3c7efe818e31fe562c72261847a728f513;a60eea817514531668d7e00765731449fe14d059d3249e0bc93b36de45f759f2		RESOLVED_DECLARATION_AND_TEXT
asn1-rs-impl@0.2.0	registry+https://github.com/rust-lang/crates.io-index	7b18050c2cd6fe86c3a76584ef5e0baf286d038cda203eb6223df2cc413565f7	Cargo.lock	MIT/Apache-2.0	Pierre Chifflier <chifflier@wzdftpd.net>	https://github.com/rusticata/asn1-rs.git	crates.io/asn1-rs-impl/0.2.0			RESOLVED_MANIFEST_DECLARATION_NO_ADJACENT_TEXT
asn1-rs@0.6.2	registry+https://github.com/rust-lang/crates.io-index	5493c3bedbacf7fd7382c6346bbd66687d12bbaad3a89a2d2c303ee6cf20b048	Cargo.lock	MIT OR Apache-2.0	Pierre Chifflier <chifflier@wzdftpd.net>	https://github.com/rusticata/asn1-rs.git	crates.io/asn1-rs/0.6.2	a5c61b93b6ee1d104af9920cf020ff3c7efe818e31fe562c72261847a728f513;a60eea817514531668d7e00765731449fe14d059d3249e0bc93b36de45f759f2		RESOLVED_DECLARATION_AND_TEXT
asn1-rs@0.7.1	registry+https://github.com/rust-lang/crates.io-index	56624a96882bb8c26d61312ae18cb45868e5a9992ea73c58e45c3101e56a1e60	Cargo.lock	MIT OR Apache-2.0	Pierre Chifflier <chifflier@wzdftpd.net>	https://github.com/rusticata/asn1-rs.git	crates.io/asn1-rs/0.7.1	a5c61b93b6ee1d104af9920cf020ff3c7efe818e31fe562c72261847a728f513;a60eea817514531668d7e00765731449fe14d059d3249e0bc93b36de45f759f2		RESOLVED_DECLARATION_AND_TEXT
async-channel@1.9.0	registry+https://github.com/rust-lang/crates.io-index	81953c529336010edd6d8e358f886d9581267795c61b19475b71314bffa46d35	Cargo.lock	Apache-2.0 OR MIT	Stjepan Glavina <stjepang@gmail.com>	https://github.com/smol-rs/async-channel	crates.io/async-channel/1.9.0	23f18e03dc49df91622fe2a76176497404e46ced8a715d9d2b67a7446571cca3;a60eea817514531668d7e00765731449fe14d059d3249e0bc93b36de45f759f2		RESOLVED_DECLARATION_AND_TEXT
async-channel@2.5.0	registry+https://github.com/rust-lang/crates.io-index	924ed96dd52d1b75e9c1a3e6275715fd320f5f9439fb5a4a11fa51f4221158d2	Cargo.lock	Apache-2.0 OR MIT	Stjepan Glavina <stjepang@gmail.com>	https://github.com/smol-rs/async-channel	crates.io/async-channel/2.5.0	23f18e03dc49df91622fe2a76176497404e46ced8a715d9d2b67a7446571cca3;a60eea817514531668d7e00765731449fe14d059d3249e0bc93b36de45f759f2		RESOLVED_DECLARATION_AND_TEXT
async-executor@1.13.3	registry+https://github.com/rust-lang/crates.io-index	497c00e0fd83a72a79a39fcbd8e3e2f055d6f6c7e025f3b3d91f4f8e76527fb8	Cargo.lock	Apache-2.0 OR MIT	Stjepan Glavina <stjepang@gmail.com>;John Nunley <dev@notgull.net>	https://github.com/smol-rs/async-executor	crates.io/async-executor/1.13.3	23f18e03dc49df91622fe2a76176497404e46ced8a715d9d2b67a7446571cca3;a60eea817514531668d7e00765731449fe14d059d3249e0bc93b36de45f759f2		RESOLVED_DECLARATION_AND_TEXT
async-fs@2.2.0	registry+https://github.com/rust-lang/crates.io-index	8034a681df4aed8b8edbd7fbe472401ecf009251c8b40556b304567052e294c5	Cargo.lock	Apache-2.0 OR MIT	Stjepan Glavina <stjepang@gmail.com>	https://github.com/smol-rs/async-fs	crates.io/async-fs/2.2.0	23f18e03dc49df91622fe2a76176497404e46ced8a715d9d2b67a7446571cca3;a60eea817514531668d7e00765731449fe14d059d3249e0bc93b36de45f759f2		RESOLVED_DECLARATION_AND_TEXT
async-io@2.6.0	registry+https://github.com/rust-lang/crates.io-index	456b8a8feb6f42d237746d4b3e9a178494627745c3c56c6ea55d92ba50d026fc	Cargo.lock	Apache-2.0 OR MIT	Stjepan Glavina <stjepang@gmail.com>	https://github.com/smol-rs/async-io	crates.io/async-io/2.6.0	23f18e03dc49df91622fe2a76176497404e46ced8a715d9d2b67a7446571cca3;a60eea817514531668d7e00765731449fe14d059d3249e0bc93b36de45f759f2		RESOLVED_DECLARATION_AND_TEXT
async-lock@3.4.1	registry+https://github.com/rust-lang/crates.io-index	5fd03604047cee9b6ce9de9f70c6cd540a0520c813cbd49bae61f33ab80ed1dc	Cargo.lock	Apache-2.0 OR MIT	Stjepan Glavina <stjepang@gmail.com>	https://github.com/smol-rs/async-lock	crates.io/async-lock/3.4.1	23f18e03dc49df91622fe2a76176497404e46ced8a715d9d2b67a7446571cca3;a60eea817514531668d7e00765731449fe14d059d3249e0bc93b36de45f759f2		RESOLVED_DECLARATION_AND_TEXT
async-net@2.0.0	registry+https://github.com/rust-lang/crates.io-index	b948000fad4873c1c9339d60f2623323a0cfd3816e5181033c6a5cb68b2accf7	Cargo.lock	Apache-2.0 OR MIT	Stjepan Glavina <stjepang@gmail.com>	https://github.com/smol-rs/async-net	crates.io/async-net/2.0.0	23f18e03dc49df91622fe2a76176497404e46ced8a715d9d2b67a7446571cca3;a60eea817514531668d7e00765731449fe14d059d3249e0bc93b36de45f759f2		RESOLVED_DECLARATION_AND_TEXT
async-process@2.5.0	registry+https://github.com/rust-lang/crates.io-index	fc50921ec0055cdd8a16de48773bfeec5c972598674347252c0399676be7da75	Cargo.lock	Apache-2.0 OR MIT	Stjepan Glavina <stjepang@gmail.com>	https://github.com/smol-rs/async-process	crates.io/async-process/2.5.0	23f18e03dc49df91622fe2a76176497404e46ced8a715d9d2b67a7446571cca3;a60eea817514531668d7e00765731449fe14d059d3249e0bc93b36de45f759f2		RESOLVED_DECLARATION_AND_TEXT
async-signal@0.2.13	registry+https://github.com/rust-lang/crates.io-index	43c070bbf59cd3570b6b2dd54cd772527c7c3620fce8be898406dd3ed6adc64c	Cargo.lock	Apache-2.0 OR MIT	John Nunley <dev@notgull.net>	https://github.com/smol-rs/async-signal	crates.io/async-signal/0.2.13	23f18e03dc49df91622fe2a76176497404e46ced8a715d9d2b67a7446571cca3;a60eea817514531668d7e00765731449fe14d059d3249e0bc93b36de45f759f2		RESOLVED_DECLARATION_AND_TEXT
async-task@4.7.1	registry+https://github.com/rust-lang/crates.io-index	8b75356056920673b02621b35afd0f7dda9306d03c79a30f5c56c44cf256e3de	Cargo.lock	Apache-2.0 OR MIT	Stjepan Glavina <stjepang@gmail.com>	https://github.com/smol-rs/async-task	crates.io/async-task/4.7.1	23f18e03dc49df91622fe2a76176497404e46ced8a715d9d2b67a7446571cca3;a60eea817514531668d7e00765731449fe14d059d3249e0bc93b36de45f759f2		RESOLVED_DECLARATION_AND_TEXT
async-trait@0.1.89	registry+https://github.com/rust-lang/crates.io-index	9035ad2d096bed7955a320ee7e2230574d28fd3c3a0f186cbea1ff3c7eed5dbb	Cargo.lock	MIT OR Apache-2.0	David Tolnay <dtolnay@gmail.com>	https://github.com/dtolnay/async-trait	crates.io/async-trait/0.1.89	23f18e03dc49df91622fe2a76176497404e46ced8a715d9d2b67a7446571cca3;62c7a1e35f56406896d7aa7ca52d0cc0d272ac022b5d2796e7d6905db8a3636a		RESOLVED_DECLARATION_AND_TEXT
asynchronous-codec@0.6.2	registry+https://github.com/rust-lang/crates.io-index	4057f2c32adbb2fc158e22fb38433c8e9bbf76b75a4732c7c0cbaf695fb65568	Cargo.lock	MIT	Max Inden <mail@max-inden.de>	https://github.com/mxinden/asynchronous-codec	crates.io/asynchronous-codec/0.6.2	c0d9430a95a7361e240f58e840a5bb3949483bb2c58075320f30cb94eb593d0d		RESOLVED_DECLARATION_AND_TEXT
asynchronous-codec@0.7.0	registry+https://github.com/rust-lang/crates.io-index	a860072022177f903e59730004fb5dc13db9275b79bb2aef7ba8ce831956c233	Cargo.lock	MIT	Max Inden <mail@max-inden.de>	https://github.com/mxinden/asynchronous-codec	crates.io/asynchronous-codec/0.7.0	c0d9430a95a7361e240f58e840a5bb3949483bb2c58075320f30cb94eb593d0d		RESOLVED_DECLARATION_AND_TEXT
atomic-take@1.1.0	registry+https://github.com/rust-lang/crates.io-index	a8ab6b55fe97976e46f91ddbed8d147d966475dc29b2032757ba47e02376fbc3	Cargo.lock	MIT	Alice Ryhl <alice@ryhl.io>	https://github.com/Darksonn/atomic-take	crates.io/atomic-take/1.1.0	ea14ab5236f052be2bf7d55689f82c2bc74fefbd8a39f01ff5c2d5b3992c659d		RESOLVED_DECLARATION_AND_TEXT
atomic-waker@1.1.2	registry+https://github.com/rust-lang/crates.io-index	1505bd5d3d116872e7271a6d4e16d81d0c8570876c8de68093a09ac269d8aac0	Cargo.lock	Apache-2.0 OR MIT	Stjepan Glavina <stjepang@gmail.com>;Contributors to futures-rs	https://github.com/smol-rs/atomic-waker	crates.io/atomic-waker/1.1.2	23f18e03dc49df91622fe2a76176497404e46ced8a715d9d2b67a7446571cca3;6226d0632e2e1a80c23597e964da9812ae193c535fe058154afb034e94167aa5;a60eea817514531668d7e00765731449fe14d059d3249e0bc93b36de45f759f2		RESOLVED_DECLARATION_AND_TEXT
attohttpc@0.24.1	registry+https://github.com/rust-lang/crates.io-index	8d9a9bf8b79a749ee0b911b91b671cc2b6c670bdbc7e3dfd537576ddc94bb2a2	Cargo.lock	MPL-2.0	Simon Bernier St-Pierre <git@sbstp.ca>	https://github.com/sbstp/attohttpc	crates.io/attohttpc/0.24.1	f77c12e42245743c6ab960c67fd81715ba7a5149f35836365d442328a69d55c2		RESOLVED_DECLARATION_AND_TEXT
auto_impl@1.1.0	registry+https://github.com/rust-lang/crates.io-index	fee3da8ef1276b0bee5dd1c7258010d8fffd31801447323115a25560e1327b89	Cargo.lock	MIT OR Apache-2.0	Ashley Mannix <ashleymannix@live.com.au>;Lukas Kalbertodt <lukas.kalbertodt@gmail.com>	https://github.com/auto-impl-rs/auto_impl/	crates.io/auto_impl/1.1.0	8173d5c29b4f956d532781d2b86e4e30f83e6b7878dce18c919451d6ba707c90;aecd978992e074f652c672cc628d9f37846ac9ffdc5365c7c5b31e8d89f7a621		RESOLVED_DECLARATION_AND_TEXT
autocfg@1.5.0	registry+https://github.com/rust-lang/crates.io-index	c08606f8c3cbf4ce6ec8e28fb0014a2c086708fe954eaa885384a6165172e7e8	Cargo.lock	Apache-2.0 OR MIT	Josh Stone <cuviper@gmail.com>	https://github.com/cuviper/autocfg	crates.io/autocfg/1.5.0	27995d58ad5c1145c1a8cd86244ce844886958a35eb2b78c6b772748669999ac;a60eea817514531668d7e00765731449fe14d059d3249e0bc93b36de45f759f2		RESOLVED_DECLARATION_AND_TEXT
backtrace@0.3.76	registry+https://github.com/rust-lang/crates.io-index	bb531853791a215d7c62a30daf0dde835f381ab5de4589cfe7c649d2cbe92bd6	Cargo.lock	MIT OR Apache-2.0	The Rust Project Developers	https://github.com/rust-lang/backtrace-rs	crates.io/backtrace/0.3.76	378f5840b258e2779c39418f3f2d7b2ba96f1c7917dd6be0713f88305dbda397;a60eea817514531668d7e00765731449fe14d059d3249e0bc93b36de45f759f2		RESOLVED_DECLARATION_AND_TEXT
base-x@0.2.11	registry+https://github.com/rust-lang/crates.io-index	4cbbc9d0964165b47557570cce6c952866c2678457aca742aafc9fb771d30270	Cargo.lock	MIT	Alex R. <alexei.rudenko@gmail.com>	https://github.com/OrKoN/base-x-rs	crates.io/base-x/0.2.11	a2adeac53cf61886406267e5b5e3668f5df9a1ffc11199d451bcf0970146814d		RESOLVED_DECLARATION_AND_TEXT
base16ct@0.2.0	registry+https://github.com/rust-lang/crates.io-index	4c7f02d4ea65f2c1853089ffd8d2787bdbc63de2f0d29dedbcf8ccdfa0ccd4cf	Cargo.lock	Apache-2.0 OR MIT	RustCrypto Developers	https://github.com/RustCrypto/formats/tree/master/base16ct	crates.io/base16ct/0.2.0	0aa8963e105e8b6e02f634484145d4e5b0f42d0a6dd05c16f8148f033383adef;a9040321c3712d8fd0b09cf52b17445de04a23a10165049ae187cd39e5c86be5		RESOLVED_DECLARATION_AND_TEXT
base256emoji@1.0.2	registry+https://github.com/rust-lang/crates.io-index	b5e9430d9a245a77c92176e649af6e275f20839a48389859d1661e9a128d077c	Cargo.lock	MIT		https://github.com/Jorropo/base256emoji/	crates.io/base256emoji/1.0.2			RESOLVED_MANIFEST_DECLARATION_NO_ADJACENT_TEXT
base58@0.2.0	registry+https://github.com/rust-lang/crates.io-index	6107fe1be6682a68940da878d9e9f5e90ca5745b3dec9fd1bb393c8777d4f581	Cargo.lock	MIT	debris <marek.kotewicz@gmail.com>	https://github.com/debris/base58	crates.io/base58/0.2.0			RESOLVED_MANIFEST_DECLARATION_NO_ADJACENT_TEXT
base64@0.21.7	registry+https://github.com/rust-lang/crates.io-index	9d297deb1925b89f2ccc13d7635fa0714f12c87adce1c75356b39ca9b7178567	Cargo.lock	MIT OR Apache-2.0	Alice Maz <alice@alicemaz.com>;Marshall Pierce <marshall@mpierce.org>	https://github.com/marshallpierce/rust-base64	crates.io/base64/0.21.7	0dd882e53de11566d50f8e8e2d5a651bcf3fabee4987d70f306233cf39094ba7;a60eea817514531668d7e00765731449fe14d059d3249e0bc93b36de45f759f2		RESOLVED_DECLARATION_AND_TEXT
base64@0.22.1	registry+https://github.com/rust-lang/crates.io-index	72b3254f16251a8381aa12e40e3c4d2f0199f8c6508fbecb9d91f575e0fbb8c6	Cargo.lock	MIT OR Apache-2.0	Marshall Pierce <marshall@mpierce.org>	https://github.com/marshallpierce/rust-base64	crates.io/base64/0.22.1	0dd882e53de11566d50f8e8e2d5a651bcf3fabee4987d70f306233cf39094ba7;a60eea817514531668d7e00765731449fe14d059d3249e0bc93b36de45f759f2		RESOLVED_DECLARATION_AND_TEXT
base64ct@1.8.0	registry+https://github.com/rust-lang/crates.io-index	55248b47b0caf0546f7988906588779981c43bb1bc9d0c44087278f80cdb44ba	Cargo.lock	Apache-2.0 OR MIT	RustCrypto Developers	https://github.com/RustCrypto/formats	crates.io/base64ct/1.8.0	2d1c57bff28344b9e698f51063bc8509799cc4c99a4e0cf2aa3f7e7c3e1f9a9d;a9040321c3712d8fd0b09cf52b17445de04a23a10165049ae187cd39e5c86be5		RESOLVED_DECLARATION_AND_TEXT
binary-merkle-tree@16.0.0	git+https://github.com/paritytech/polkadot-sdk?tag=polkadot-v1.19.1#f3969c7ddd34985e6e709ed458bcc519f651682a	NO_CHECKSUM	Cargo.lock	Apache-2.0	Parity Technologies <admin@parity.io>	https://github.com/paritytech/polkadot-sdk.git	polkadot-sdk@f3969c7ddd34985e6e709ed458bcc519f651682a/substrate/utils/binary-merkle-tree/Cargo.toml	aab56b4a581fc1c50b7c782eacf2fc8be05a47cd98e4bf4d836dd9b6dd9c86f4;e93d18cb209947d5e75300c9cd9043e1e680034bcd7df0635e1012cc8d8311ab		RESOLVED_DECLARATION_AND_TEXT
bincode@1.3.3	registry+https://github.com/rust-lang/crates.io-index	b1f45e9417d87227c7a56d22e471c6206462cba514c7590c09aff4cf6d1ddcad	Cargo.lock	MIT	Ty Overby <ty@pre-alpha.com>;Francesco Mazzoli <f@mazzo.li>;David Tolnay <dtolnay@gmail.com>;Zoey Riordan <zoey@dos.cafe>	https://github.com/servo/bincode	crates.io/bincode/1.3.3	237710d4c9dd8eb7fead2c9c433be493a878f547d1093812feff43d18abe5896		RESOLVED_DECLARATION_AND_TEXT
bindgen@0.65.1	registry+https://github.com/rust-lang/crates.io-index	cfdf7b466f9a4903edc73f95d6d2bcd5baf8ae620638762244d3f60143643cc5	Cargo.lock	BSD-3-Clause	Jyun-Yan You <jyyou.tw@gmail.com>;Emilio Cobos Álvarez <emilio@crisal.io>;Nick Fitzgerald <fitzgen@gmail.com>;The Servo project developers	https://github.com/rust-lang/rust-bindgen	crates.io/bindgen/0.65.1	c23953d9deb0a3312dbeaf6c128a657f3591acee45067612fa68405eaa4525db		RESOLVED_DECLARATION_AND_TEXT
bip32@0.5.3	registry+https://github.com/rust-lang/crates.io-index	db40d3dfbeab4e031d78c844642fa0caa0b0db11ce1607ac9d2986dff1405c69	Cargo.lock	Apache-2.0 OR MIT	Tony Arcieri <tony@iqlusion.io>	https://github.com/iqlusioninc/crates/tree/main/bip32	crates.io/bip32/0.5.3	45bfd35614d2fab20e9da46689e73f55d09a45084741f731690eb995ebaaa695;cfc7749b96f63bd31c3c42b5c471bf756814053e847c10f3eb003417bc523d30		RESOLVED_DECLARATION_AND_TEXT
bip39@2.2.0	registry+https://github.com/rust-lang/crates.io-index	43d193de1f7487df1914d3a568b772458861d33f9c54249612cc2893d6915054	Cargo.lock	CC0-1.0	Steven Roose <steven@stevenroose.org>	https://github.com/rust-bitcoin/rust-bip39/	crates.io/bip39/2.2.0	7179683e8000e6bdc9bbc60d85edf0a4ac8e76f951857f54fcb775d5886f1309		RESOLVED_DECLARATION_AND_TEXT
bit-set@0.8.0	registry+https://github.com/rust-lang/crates.io-index	08807e080ed7f9d5433fa9b275196cfc35414f66a0c79d864dc51a0d825231a3	Cargo.lock	Apache-2.0 OR MIT	Alexis Beingessner <a.beingessner@gmail.com>	https://github.com/contain-rs/bit-set	crates.io/bit-set/0.8.0	8173d5c29b4f956d532781d2b86e4e30f83e6b7878dce18c919451d6ba707c90;f51ac2c59a222f7476ce507ca879960e2b64ea64bb2786eefdbeb7b0b538d1b7		RESOLVED_DECLARATION_AND_TEXT
bit-vec@0.8.0	registry+https://github.com/rust-lang/crates.io-index	5e764a1d40d510daf35e07be9eb06e75770908c27d411ee6c92109c9840eaaf7	Cargo.lock	Apache-2.0 OR MIT	Alexis Beingessner <a.beingessner@gmail.com>	https://github.com/contain-rs/bit-vec	crates.io/bit-vec/0.8.0	8173d5c29b4f956d532781d2b86e4e30f83e6b7878dce18c919451d6ba707c90;f51ac2c59a222f7476ce507ca879960e2b64ea64bb2786eefdbeb7b0b538d1b7		RESOLVED_DECLARATION_AND_TEXT
bitcoin-internals@0.2.0	registry+https://github.com/rust-lang/crates.io-index	9425c3bf7089c983facbae04de54513cce73b41c7f9ff8c845b54e7bc64ebbfb	Cargo.lock	CC0-1.0	Andrew Poelstra <apoelstra@wpsoftware.net>;The Rust Bitcoin developers	https://github.com/rust-bitcoin/rust-bitcoin/	crates.io/bitcoin-internals/0.2.0			RESOLVED_MANIFEST_DECLARATION_NO_ADJACENT_TEXT
bitcoin-io@0.1.3	registry+https://github.com/rust-lang/crates.io-index	0b47c4ab7a93edb0c7198c5535ed9b52b63095f4e9b45279c6736cec4b856baf	Cargo.lock	CC0-1.0	Matt Corallo <birchneutea@mattcorallo.com>	https://github.com/rust-bitcoin/rust-bitcoin	crates.io/bitcoin-io/0.1.3			RESOLVED_MANIFEST_DECLARATION_NO_ADJACENT_TEXT
bitcoin_hashes@0.13.0	registry+https://github.com/rust-lang/crates.io-index	1930a4dabfebb8d7d9992db18ebe3ae2876f0a305fab206fd168df931ede293b	Cargo.lock	CC0-1.0	Andrew Poelstra <apoelstra@wpsoftware.net>	https://github.com/rust-bitcoin/rust-bitcoin	crates.io/bitcoin_hashes/0.13.0			RESOLVED_MANIFEST_DECLARATION_NO_ADJACENT_TEXT
bitcoin_hashes@0.14.0	registry+https://github.com/rust-lang/crates.io-index	bb18c03d0db0247e147a21a6faafd5a7eb851c743db062de72018b6b7e8e4d16	Cargo.lock	CC0-1.0	Andrew Poelstra <apoelstra@wpsoftware.net>	https://github.com/rust-bitcoin/rust-bitcoin	crates.io/bitcoin_hashes/0.14.0			RESOLVED_MANIFEST_DECLARATION_NO_ADJACENT_TEXT
bitflags@1.3.2	registry+https://github.com/rust-lang/crates.io-index	bef38d45163c2f1dde094a7dfd33ccf595c92905c8f8f4fdc18d06fb1037718a	Cargo.lock	MIT/Apache-2.0	The Rust Project Developers	https://github.com/bitflags/bitflags	crates.io/bitflags/1.3.2	6485b8ed310d3f0340bf1ad1f47645069ce4069dcc6bb46c7d5c6faf41de1fdb;a60eea817514531668d7e00765731449fe14d059d3249e0bc93b36de45f759f2		RESOLVED_DECLARATION_AND_TEXT
bitflags@2.10.0	registry+https://github.com/rust-lang/crates.io-index	812e12b5285cc515a9c72a5c1d3b6d46a19dac5acfef5265968c166106e31dd3	Cargo.lock	MIT OR Apache-2.0	The Rust Project Developers	https://github.com/bitflags/bitflags	crates.io/bitflags/2.10.0	6485b8ed310d3f0340bf1ad1f47645069ce4069dcc6bb46c7d5c6faf41de1fdb;a60eea817514531668d7e00765731449fe14d059d3249e0bc93b36de45f759f2		RESOLVED_DECLARATION_AND_TEXT
bitvec@1.0.1	registry+https://github.com/rust-lang/crates.io-index	1bc2832c24239b0141d5674bb9174f9d68a8b5b3f2753311927c172ca46f7e9c	Cargo.lock	MIT		https://github.com/bitvecto-rs/bitvec	crates.io/bitvec/1.0.1	411781fd38700f2357a14126d0ab048164ab881f1dcb335c1bb932e232c9a2f5		RESOLVED_DECLARATION_AND_TEXT
blake2-rfc@0.2.18	registry+https://github.com/rust-lang/crates.io-index	5d6d530bdd2d52966a6d03b7a964add7ae1a288d25214066fd4b600f0f796400	Cargo.lock	MIT OR Apache-2.0	Cesar Eduardo Barros <cesarb@cesarb.eti.br>	https://github.com/cesarb/blake2-rfc	crates.io/blake2-rfc/0.2.18	7a0be909999be46205baa279098b28399a421ec00c15ed9b838683ff94a92605;c6596eb7be8581c18be736c846fb9173b69eccf6ef94c5135893ec56bd92ba08		RESOLVED_DECLARATION_AND_TEXT
blake2@0.10.6	registry+https://github.com/rust-lang/crates.io-index	46502ad458c9a52b69d4d4d32775c788b7a1b85e8bc9d482d92250fc0e3f8efe	Cargo.lock	MIT OR Apache-2.0	RustCrypto Developers	https://github.com/RustCrypto/hashes	crates.io/blake2/0.10.6	9c768944eb4a0422ca2efc25ea9fb2fb9e7fbd3fdb04e86b87366339cb7466db;a9040321c3712d8fd0b09cf52b17445de04a23a10165049ae187cd39e5c86be5		RESOLVED_DECLARATION_AND_TEXT
blake2@0.8.1	registry+https://github.com/rust-lang/crates.io-index	94cb07b0da6a73955f8fb85d24c466778e70cda767a568229b104f0264089330	Cargo.lock	MIT OR Apache-2.0	RustCrypto Developers	https://github.com/RustCrypto/hashes	crates.io/blake2/0.8.1	9c768944eb4a0422ca2efc25ea9fb2fb9e7fbd3fdb04e86b87366339cb7466db;a9040321c3712d8fd0b09cf52b17445de04a23a10165049ae187cd39e5c86be5		RESOLVED_DECLARATION_AND_TEXT
blake2b_simd@1.0.3	registry+https://github.com/rust-lang/crates.io-index	06e903a20b159e944f91ec8499fe1e55651480c541ea0a584f5d967c49ad9d99	Cargo.lock	MIT	Jack O'Connor	https://github.com/oconnor663/blake2_simd	crates.io/blake2b_simd/1.0.3			RESOLVED_MANIFEST_DECLARATION_NO_ADJACENT_TEXT
blake2s_simd@1.0.3	registry+https://github.com/rust-lang/crates.io-index	e90f7deecfac93095eb874a40febd69427776e24e1bd7f87f33ac62d6f0174df	Cargo.lock	MIT	Jack O'Connor	https://github.com/oconnor663/blake2_simd	crates.io/blake2s_simd/1.0.3			RESOLVED_MANIFEST_DECLARATION_NO_ADJACENT_TEXT
blake3@1.8.2	registry+https://github.com/rust-lang/crates.io-index	3888aaa89e4b2a40fca9848e400f6a658a5a3978de7be858e209cafa8be9a4a0	Cargo.lock	CC0-1.0 OR Apache-2.0 OR Apache-2.0 WITH LLVM-exception	Jack O'Connor <oconnor663@gmail.com>;Samuel Neves	https://github.com/BLAKE3-team/BLAKE3	crates.io/blake3/1.8.2	00fcc7a934ddbc9ece2a7cc063ac788e284b703b1d705ccbba72d462aa97921e;a2010f343487d3f7618affe54f789f5487602331c0a8d03f49e9a7c547cf0499;a5695f57ea0c221e0e8b7d784ff774c35e88c3d3270353646a925880bb3492cc		RESOLVED_DECLARATION_AND_TEXT
block-buffer@0.10.4	registry+https://github.com/rust-lang/crates.io-index	3078c7629b62d3f0439517fa394996acacc5cbc91c5a20d8c658e77abd503a71	Cargo.lock	MIT OR Apache-2.0	RustCrypto Developers	https://github.com/RustCrypto/utils	crates.io/block-buffer/0.10.4	a9040321c3712d8fd0b09cf52b17445de04a23a10165049ae187cd39e5c86be5;d5c22aa3118d240e877ad41c5d9fa232f9c77d757d4aac0c2f943afc0a95e0ef		RESOLVED_DECLARATION_AND_TEXT
block-buffer@0.9.0	registry+https://github.com/rust-lang/crates.io-index	4152116fd6e9dadb291ae18fc1ec3575ed6d84c29642d97890f4b4a3417297e4	Cargo.lock	MIT OR Apache-2.0	RustCrypto Developers	https://github.com/RustCrypto/utils	crates.io/block-buffer/0.9.0	a9040321c3712d8fd0b09cf52b17445de04a23a10165049ae187cd39e5c86be5;d5c22aa3118d240e877ad41c5d9fa232f9c77d757d4aac0c2f943afc0a95e0ef		RESOLVED_DECLARATION_AND_TEXT
blocking@1.6.2	registry+https://github.com/rust-lang/crates.io-index	e83f8d02be6967315521be875afa792a316e28d57b5a2d401897e2a7921b7f21	Cargo.lock	Apache-2.0 OR MIT	Stjepan Glavina <stjepang@gmail.com>	https://github.com/smol-rs/blocking	crates.io/blocking/1.6.2	23f18e03dc49df91622fe2a76176497404e46ced8a715d9d2b67a7446571cca3;a60eea817514531668d7e00765731449fe14d059d3249e0bc93b36de45f759f2		RESOLVED_DECLARATION_AND_TEXT
bounded-collections@0.2.4	registry+https://github.com/rust-lang/crates.io-index	64ad8a0bed7827f0b07a5d23cec2e58cc02038a99e4ca81616cb2bb2025f804d	Cargo.lock	MIT OR Apache-2.0	Parity Technologies <admin@parity.io>	https://github.com/paritytech/parity-common	crates.io/bounded-collections/0.2.4			RESOLVED_MANIFEST_DECLARATION_NO_ADJACENT_TEXT
bounded-vec@0.7.1	registry+https://github.com/rust-lang/crates.io-index	68534a48cbf63a4b1323c433cf21238c9ec23711e0df13b08c33e5c2082663ce	Cargo.lock	CC0-1.0	Denys Zadorozhnyi <denys@zadorozhnyi.com>	https://github.com/ergoplatform/bounded-vec	crates.io/bounded-vec/0.7.1	a2010f343487d3f7618affe54f789f5487602331c0a8d03f49e9a7c547cf0499		RESOLVED_DECLARATION_AND_TEXT
bs58@0.5.1	registry+https://github.com/rust-lang/crates.io-index	bf88ba1141d185c399bee5288d850d63b8369520c1eafc32a0430b5b6c287bf4	Cargo.lock	MIT/Apache-2.0		https://github.com/Nullus157/bs58-rs	crates.io/bs58/0.5.1	42d3bf7e7d4d49d72c0555d14ed99c3ee7ce9ce3cbffbc38bbafe8c103f50969;a60eea817514531668d7e00765731449fe14d059d3249e0bc93b36de45f759f2		RESOLVED_DECLARATION_AND_TEXT
build-helper@0.1.1	registry+https://github.com/rust-lang/crates.io-index	bdce191bf3fa4995ce948c8c83b4640a1745457a149e73c6db75b4ffe36aad5f	Cargo.lock	MIT/Apache-2.0	Daniel Keep <daniel.keep@gmail.com>	https://github.com/DanielKeep/rust-build-helper	crates.io/build-helper/0.1.1	b4c7c5e27538b742b4fbccf48c12d97cab9a00de9070e574ecb016f42708b2e1		RESOLVED_DECLARATION_AND_TEXT
bumpalo@3.19.0	registry+https://github.com/rust-lang/crates.io-index	46c5e41b57b8bba42a04676d81cb89e9ee8e859a1a66f80a5a72e1cb76b34d43	Cargo.lock	MIT OR Apache-2.0	Nick Fitzgerald <fitzgen@gmail.com>	https://github.com/fitzgen/bumpalo	crates.io/bumpalo/3.19.0	65f94e99ddaf4f5d1782a6dae23f35d4293a9a01444a13135a6887017d353cee;a60eea817514531668d7e00765731449fe14d059d3249e0bc93b36de45f759f2		RESOLVED_DECLARATION_AND_TEXT
byte-slice-cast@1.2.3	registry+https://github.com/rust-lang/crates.io-index	7575182f7272186991736b70173b0ea045398f984bf5ebbb3804736ce1330c9d	Cargo.lock	MIT	Sebastian Dröge <sebastian@centricular.com>	https://github.com/sdroege/bytes-num-slice-cast	crates.io/byte-slice-cast/1.2.3	c524732311819f888ce57b1b56148feaa6e9b1705fcb158e7e5d71554ccf39ed		RESOLVED_DECLARATION_AND_TEXT
byte-tools@0.3.1	registry+https://github.com/rust-lang/crates.io-index	e3b5ca7a04898ad4bcd41c90c5285445ff5b791899bb1b0abdd2a2aa791211d7	Cargo.lock	MIT OR Apache-2.0	RustCrypto Developers	https://github.com/RustCrypto/utils	crates.io/byte-tools/0.3.1	a9040321c3712d8fd0b09cf52b17445de04a23a10165049ae187cd39e5c86be5;d5c22aa3118d240e877ad41c5d9fa232f9c77d757d4aac0c2f943afc0a95e0ef		RESOLVED_DECLARATION_AND_TEXT
bytemuck@1.24.0	registry+https://github.com/rust-lang/crates.io-index	1fbdf580320f38b612e485521afda1ee26d10cc9884efaaa750d383e13e3c5f4	Cargo.lock	Zlib OR Apache-2.0 OR MIT	Lokathor <zefria@gmail.com>	https://github.com/Lokathor/bytemuck	crates.io/bytemuck/1.24.0	84b34dd7608f7fb9b17bd588a6bf392bf7de504e2716f024a77d89f1b145a151;9df9ba60a11af705f2e451b53762686e615d86f76b169cf075c3237730dbd7e2;e3ba223bb1423f0aad8c3dfce0fe3148db48926d41e6fbc3afbbf5ff9e1c89cb		RESOLVED_DECLARATION_AND_TEXT
byteorder@1.5.0	registry+https://github.com/rust-lang/crates.io-index	1fd0f2584146f6f2ef48085050886acf353beff7305ebd1ae69500e27c67f64b	Cargo.lock	Unlicense OR MIT	Andrew Gallant <jamslam@gmail.com>	https://github.com/BurntSushi/byteorder	crates.io/byteorder/1.5.0	01c266bced4a434da0051174d6bee16a4c82cf634e2679b6155d40d75012390f;0f96a83840e146e43c0ec96a22ec1f392e0680e6c1226e6f3ba87e0740af850f		RESOLVED_DECLARATION_AND_TEXT
bytes@1.12.1	registry+https://github.com/rust-lang/crates.io-index	fc652a48c352aef3ea3aed32080501cf3ef6ed5da78602a020c991775b0aff04	Cargo.lock	MIT	Carl Lerche <me@carllerche.com>;Sean McArthur <sean@seanmonstar.com>	https://github.com/tokio-rs/bytes	crates.io/bytes/1.12.1	45f522cacecb1023856e46df79ca625dfc550c94910078bd8aec6e02880b3d42		RESOLVED_DECLARATION_AND_TEXT
bzip2-sys@0.1.13+1.0.8	registry+https://github.com/rust-lang/crates.io-index	225bff33b2141874fe80d71e07d6eec4f85c5c216453dd96388240f96e1acc14	Cargo.lock	MIT/Apache-2.0	Alex Crichton <alex@alexcrichton.com>	https://github.com/alexcrichton/bzip2-rs	crates.io/bzip2-sys/0.1.13+1.0.8	a60eea817514531668d7e00765731449fe14d059d3249e0bc93b36de45f759f2;c8c6324cf2f0f076e3ed5dea4a21f00bd4dd6fce44f72b110bc52e7fe06f6e1e		RESOLVED_DECLARATION_AND_TEXT
c2-chacha@0.3.3	registry+https://github.com/rust-lang/crates.io-index	d27dae93fe7b1e0424dc57179ac396908c26b035a87234809f5c4dfd1b47dc80	Cargo.lock	MIT/Apache-2.0	The CryptoCorrosion Contributors	https://github.com/cryptocorrosion/cryptocorrosion	crates.io/c2-chacha/0.3.3	0218327e7a480793ffdd4eb792379a9709e5c135c7ba267f709d6f6d4d70af0a;4cada0bd02ea3692eee6f16400d86c6508bbd3bafb2b65fed0419f36d4f83e8f		RESOLVED_DECLARATION_AND_TEXT
camino@1.2.1	registry+https://github.com/rust-lang/crates.io-index	276a59bf2b2c967788139340c9f0c5b12d7fd6630315c15c217e559de85d2609	Cargo.lock	MIT OR Apache-2.0	Without Boats <saoirse@without.boats>;Ashley Williams <ashley666ashley@gmail.com>;Steve Klabnik <steve@steveklabnik.com>;Rain <rain@sunshowers.io>	https://github.com/camino-rs/camino	crates.io/camino/1.2.1	23f18e03dc49df91622fe2a76176497404e46ced8a715d9d2b67a7446571cca3;a60eea817514531668d7e00765731449fe14d059d3249e0bc93b36de45f759f2		RESOLVED_DECLARATION_AND_TEXT
cargo-platform@0.1.9	registry+https://github.com/rust-lang/crates.io-index	e35af189006b9c0f00a064685c727031e3ed2d8020f7ba284d78cc2671bd36ea	Cargo.lock	MIT OR Apache-2.0		https://github.com/rust-lang/cargo	crates.io/cargo-platform/0.1.9	23f18e03dc49df91622fe2a76176497404e46ced8a715d9d2b67a7446571cca3;8ada45cd9f843acf64e4722ae262c622a2b3b3007c7310ef36ac1061a30f6adb		RESOLVED_DECLARATION_AND_TEXT
cargo_metadata@0.15.4	registry+https://github.com/rust-lang/crates.io-index	eee4243f1f26fc7a42710e7439c149e2b10b05472f88090acce52632f231a73a	Cargo.lock	MIT	Oliver Schneider <git-spam-no-reply9815368754983@oli-obk.de>	https://github.com/oli-obk/cargo_metadata	crates.io/cargo_metadata/0.15.4	23f18e03dc49df91622fe2a76176497404e46ced8a715d9d2b67a7446571cca3		RESOLVED_DECLARATION_AND_TEXT
cc@1.2.41	registry+https://github.com/rust-lang/crates.io-index	ac9fe6cdbb24b6ade63616c0a0688e45bb56732262c158df3c0c4bea4ca47cb7	Cargo.lock	MIT OR Apache-2.0	Alex Crichton <alex@alexcrichton.com>	https://github.com/rust-lang/cc-rs	crates.io/cc/1.2.41	378f5840b258e2779c39418f3f2d7b2ba96f1c7917dd6be0713f88305dbda397;a60eea817514531668d7e00765731449fe14d059d3249e0bc93b36de45f759f2		RESOLVED_DECLARATION_AND_TEXT
cesu8@1.1.0	registry+https://github.com/rust-lang/crates.io-index	6d43a04d8753f35258c91f8ec639f792891f748a1edbd759cf1dcea3382ad83c	Cargo.lock	Apache-2.0/MIT	Eric Kidd <git@randomhacks.net>	https://github.com/emk/cesu8-rs	crates.io/cesu8/1.1.0	5ca77347e58205d3b543c04a9c5bdd11d20a9f3108a7b246640edffa999b5f35		RESOLVED_DECLARATION_AND_TEXT
cexpr@0.6.0	registry+https://github.com/rust-lang/crates.io-index	6fac387a98bb7c37292057cffc56d62ecb629900026402633ae9160df93a8766	Cargo.lock	Apache-2.0/MIT	Jethro Beekman <jethro@jbeekman.nl>	https://github.com/jethrogb/rust-cexpr	crates.io/cexpr/0.6.0	a60eea817514531668d7e00765731449fe14d059d3249e0bc93b36de45f759f2;d9771b8c6cf4426d3846de54c1febe20907f1eeadf7adfb5ade89a83bd9ea77f		RESOLVED_DECLARATION_AND_TEXT
cfg-expr@0.15.8	registry+https://github.com/rust-lang/crates.io-index	d067ad48b8650848b989a59a86c6c36a995d02d2bf778d45c3c5d57bc2718f02	Cargo.lock	MIT OR Apache-2.0	Embark <opensource@embark-studios.com>;Jake Shadle <jake.shadle@embark-studios.com>	https://github.com/EmbarkStudios/cfg-expr	crates.io/cfg-expr/0.15.8	090a294a492ab2f41388252312a65cf2f0e423330b721a68c6665ac64766753b;8173d5c29b4f956d532781d2b86e4e30f83e6b7878dce18c919451d6ba707c90		RESOLVED_DECLARATION_AND_TEXT
cfg-if@1.0.4	registry+https://github.com/rust-lang/crates.io-index	9330f8b2ff13f34540b44e946ef35111825727b38d33286ef986142615121801	Cargo.lock	MIT OR Apache-2.0	Alex Crichton <alex@alexcrichton.com>	https://github.com/rust-lang/cfg-if	crates.io/cfg-if/1.0.4	378f5840b258e2779c39418f3f2d7b2ba96f1c7917dd6be0713f88305dbda397;a60eea817514531668d7e00765731449fe14d059d3249e0bc93b36de45f759f2		RESOLVED_DECLARATION_AND_TEXT
cfg_aliases@0.1.1	registry+https://github.com/rust-lang/crates.io-index	fd16c4719339c4530435d38e511904438d07cce7950afa3718a84ac36c10e89e	Cargo.lock	MIT	Zicklag <zicklag@katharostech.com>	https://github.com/katharostech/cfg_aliases	crates.io/cfg_aliases/0.1.1	31b94860253d8ec7b4529f51901044d3b459d6292d996504a36b1bae3a36a812	1e2b7ade3fb228130408b9990cae6a7618eb314c75aa0b164bfe485d9d9756ee	RESOLVED_DECLARATION_AND_TEXT
cfg_aliases@0.2.1	registry+https://github.com/rust-lang/crates.io-index	613afe47fcd5fac7ccf1db93babcb082c5994d996f20b8b159f2ad1658eb5724	Cargo.lock	MIT	Zicklag <zicklag@katharostech.com>	https://github.com/katharostech/cfg_aliases	crates.io/cfg_aliases/0.2.1	31b94860253d8ec7b4529f51901044d3b459d6292d996504a36b1bae3a36a812	1e2b7ade3fb228130408b9990cae6a7618eb314c75aa0b164bfe485d9d9756ee	RESOLVED_DECLARATION_AND_TEXT
chacha20@0.9.1	registry+https://github.com/rust-lang/crates.io-index	c3613f74bd2eac03dad61bd53dbe620703d4371614fe0bc3b9f04dd36fe4e818	Cargo.lock	Apache-2.0 OR MIT	RustCrypto Developers	https://github.com/RustCrypto/stream-ciphers	crates.io/chacha20/0.9.1	a9040321c3712d8fd0b09cf52b17445de04a23a10165049ae187cd39e5c86be5;b6f6f01b03ee7e93c0ae96d62ed39527e98a120fb951afc9de456a741ef3f204		RESOLVED_DECLARATION_AND_TEXT
chacha20poly1305@0.10.1	registry+https://github.com/rust-lang/crates.io-index	10cd79432192d1c0f4e1a0fef9527696cc039165d729fb41b3f4f4f354c2dc35	Cargo.lock	Apache-2.0 OR MIT	RustCrypto Developers	https://github.com/RustCrypto/AEADs/tree/master/chacha20poly1305	crates.io/chacha20poly1305/0.10.1	3c0dfa33fd2e6976038555b52095699452653b1fcabe113074f14e0848a6b11e;a9040321c3712d8fd0b09cf52b17445de04a23a10165049ae187cd39e5c86be5		RESOLVED_DECLARATION_AND_TEXT
chacha@0.3.0	registry+https://github.com/rust-lang/crates.io-index	ddf3c081b5fba1e5615640aae998e0fbd10c24cbd897ee39ed754a77601a4862	Cargo.lock	MIT/Apache-2.0	Peter Reid <peter.d.reid@gmail.com>	https://github.com/PeterReid/chacha	crates.io/chacha/0.3.0	18fb761e2510a47f6f552d703eb1957dc5d83bd5460a563a502f853db9ce11ed;a60eea817514531668d7e00765731449fe14d059d3249e0bc93b36de45f759f2;ebb333c8c6e69de843327cf1ca63491c8933c19f73362cacec682e5e1078de30		RESOLVED_DECLARATION_AND_TEXT
chrono@0.4.42	registry+https://github.com/rust-lang/crates.io-index	145052bdd345b87320e369255277e3fb5152762ad123a901ef5c262dd38fe8d2	Cargo.lock	MIT OR Apache-2.0		https://github.com/chronotope/chrono	crates.io/chrono/0.4.42	a3d4e565d73d108b07074757733e1dcd3ee20617350a135e1122935881311d50		RESOLVED_DECLARATION_AND_TEXT
cid@0.11.1	registry+https://github.com/rust-lang/crates.io-index	3147d8272e8fa0ccd29ce51194dd98f79ddfb8191ba9e3409884e751798acf3a	Cargo.lock	MIT	Friedel Ziegelmayer <dignifiedquire@gmail.com>	NONE	crates.io/cid/0.11.1			RESOLVED_MANIFEST_DECLARATION_NO_ADJACENT_TEXT
cid@0.9.0	registry+https://github.com/rust-lang/crates.io-index	b9b68e3193982cd54187d71afdb2a271ad4cf8af157858e9cb911b91321de143	Cargo.lock	MIT	Friedel Ziegelmayer <dignifiedquire@gmail.com>	NONE	crates.io/cid/0.9.0			RESOLVED_MANIFEST_DECLARATION_NO_ADJACENT_TEXT
cipher@0.2.5	registry+https://github.com/rust-lang/crates.io-index	12f8e7987cbd042a63249497f41aed09f8e65add917ea6566effbc56578d6801	Cargo.lock	MIT OR Apache-2.0	RustCrypto Developers	https://github.com/RustCrypto/traits	crates.io/cipher/0.2.5	5c7bd92d1f096f12203dc1b601e3cb17484fa1b023e30b6b8edcc80e416237ec;a9040321c3712d8fd0b09cf52b17445de04a23a10165049ae187cd39e5c86be5		RESOLVED_DECLARATION_AND_TEXT
cipher@0.4.4	registry+https://github.com/rust-lang/crates.io-index	773f3b9af64447d2ce9850330c473515014aa235e6a783b02db81ff39e4a3dad	Cargo.lock	MIT OR Apache-2.0	RustCrypto Developers	https://github.com/RustCrypto/traits	crates.io/cipher/0.4.4	5c7bd92d1f096f12203dc1b601e3cb17484fa1b023e30b6b8edcc80e416237ec;a9040321c3712d8fd0b09cf52b17445de04a23a10165049ae187cd39e5c86be5		RESOLVED_DECLARATION_AND_TEXT
clang-sys@1.8.1	registry+https://github.com/rust-lang/crates.io-index	0b023947811758c97c59bf9d1c188fd619ad4718dcaa767947df1cadb14f39f4	Cargo.lock	Apache-2.0	Kyle Mayes <kyle@mayeses.com>	https://github.com/KyleMayes/clang-sys	crates.io/clang-sys/1.8.1	3ddf9be5c28fe27dad143a5dc76eea25222ad1dd68934a047064e56ed2fa40c5		RESOLVED_DECLARATION_AND_TEXT
clap@4.5.50	registry+https://github.com/rust-lang/crates.io-index	0c2cfd7bf8a6017ddaa4e32ffe7403d547790db06bd171c1c53926faab501623	Cargo.lock	MIT OR Apache-2.0		https://github.com/clap-rs/clap	crates.io/clap/4.5.50	6efb0476a1cc085077ed49357026d8c173bf33017278ef440f222fb9cbcb66e6;c6596eb7be8581c18be736c846fb9173b69eccf6ef94c5135893ec56bd92ba08		RESOLVED_DECLARATION_AND_TEXT
clap_builder@4.5.50	registry+https://github.com/rust-lang/crates.io-index	0a4c05b9e80c5ccd3a7ef080ad7b6ba7d6fc00a985b8b157197075677c82c7a0	Cargo.lock	MIT OR Apache-2.0		https://github.com/clap-rs/clap	crates.io/clap_builder/4.5.50	6efb0476a1cc085077ed49357026d8c173bf33017278ef440f222fb9cbcb66e6;c6596eb7be8581c18be736c846fb9173b69eccf6ef94c5135893ec56bd92ba08		RESOLVED_DECLARATION_AND_TEXT
clap_derive@4.5.49	registry+https://github.com/rust-lang/crates.io-index	2a0b5487afeab2deb2ff4e03a807ad1a03ac532ff5a2cee5d86884440c7f7671	Cargo.lock	MIT OR Apache-2.0		https://github.com/clap-rs/clap	crates.io/clap_derive/4.5.49	6efb0476a1cc085077ed49357026d8c173bf33017278ef440f222fb9cbcb66e6;c6596eb7be8581c18be736c846fb9173b69eccf6ef94c5135893ec56bd92ba08		RESOLVED_DECLARATION_AND_TEXT
clap_lex@0.7.6	registry+https://github.com/rust-lang/crates.io-index	a1d728cc89cf3aee9ff92b05e62b19ee65a02b5702cff7d5a377e32c6ae29d8d	Cargo.lock	MIT OR Apache-2.0		https://github.com/clap-rs/clap	crates.io/clap_lex/0.7.6	6efb0476a1cc085077ed49357026d8c173bf33017278ef440f222fb9cbcb66e6;c6596eb7be8581c18be736c846fb9173b69eccf6ef94c5135893ec56bd92ba08		RESOLVED_DECLARATION_AND_TEXT
coarsetime@0.1.36	registry+https://github.com/rust-lang/crates.io-index	91849686042de1b41cd81490edc83afbcb0abe5a9b6f2c4114f23ce8cca1bcf4	Cargo.lock	ISC	Frank Denis <github@pureftpd.org>	https://github.com/jedisct1/rust-coarsetime	crates.io/coarsetime/0.1.36	665e0e1b2eeaaeb2b6147c6a8167418089dcf1dac1aab83440030f50de012f6d		RESOLVED_DECLARATION_AND_TEXT
codespan-reporting@0.13.1	registry+https://github.com/rust-lang/crates.io-index	af491d569909a7e4dee0ad7db7f5341fef5c614d5b8ec8cf765732aba3cff681	Cargo.lock	Apache-2.0	Brendan Zabarauskas <bjzaba@yahoo.com.au>	https://github.com/brendanzab/codespan	crates.io/codespan-reporting/0.13.1	c71d239df91726fc519c6eb72d318ec65820627232b2f796219e87dcf35d0ab4		RESOLVED_DECLARATION_AND_TEXT
colorchoice@1.0.4	registry+https://github.com/rust-lang/crates.io-index	b05b61dc5112cbb17e4b6cd61790d9845d13888356391624cbe7e41efeac1e75	Cargo.lock	MIT OR Apache-2.0		https://github.com/rust-cli/anstyle.git	crates.io/colorchoice/1.0.4	6efb0476a1cc085077ed49357026d8c173bf33017278ef440f222fb9cbcb66e6;c6596eb7be8581c18be736c846fb9173b69eccf6ef94c5135893ec56bd92ba08		RESOLVED_DECLARATION_AND_TEXT
combine@4.6.6	registry+https://github.com/rust-lang/crates.io-index	35ed6e9d84f0b51a7f52daf1c7d71dd136fd7a3f41a8462b8cdb8c78d920fad4	Cargo.lock	MIT	Markus Westerlind <marwes91@gmail.com>	https://github.com/Marwes/combine	crates.io/combine/4.6.6	9bbc1b3dc4674a9ebb12c2a62f54fe3c08672539717f8d05828f684b6cc419a3		RESOLVED_DECLARATION_AND_TEXT
comfy-table@7.2.1	registry+https://github.com/rust-lang/crates.io-index	b03b7db8e0b4b2fdad6c551e634134e99ec000e5c8c3b6856c65e8bbaded7a3b	Cargo.lock	MIT	Arne Beer <contact@arne.beer>	https://github.com/nukesor/comfy-table	crates.io/comfy-table/7.2.1	8f0de5a27b703d337948a14f153ab4682fa34e56e0f7f8325f63ad409421ef27		RESOLVED_DECLARATION_AND_TEXT
common-path@1.0.0	registry+https://github.com/rust-lang/crates.io-index	2382f75942f4b3be3690fe4f86365e9c853c1587d6ee58212cebf6e2a9ccd101	Cargo.lock	MIT/Apache-2.0	Paul Woolcock <paul@woolcock.us>	NONE	crates.io/common-path/1.0.0	607d82cbe4638b7d58a3bf1889af35d739126827264b8daffc305296445b7678;a60eea817514531668d7e00765731449fe14d059d3249e0bc93b36de45f759f2		RESOLVED_DECLARATION_AND_TEXT
concurrent-queue@2.5.0	registry+https://github.com/rust-lang/crates.io-index	4ca0197aee26d1ae37445ee532fefce43251d24cc7c166799f4d46817f1d3973	Cargo.lock	Apache-2.0 OR MIT	Stjepan Glavina <stjepang@gmail.com>;Taiki Endo <te316e89@gmail.com>;John Nunley <dev@notgull.net>	https://github.com/smol-rs/concurrent-queue	crates.io/concurrent-queue/2.5.0	23f18e03dc49df91622fe2a76176497404e46ced8a715d9d2b67a7446571cca3;a60eea817514531668d7e00765731449fe14d059d3249e0bc93b36de45f759f2		RESOLVED_DECLARATION_AND_TEXT
console@0.15.11	registry+https://github.com/rust-lang/crates.io-index	054ccb5b10f9f2cbf51eb355ca1d05c2d279ce1804688d0db74b4733a5aeafd8	Cargo.lock	MIT	Armin Ronacher <armin.ronacher@active-4.com>	https://github.com/console-rs/console	crates.io/console/0.15.11	2022c11b24fc1e50fa06a5959e40198a3464f560729ad3d00139abb8a328362d		RESOLVED_DECLARATION_AND_TEXT
const-hex@1.17.0	registry+https://github.com/rust-lang/crates.io-index	3bb320cac8a0750d7f25280aa97b09c26edfe161164238ecbbb31092b079e735	Cargo.lock	MIT OR Apache-2.0	DaniPopes <57450786+DaniPopes@users.noreply.github.com>	https://github.com/danipopes/const-hex	crates.io/const-hex/1.17.0	23f18e03dc49df91622fe2a76176497404e46ced8a715d9d2b67a7446571cca3;62c7a1e35f56406896d7aa7ca52d0cc0d272ac022b5d2796e7d6905db8a3636a		RESOLVED_DECLARATION_AND_TEXT
const-oid@0.9.6	registry+https://github.com/rust-lang/crates.io-index	c2459377285ad874054d797f3ccebf984978aa39129f6eafde5cdc8315b612f8	Cargo.lock	Apache-2.0 OR MIT	RustCrypto Developers	https://github.com/RustCrypto/formats/tree/master/const-oid	crates.io/const-oid/0.9.6	a9040321c3712d8fd0b09cf52b17445de04a23a10165049ae187cd39e5c86be5;bada9e7ed8dc00d63502053c455d7c8d7575dfb7e8277a2a832531844d900682		RESOLVED_DECLARATION_AND_TEXT
const-random-macro@0.1.16	registry+https://github.com/rust-lang/crates.io-index	f9d839f2a20b0aee515dc581a6172f2321f96cab76c1a38a4c584a194955390e	Cargo.lock	MIT OR Apache-2.0	Tom Kaitchuck <Tom.Kaitchuck@gmail.com>	https://github.com/tkaitchuck/constrandom	crates.io/const-random-macro/0.1.16	a60eea817514531668d7e00765731449fe14d059d3249e0bc93b36de45f759f2;ff8f68cb076caf8cefe7a6430d4ac086ce6af2ca8ce2c4e5a2004d4552ef52a2		RESOLVED_DECLARATION_AND_TEXT
const-random@0.1.18	registry+https://github.com/rust-lang/crates.io-index	87e00182fe74b066627d63b85fd550ac2998d4b0bd86bfed477a0ae4c7c71359	Cargo.lock	MIT OR Apache-2.0	Tom Kaitchuck <Tom.Kaitchuck@gmail.com>	https://github.com/tkaitchuck/constrandom	crates.io/const-random/0.1.18	a60eea817514531668d7e00765731449fe14d059d3249e0bc93b36de45f759f2;ff8f68cb076caf8cefe7a6430d4ac086ce6af2ca8ce2c4e5a2004d4552ef52a2		RESOLVED_DECLARATION_AND_TEXT
const-str@0.4.3	registry+https://github.com/rust-lang/crates.io-index	2f421161cb492475f1661ddc9815a745a1c894592070661180fdec3d4872e9c3	Cargo.lock	MIT	Nugine <nugine@foxmail.com>	https://github.com/Nugine/const-str	crates.io/const-str/0.4.3			RESOLVED_MANIFEST_DECLARATION_NO_ADJACENT_TEXT
const_format@0.2.35	registry+https://github.com/rust-lang/crates.io-index	7faa7469a93a566e9ccc1c73fe783b4a65c274c5ace346038dca9c39fe0030ad	Cargo.lock	Zlib	rodrimati1992 <rodrimatt1985@gmail.com>	https://github.com/rodrimati1992/const_format_crates/	crates.io/const_format/0.2.35	c1e018d60dd011b335b5280b919bd3a75dbba81c6fbe24e2fc90cb235bdb6883		RESOLVED_DECLARATION_AND_TEXT
const_format_proc_macros@0.2.34	registry+https://github.com/rust-lang/crates.io-index	1d57c2eccfb16dbac1f4e61e206105db5820c9d26c3c472bc17c774259ef7744	Cargo.lock	Zlib	rodrimati1992 <rodrimatt1985@gmail.com>	https://github.com/rodrimati1992/const_format_crates/	crates.io/const_format_proc_macros/0.2.34	c1e018d60dd011b335b5280b919bd3a75dbba81c6fbe24e2fc90cb235bdb6883		RESOLVED_DECLARATION_AND_TEXT
constant_time_eq@0.1.5	registry+https://github.com/rust-lang/crates.io-index	245097e9a4535ee1e3e3931fcfcd55a796a44c643e8596ff6566d68f09b87bbc	Cargo.lock	CC0-1.0	Cesar Eduardo Barros <cesarb@cesarb.eti.br>	https://github.com/cesarb/constant_time_eq	crates.io/constant_time_eq/0.1.5	a2010f343487d3f7618affe54f789f5487602331c0a8d03f49e9a7c547cf0499		RESOLVED_DECLARATION_AND_TEXT
constant_time_eq@0.3.1	registry+https://github.com/rust-lang/crates.io-index	7c74b8349d32d297c9134b8c88677813a227df8f779daa29bfc29c183fe3dca6	Cargo.lock	CC0-1.0 OR MIT-0 OR Apache-2.0	Cesar Eduardo Barros <cesarb@cesarb.eti.br>	https://github.com/cesarb/constant_time_eq	crates.io/constant_time_eq/0.3.1	62c7a1e35f56406896d7aa7ca52d0cc0d272ac022b5d2796e7d6905db8a3636a;9a3aeb3f63659c4c6302d315e1d98784d1e8559858a47ff9562e091bb922d28d;a2010f343487d3f7618affe54f789f5487602331c0a8d03f49e9a7c547cf0499		RESOLVED_DECLARATION_AND_TEXT
convert_case@0.4.0	registry+https://github.com/rust-lang/crates.io-index	6245d59a3e82a7fc217c5828a6692dbc6dfb63a0c8c90495621f7b9d79704a0e	Cargo.lock	MIT	David Purdum <purdum41@gmail.com>	https://github.com/rutrum/convert-case	crates.io/convert_case/0.4.0			RESOLVED_MANIFEST_DECLARATION_NO_ADJACENT_TEXT
core-foundation-sys@0.8.7	registry+https://github.com/rust-lang/crates.io-index	773648b94d0e5d620f64f280777445740e61fe701025087ec8b57f45c791888b	Cargo.lock	MIT OR Apache-2.0	The Servo Project Developers	https://github.com/servo/core-foundation-rs	crates.io/core-foundation-sys/0.8.7	62065228e42caebca7e7d7db1204cbb867033de5982ca4009928915e4095f3a3;a60eea817514531668d7e00765731449fe14d059d3249e0bc93b36de45f759f2		RESOLVED_DECLARATION_AND_TEXT
core-foundation@0.10.1	registry+https://github.com/rust-lang/crates.io-index	b2a6cd9ae233e7f62ba4e9353e81a88df7fc8a5987b8d445b4d90c879bd156f6	Cargo.lock	MIT OR Apache-2.0	The Servo Project Developers	https://github.com/servo/core-foundation-rs	crates.io/core-foundation/0.10.1	62065228e42caebca7e7d7db1204cbb867033de5982ca4009928915e4095f3a3;a60eea817514531668d7e00765731449fe14d059d3249e0bc93b36de45f759f2		RESOLVED_DECLARATION_AND_TEXT
core-foundation@0.9.4	registry+https://github.com/rust-lang/crates.io-index	91e195e091a93c46f7102ec7818a2aa394e1e1771c3ab4825963fa03e45afb8f	Cargo.lock	MIT OR Apache-2.0	The Servo Project Developers	https://github.com/servo/core-foundation-rs	crates.io/core-foundation/0.9.4	62065228e42caebca7e7d7db1204cbb867033de5982ca4009928915e4095f3a3;a60eea817514531668d7e00765731449fe14d059d3249e0bc93b36de45f759f2		RESOLVED_DECLARATION_AND_TEXT
core2@0.4.0	registry+https://github.com/rust-lang/crates.io-index	b49ba7ef1ad6107f8824dbe97de947cbaac53c44e7f9756a1fba0d37c1eec505	Cargo.lock	Apache-2.0 OR MIT	Brendan Molloy <brendan@bbqsrc.net>	https://github.com/bbqsrc/core2	crates.io/core2/0.4.0	c6596eb7be8581c18be736c846fb9173b69eccf6ef94c5135893ec56bd92ba08;f21c3bfdc47749b5912eb55f0661b2b8fd9696b3e09e7d97a1fc78fb52c3eb1b		RESOLVED_DECLARATION_AND_TEXT
cpp_demangle@0.3.5	registry+https://github.com/rust-lang/crates.io-index	eeaa953eaad386a53111e47172c2fedba671e5684c8dd601a5f474f4f118710f	Cargo.lock	Apache-2.0/MIT	Nick Fitzgerald <fitzgen@gmail.com>;Jim Blandy <jimb@red-bean.com>	https://github.com/gimli-rs/cpp_demangle	crates.io/cpp_demangle/0.3.5	7b63ecd5f1902af1b63729947373683c32745c16a10e8e6292e2e2dcd7e90ae0;a60eea817514531668d7e00765731449fe14d059d3249e0bc93b36de45f759f2		RESOLVED_DECLARATION_AND_TEXT
cpufeatures@0.2.17	registry+https://github.com/rust-lang/crates.io-index	59ed5838eebb26a2bb2e58f6d5b5316989ae9d08bab10e0e6d103e656d1b0280	Cargo.lock	MIT OR Apache-2.0	RustCrypto Developers	https://github.com/RustCrypto/utils	crates.io/cpufeatures/0.2.17	a9040321c3712d8fd0b09cf52b17445de04a23a10165049ae187cd39e5c86be5;ae9baa7beea910273c2f384c2a6b721fb7bd02bda3436074a1072e4ee689f985		RESOLVED_DECLARATION_AND_TEXT
cranelift-bforest@0.95.1	registry+https://github.com/rust-lang/crates.io-index	1277fbfa94bc82c8ec4af2ded3e639d49ca5f7f3c7eeab2c66accd135ece4e70	Cargo.lock	Apache-2.0 WITH LLVM-exception	The Cranelift Project Developers	https://github.com/bytecodealliance/wasmtime	crates.io/cranelift-bforest/0.95.1	268872b9816f90fd8e85db5a28d33f8150ebb8dd016653fb39ef1f94f2686bc5		RESOLVED_DECLARATION_AND_TEXT
cranelift-codegen-meta@0.95.1	registry+https://github.com/rust-lang/crates.io-index	c8ac5ac30d62b2d66f12651f6b606dbdfd9c2cfd0908de6b387560a277c5c9da	Cargo.lock	Apache-2.0 WITH LLVM-exception	The Cranelift Project Developers	https://github.com/bytecodealliance/wasmtime	crates.io/cranelift-codegen-meta/0.95.1	268872b9816f90fd8e85db5a28d33f8150ebb8dd016653fb39ef1f94f2686bc5		RESOLVED_DECLARATION_AND_TEXT
cranelift-codegen-shared@0.95.1	registry+https://github.com/rust-lang/crates.io-index	dd82b8b376247834b59ed9bdc0ddeb50f517452827d4a11bccf5937b213748b8	Cargo.lock	Apache-2.0 WITH LLVM-exception	The Cranelift Project Developers	https://github.com/bytecodealliance/wasmtime	crates.io/cranelift-codegen-shared/0.95.1	268872b9816f90fd8e85db5a28d33f8150ebb8dd016653fb39ef1f94f2686bc5		RESOLVED_DECLARATION_AND_TEXT
cranelift-codegen@0.95.1	registry+https://github.com/rust-lang/crates.io-index	c6e8c31ad3b2270e9aeec38723888fe1b0ace3bea2b06b3f749ccf46661d3220	Cargo.lock	Apache-2.0 WITH LLVM-exception	The Cranelift Project Developers	https://github.com/bytecodealliance/wasmtime	crates.io/cranelift-codegen/0.95.1	268872b9816f90fd8e85db5a28d33f8150ebb8dd016653fb39ef1f94f2686bc5		RESOLVED_DECLARATION_AND_TEXT
cranelift-entity@0.95.1	registry+https://github.com/rust-lang/crates.io-index	40099d38061b37e505e63f89bab52199037a72b931ad4868d9089ff7268660b0	Cargo.lock	Apache-2.0 WITH LLVM-exception	The Cranelift Project Developers	https://github.com/bytecodealliance/wasmtime	crates.io/cranelift-entity/0.95.1	268872b9816f90fd8e85db5a28d33f8150ebb8dd016653fb39ef1f94f2686bc5		RESOLVED_DECLARATION_AND_TEXT
cranelift-frontend@0.95.1	registry+https://github.com/rust-lang/crates.io-index	64a25d9d0a0ae3079c463c34115ec59507b4707175454f0eee0891e83e30e82d	Cargo.lock	Apache-2.0 WITH LLVM-exception	The Cranelift Project Developers	https://github.com/bytecodealliance/wasmtime	crates.io/cranelift-frontend/0.95.1	268872b9816f90fd8e85db5a28d33f8150ebb8dd016653fb39ef1f94f2686bc5		RESOLVED_DECLARATION_AND_TEXT
cranelift-isle@0.95.1	registry+https://github.com/rust-lang/crates.io-index	80de6a7d0486e4acbd5f9f87ec49912bf4c8fb6aea00087b989685460d4469ba	Cargo.lock	Apache-2.0 WITH LLVM-exception	The Cranelift Project Developers	https://github.com/bytecodealliance/wasmtime/tree/main/cranelift/isle	crates.io/cranelift-isle/0.95.1			RESOLVED_MANIFEST_DECLARATION_NO_ADJACENT_TEXT
cranelift-native@0.95.1	registry+https://github.com/rust-lang/crates.io-index	bb6b03e0e03801c4b3fd8ce0758a94750c07a44e7944cc0ffbf0d3f2e7c79b00	Cargo.lock	Apache-2.0 WITH LLVM-exception	The Cranelift Project Developers	https://github.com/bytecodealliance/wasmtime	crates.io/cranelift-native/0.95.1	268872b9816f90fd8e85db5a28d33f8150ebb8dd016653fb39ef1f94f2686bc5		RESOLVED_DECLARATION_AND_TEXT
cranelift-wasm@0.95.1	registry+https://github.com/rust-lang/crates.io-index	ff3220489a3d928ad91e59dd7aeaa8b3de18afb554a6211213673a71c90737ac	Cargo.lock	Apache-2.0 WITH LLVM-exception	The Cranelift Project Developers	https://github.com/bytecodealliance/wasmtime	crates.io/cranelift-wasm/0.95.1	268872b9816f90fd8e85db5a28d33f8150ebb8dd016653fb39ef1f94f2686bc5		RESOLVED_DECLARATION_AND_TEXT
crc32fast@1.5.0	registry+https://github.com/rust-lang/crates.io-index	9481c1c90cbf2ac953f07c8d4a58aa3945c425b7185c9154d67a65e4230da511	Cargo.lock	MIT OR Apache-2.0	Sam Rijs <srijs@airpost.net>;Alex Crichton <alex@alexcrichton.com>	https://github.com/srijs/rust-crc32fast	crates.io/crc32fast/1.5.0	61d383b05b87d78f94d2937e2580cce47226d17823c0430fbcad09596537efcf;c6596eb7be8581c18be736c846fb9173b69eccf6ef94c5135893ec56bd92ba08		RESOLVED_DECLARATION_AND_TEXT
critical-section@1.2.0	registry+https://github.com/rust-lang/crates.io-index	790eea4361631c5e7d22598ecd5723ff611904e3344ce8720784c93e3d83d40b	Cargo.lock	MIT OR Apache-2.0		https://github.com/rust-embedded/critical-section	crates.io/critical-section/1.2.0	a60eea817514531668d7e00765731449fe14d059d3249e0bc93b36de45f759f2;fee6bdac4b917351332567b9fd5013c2ef3c847dd113fd6216cf28e96637a157		RESOLVED_DECLARATION_AND_TEXT
crossbeam-channel@0.5.15	registry+https://github.com/rust-lang/crates.io-index	82b8f8f868b36967f9606790d1903570de9ceaf870a7bf9fbbd3016d636a2cb2	Cargo.lock	MIT OR Apache-2.0		https://github.com/crossbeam-rs/crossbeam	crates.io/crossbeam-channel/0.5.15	5734ed989dfca1f625b40281ee9f4530f91b2411ec01cb748223e7eb87e201ab;a60eea817514531668d7e00765731449fe14d059d3249e0bc93b36de45f759f2;b16db96b93b1d7cf7bea533f572091ec6bca3234fbe0a83038be772ff391a44c		RESOLVED_DECLARATION_AND_TEXT
crossbeam-deque@0.8.6	registry+https://github.com/rust-lang/crates.io-index	9dd111b7b7f7d55b72c0a6ae361660ee5853c9af73f70c3c2ef6858b950e2e51	Cargo.lock	MIT OR Apache-2.0		https://github.com/crossbeam-rs/crossbeam	crates.io/crossbeam-deque/0.8.6	5734ed989dfca1f625b40281ee9f4530f91b2411ec01cb748223e7eb87e201ab;a60eea817514531668d7e00765731449fe14d059d3249e0bc93b36de45f759f2		RESOLVED_DECLARATION_AND_TEXT
crossbeam-epoch@0.9.20	registry+https://github.com/rust-lang/crates.io-index	2d6914041f254d6e9176c01941b21115dcfb7089e55135a35411081bd106ef3f	Cargo.lock	MIT OR Apache-2.0		https://github.com/crossbeam-rs/crossbeam	crates.io/crossbeam-epoch/0.9.20	5734ed989dfca1f625b40281ee9f4530f91b2411ec01cb748223e7eb87e201ab;a60eea817514531668d7e00765731449fe14d059d3249e0bc93b36de45f759f2		RESOLVED_DECLARATION_AND_TEXT
crossbeam-queue@0.3.12	registry+https://github.com/rust-lang/crates.io-index	0f58bbc28f91df819d0aa2a2c00cd19754769c2fad90579b3592b1c9ba7a3115	Cargo.lock	MIT OR Apache-2.0		https://github.com/crossbeam-rs/crossbeam	crates.io/crossbeam-queue/0.3.12	5734ed989dfca1f625b40281ee9f4530f91b2411ec01cb748223e7eb87e201ab;a60eea817514531668d7e00765731449fe14d059d3249e0bc93b36de45f759f2		RESOLVED_DECLARATION_AND_TEXT
crossbeam-utils@0.8.21	registry+https://github.com/rust-lang/crates.io-index	d0a5c400df2834b80a4c3327b3aad3a4c4cd4de0629063962b03235697506a28	Cargo.lock	MIT OR Apache-2.0		https://github.com/crossbeam-rs/crossbeam	crates.io/crossbeam-utils/0.8.21	5734ed989dfca1f625b40281ee9f4530f91b2411ec01cb748223e7eb87e201ab;a60eea817514531668d7e00765731449fe14d059d3249e0bc93b36de45f759f2		RESOLVED_DECLARATION_AND_TEXT
crunchy@0.2.4	registry+https://github.com/rust-lang/crates.io-index	460fbee9c2c2f33933d720630a6a0bac33ba7053db5344fac858d4b8952d77d5	Cargo.lock	MIT	Eira Fransham <jackefransham@gmail.com>	https://github.com/eira-fransham/crunchy	crates.io/crunchy/0.2.4	3eab77734a181b2a2e8418af9004f960f715f04aac4d76a26cf774f63a7b13d1		RESOLVED_DECLARATION_AND_TEXT
crypto-bigint@0.5.5	registry+https://github.com/rust-lang/crates.io-index	0dc92fb57ca44df6db8059111ab3af99a63d5d0f8375d9972e319a379c6bab76	Cargo.lock	Apache-2.0 OR MIT	RustCrypto Developers	https://github.com/RustCrypto/crypto-bigint	crates.io/crypto-bigint/0.5.5	90c503b61dee04e1449c323ec34c229dfb68d7adcb96c7e140ee55f70fce2d8e;a9040321c3712d8fd0b09cf52b17445de04a23a10165049ae187cd39e5c86be5		RESOLVED_DECLARATION_AND_TEXT
crypto-common@0.1.6	registry+https://github.com/rust-lang/crates.io-index	1bfb12502f3fc46cca1bb51ac28df9d618d813cdc3d2f25b9fe775a34af26bb3	Cargo.lock	MIT OR Apache-2.0	RustCrypto Developers	https://github.com/RustCrypto/traits	crates.io/crypto-common/0.1.6	3521672491a3479422d5fe1aca6645dd2984090f85da6e5205abfb18fb7a6897;a9040321c3712d8fd0b09cf52b17445de04a23a10165049ae187cd39e5c86be5		RESOLVED_DECLARATION_AND_TEXT
crypto-mac@0.7.0	registry+https://github.com/rust-lang/crates.io-index	4434400df11d95d556bac068ddfedd482915eb18fe8bea89bc80b6e4b1c179e5	Cargo.lock	MIT OR Apache-2.0	RustCrypto Developers	https://github.com/RustCrypto/traits	crates.io/crypto-mac/0.7.0	9e0dfd2dd4173a530e238cb6adb37aa78c34c6bc7444e0e10c1ab5d8881f63ba;a9040321c3712d8fd0b09cf52b17445de04a23a10165049ae187cd39e5c86be5		RESOLVED_DECLARATION_AND_TEXT
crypto-mac@0.8.0	registry+https://github.com/rust-lang/crates.io-index	b584a330336237c1eecd3e94266efb216c56ed91225d634cb2991c5f3fd1aeab	Cargo.lock	MIT OR Apache-2.0	RustCrypto Developers	https://github.com/RustCrypto/traits	crates.io/crypto-mac/0.8.0	9e0dfd2dd4173a530e238cb6adb37aa78c34c6bc7444e0e10c1ab5d8881f63ba;a9040321c3712d8fd0b09cf52b17445de04a23a10165049ae187cd39e5c86be5		RESOLVED_DECLARATION_AND_TEXT
crypto_secretbox@0.1.1	registry+https://github.com/rust-lang/crates.io-index	b9d6cf87adf719ddf43a805e92c6870a531aedda35ff640442cbaf8674e141e1	Cargo.lock	Apache-2.0 OR MIT	RustCrypto Developers	https://github.com/RustCrypto/nacl-compat/tree/master/crypto_secretbox	crates.io/crypto_secretbox/0.1.1	a9040321c3712d8fd0b09cf52b17445de04a23a10165049ae187cd39e5c86be5;b6f6f01b03ee7e93c0ae96d62ed39527e98a120fb951afc9de456a741ef3f204		RESOLVED_DECLARATION_AND_TEXT
ctr@0.9.2	registry+https://github.com/rust-lang/crates.io-index	0369ee1ad671834580515889b80f2ea915f23b8be8d0daa4bbaf2ac5c7590835	Cargo.lock	MIT OR Apache-2.0	RustCrypto Developers	https://github.com/RustCrypto/block-modes	crates.io/ctr/0.9.2	63af4bea227c94d021e99427f6ca3a4b8efddadcca93ab6130f708cf6138cf68;a9040321c3712d8fd0b09cf52b17445de04a23a10165049ae187cd39e5c86be5		RESOLVED_DECLARATION_AND_TEXT
cumulus-client-parachain-inherent@0.18.0	git+https://github.com/paritytech/polkadot-sdk?tag=polkadot-v1.19.1#f3969c7ddd34985e6e709ed458bcc519f651682a	NO_CHECKSUM	Cargo.lock	Apache-2.0	Era Contributors	{'workspace': True}	polkadot-sdk@f3969c7ddd34985e6e709ed458bcc519f651682a/cumulus/client/parachain-inherent/Cargo.toml	d62f065830aa3739cc031156b9690805c7b2e811b4a178c8b4acd8725d561c94		RESOLVED_DECLARATION_AND_TEXT
cumulus-pallet-parachain-system-proc-macro@0.6.0	git+https://github.com/paritytech/polkadot-sdk?tag=polkadot-v1.19.1#f3969c7ddd34985e6e709ed458bcc519f651682a	NO_CHECKSUM	Cargo.lock	Apache-2.0	Era Contributors	{'workspace': True}	polkadot-sdk@f3969c7ddd34985e6e709ed458bcc519f651682a/cumulus/pallets/parachain-system/proc-macro/Cargo.toml	d62f065830aa3739cc031156b9690805c7b2e811b4a178c8b4acd8725d561c94		RESOLVED_DECLARATION_AND_TEXT
cumulus-pallet-parachain-system@0.21.0	git+https://github.com/paritytech/polkadot-sdk?tag=polkadot-v1.19.1#f3969c7ddd34985e6e709ed458bcc519f651682a	NO_CHECKSUM	Cargo.lock	Apache-2.0	Era Contributors	{'workspace': True}	polkadot-sdk@f3969c7ddd34985e6e709ed458bcc519f651682a/cumulus/pallets/parachain-system/Cargo.toml	d62f065830aa3739cc031156b9690805c7b2e811b4a178c8b4acd8725d561c94		RESOLVED_DECLARATION_AND_TEXT
cumulus-primitives-core@0.19.0	git+https://github.com/paritytech/polkadot-sdk?tag=polkadot-v1.19.1#f3969c7ddd34985e6e709ed458bcc519f651682a	NO_CHECKSUM	Cargo.lock	Apache-2.0	Era Contributors	{'workspace': True}	polkadot-sdk@f3969c7ddd34985e6e709ed458bcc519f651682a/cumulus/primitives/core/Cargo.toml	d62f065830aa3739cc031156b9690805c7b2e811b4a178c8b4acd8725d561c94		RESOLVED_DECLARATION_AND_TEXT
cumulus-primitives-parachain-inherent@0.19.0	git+https://github.com/paritytech/polkadot-sdk?tag=polkadot-v1.19.1#f3969c7ddd34985e6e709ed458bcc519f651682a	NO_CHECKSUM	Cargo.lock	Apache-2.0	Era Contributors	{'workspace': True}	polkadot-sdk@f3969c7ddd34985e6e709ed458bcc519f651682a/cumulus/primitives/parachain-inherent/Cargo.toml	d62f065830aa3739cc031156b9690805c7b2e811b4a178c8b4acd8725d561c94		RESOLVED_DECLARATION_AND_TEXT
cumulus-primitives-proof-size-hostfunction@0.13.0	git+https://github.com/paritytech/polkadot-sdk?tag=polkadot-v1.19.1#f3969c7ddd34985e6e709ed458bcc519f651682a	NO_CHECKSUM	Cargo.lock	Apache-2.0	Era Contributors	{'workspace': True}	polkadot-sdk@f3969c7ddd34985e6e709ed458bcc519f651682a/cumulus/primitives/proof-size-hostfunction/Cargo.toml	d62f065830aa3739cc031156b9690805c7b2e811b4a178c8b4acd8725d561c94		RESOLVED_DECLARATION_AND_TEXT
cumulus-relay-chain-interface@0.24.0	git+https://github.com/paritytech/polkadot-sdk?tag=polkadot-v1.19.1#f3969c7ddd34985e6e709ed458bcc519f651682a	NO_CHECKSUM	Cargo.lock	GPL-3.0-or-later WITH Classpath-exception-2.0	Era Contributors	{'workspace': True}	polkadot-sdk@f3969c7ddd34985e6e709ed458bcc519f651682a/cumulus/client/relay-chain-interface/Cargo.toml	d62f065830aa3739cc031156b9690805c7b2e811b4a178c8b4acd8725d561c94		RESOLVED_DECLARATION_AND_TEXT
cumulus-test-relay-sproof-builder@0.20.0	git+https://github.com/paritytech/polkadot-sdk?tag=polkadot-v1.19.1#f3969c7ddd34985e6e709ed458bcc519f651682a	NO_CHECKSUM	Cargo.lock	Apache-2.0	Era Contributors	{'workspace': True}	polkadot-sdk@f3969c7ddd34985e6e709ed458bcc519f651682a/cumulus/test/relay-sproof-builder/Cargo.toml	d62f065830aa3739cc031156b9690805c7b2e811b4a178c8b4acd8725d561c94		RESOLVED_DECLARATION_AND_TEXT
curve25519-dalek-derive@0.1.1	registry+https://github.com/rust-lang/crates.io-index	f46882e17999c6cc590af592290432be3bce0428cb0d5f8b6715e4dc7b383eb3	Cargo.lock	MIT/Apache-2.0		https://github.com/dalek-cryptography/curve25519-dalek	crates.io/curve25519-dalek-derive/0.1.1	23f18e03dc49df91622fe2a76176497404e46ced8a715d9d2b67a7446571cca3;a60eea817514531668d7e00765731449fe14d059d3249e0bc93b36de45f759f2		RESOLVED_DECLARATION_AND_TEXT
curve25519-dalek@4.1.3	registry+https://github.com/rust-lang/crates.io-index	97fb8b7c4503de7d6ae7b42ab72a5a59857b4c937ec27a3d4539dba95b5ab2be	Cargo.lock	BSD-3-Clause	Isis Lovecruft <isis@patternsinthevoid.net>;Henry de Valence <hdevalence@hdevalence.ca>	https://github.com/dalek-cryptography/curve25519-dalek/tree/main/curve25519-dalek	crates.io/curve25519-dalek/4.1.3	cca0bd3c4fcdba74145ef9d49c62337e2c9fbf9368288f11d0547f1b0273219f		RESOLVED_DECLARATION_AND_TEXT
cxx-build@1.0.187	registry+https://github.com/rust-lang/crates.io-index	d74b6bcf49ebbd91f1b1875b706ea46545032a14003b5557b7dfa4bbeba6766e	Cargo.lock	MIT OR Apache-2.0	David Tolnay <dtolnay@gmail.com>	https://github.com/dtolnay/cxx	crates.io/cxx-build/1.0.187	23f18e03dc49df91622fe2a76176497404e46ced8a715d9d2b67a7446571cca3;62c7a1e35f56406896d7aa7ca52d0cc0d272ac022b5d2796e7d6905db8a3636a		RESOLVED_DECLARATION_AND_TEXT
cxx@1.0.187	registry+https://github.com/rust-lang/crates.io-index	d8465678d499296e2cbf9d3acf14307458fd69b471a31b65b3c519efe8b5e187	Cargo.lock	MIT OR Apache-2.0	David Tolnay <dtolnay@gmail.com>	https://github.com/dtolnay/cxx	crates.io/cxx/1.0.187	23f18e03dc49df91622fe2a76176497404e46ced8a715d9d2b67a7446571cca3;62c7a1e35f56406896d7aa7ca52d0cc0d272ac022b5d2796e7d6905db8a3636a		RESOLVED_DECLARATION_AND_TEXT
cxxbridge-cmd@1.0.187	registry+https://github.com/rust-lang/crates.io-index	94ca2ad69673c4b35585edfa379617ac364bccd0ba0adf319811ba3a74ffa48a	Cargo.lock	MIT OR Apache-2.0	David Tolnay <dtolnay@gmail.com>	https://github.com/dtolnay/cxx	crates.io/cxxbridge-cmd/1.0.187	23f18e03dc49df91622fe2a76176497404e46ced8a715d9d2b67a7446571cca3;62c7a1e35f56406896d7aa7ca52d0cc0d272ac022b5d2796e7d6905db8a3636a		RESOLVED_DECLARATION_AND_TEXT
cxxbridge-flags@1.0.187	registry+https://github.com/rust-lang/crates.io-index	d29b52102aa395386d77d322b3a0522f2035e716171c2c60aa87cc5e9466e523	Cargo.lock	MIT OR Apache-2.0	David Tolnay <dtolnay@gmail.com>	https://github.com/dtolnay/cxx	crates.io/cxxbridge-flags/1.0.187	23f18e03dc49df91622fe2a76176497404e46ced8a715d9d2b67a7446571cca3;62c7a1e35f56406896d7aa7ca52d0cc0d272ac022b5d2796e7d6905db8a3636a		RESOLVED_DECLARATION_AND_TEXT
cxxbridge-macro@1.0.187	registry+https://github.com/rust-lang/crates.io-index	2a8ebf0b6138325af3ec73324cb3a48b64d57721f17291b151206782e61f66cd	Cargo.lock	MIT OR Apache-2.0	David Tolnay <dtolnay@gmail.com>	https://github.com/dtolnay/cxx	crates.io/cxxbridge-macro/1.0.187	23f18e03dc49df91622fe2a76176497404e46ced8a715d9d2b67a7446571cca3;62c7a1e35f56406896d7aa7ca52d0cc0d272ac022b5d2796e7d6905db8a3636a		RESOLVED_DECLARATION_AND_TEXT
darling@0.20.11	registry+https://github.com/rust-lang/crates.io-index	fc7f46116c46ff9ab3eb1597a45688b6715c6e628b5c133e288e709a29bcb4ee	Cargo.lock	MIT	Ted Driggs <ted.driggs@outlook.com>	https://github.com/TedDriggs/darling	crates.io/darling/0.20.11	8ea93490d74a5a1b1af3ff71d786271b3f1e5f0bea79ac16e02ec533cef040d6		RESOLVED_DECLARATION_AND_TEXT
darling@0.21.3	registry+https://github.com/rust-lang/crates.io-index	9cdf337090841a411e2a7f3deb9187445851f91b309c0c0a29e05f74a00a48c0	Cargo.lock	MIT	Ted Driggs <ted.driggs@outlook.com>	https://github.com/TedDriggs/darling	crates.io/darling/0.21.3	8ea93490d74a5a1b1af3ff71d786271b3f1e5f0bea79ac16e02ec533cef040d6		RESOLVED_DECLARATION_AND_TEXT
darling_core@0.20.11	registry+https://github.com/rust-lang/crates.io-index	0d00b9596d185e565c2207a0b01f8bd1a135483d02d9b7b0a54b11da8d53412e	Cargo.lock	MIT	Ted Driggs <ted.driggs@outlook.com>	https://github.com/TedDriggs/darling	crates.io/darling_core/0.20.11	8ea93490d74a5a1b1af3ff71d786271b3f1e5f0bea79ac16e02ec533cef040d6		RESOLVED_DECLARATION_AND_TEXT
darling_core@0.21.3	registry+https://github.com/rust-lang/crates.io-index	1247195ecd7e3c85f83c8d2a366e4210d588e802133e1e355180a9870b517ea4	Cargo.lock	MIT	Ted Driggs <ted.driggs@outlook.com>	https://github.com/TedDriggs/darling	crates.io/darling_core/0.21.3	8ea93490d74a5a1b1af3ff71d786271b3f1e5f0bea79ac16e02ec533cef040d6		RESOLVED_DECLARATION_AND_TEXT
darling_macro@0.20.11	registry+https://github.com/rust-lang/crates.io-index	fc34b93ccb385b40dc71c6fceac4b2ad23662c7eeb248cf10d529b7e055b6ead	Cargo.lock	MIT	Ted Driggs <ted.driggs@outlook.com>	https://github.com/TedDriggs/darling	crates.io/darling_macro/0.20.11	8ea93490d74a5a1b1af3ff71d786271b3f1e5f0bea79ac16e02ec533cef040d6		RESOLVED_DECLARATION_AND_TEXT
darling_macro@0.21.3	registry+https://github.com/rust-lang/crates.io-index	d38308df82d1080de0afee5d069fa14b0326a88c14f15c5ccda35b4a6c414c81	Cargo.lock	MIT	Ted Driggs <ted.driggs@outlook.com>	https://github.com/TedDriggs/darling	crates.io/darling_macro/0.21.3	8ea93490d74a5a1b1af3ff71d786271b3f1e5f0bea79ac16e02ec533cef040d6		RESOLVED_DECLARATION_AND_TEXT
dashmap@5.5.3	registry+https://github.com/rust-lang/crates.io-index	978747c1d849a7d2ee5e8adc0159961c48fb7e5db2f06af6723b80123bb53856	Cargo.lock	MIT	Acrimon <joel.wejdenstal@gmail.com>	https://github.com/xacrimon/dashmap	crates.io/dashmap/5.5.3	16692e8cee4aa06e3913787497eba2d47c42002014136f5da67be6ee640e28a3		RESOLVED_DECLARATION_AND_TEXT
data-encoding-macro-internal@0.1.16	registry+https://github.com/rust-lang/crates.io-index	8d162beedaa69905488a8da94f5ac3edb4dd4788b732fadb7bd120b2625c1976	Cargo.lock	MIT	Julien Cretin <cretin@google.com>	https://github.com/ia0/data-encoding	crates.io/data-encoding-macro-internal/0.1.16	b68ad1a3367b825447089e1f8d6829b97f47a89eb78d2f4ebaef4672f5606186		RESOLVED_DECLARATION_AND_TEXT
data-encoding-macro@0.1.18	registry+https://github.com/rust-lang/crates.io-index	47ce6c96ea0102f01122a185683611bd5ac8d99e62bc59dd12e6bda344ee673d	Cargo.lock	MIT	Julien Cretin <cretin@google.com>	https://github.com/ia0/data-encoding	crates.io/data-encoding-macro/0.1.18	b68ad1a3367b825447089e1f8d6829b97f47a89eb78d2f4ebaef4672f5606186		RESOLVED_DECLARATION_AND_TEXT
data-encoding@2.9.0	registry+https://github.com/rust-lang/crates.io-index	2a2330da5de22e8a3cb63252ce2abb30116bf5265e89c0e01bc17015ce30a476	Cargo.lock	MIT	Julien Cretin <git@ia0.eu>	https://github.com/ia0/data-encoding	crates.io/data-encoding/2.9.0	b68ad1a3367b825447089e1f8d6829b97f47a89eb78d2f4ebaef4672f5606186		RESOLVED_DECLARATION_AND_TEXT
der-parser@10.0.0	registry+https://github.com/rust-lang/crates.io-index	07da5016415d5a3c4dd39b11ed26f915f52fc4e0dc197d87908bc916e51bc1a6	Cargo.lock	MIT OR Apache-2.0	Pierre Chifflier <chifflier@wzdftpd.net>	https://github.com/rusticata/der-parser.git	crates.io/der-parser/10.0.0	a5c61b93b6ee1d104af9920cf020ff3c7efe818e31fe562c72261847a728f513;a60eea817514531668d7e00765731449fe14d059d3249e0bc93b36de45f759f2		RESOLVED_DECLARATION_AND_TEXT
der-parser@9.0.0	registry+https://github.com/rust-lang/crates.io-index	5cd0a5c643689626bec213c4d8bd4d96acc8ffdb4ad4bb6bc16abf27d5f4b553	Cargo.lock	MIT/Apache-2.0	Pierre Chifflier <chifflier@wzdftpd.net>	https://github.com/rusticata/der-parser.git	crates.io/der-parser/9.0.0	a5c61b93b6ee1d104af9920cf020ff3c7efe818e31fe562c72261847a728f513;a60eea817514531668d7e00765731449fe14d059d3249e0bc93b36de45f759f2		RESOLVED_DECLARATION_AND_TEXT
der@0.7.10	registry+https://github.com/rust-lang/crates.io-index	e7c1832837b905bbfb5101e07cc24c8deddf52f93225eee6ead5f4d63d53ddcb	Cargo.lock	Apache-2.0 OR MIT	RustCrypto Developers	https://github.com/RustCrypto/formats/tree/master/der	crates.io/der/0.7.10	a9040321c3712d8fd0b09cf52b17445de04a23a10165049ae187cd39e5c86be5;ad64fcb9589f162720f3cc5010ad76ca6ad3764e11861f9192c489df176bb71d		RESOLVED_DECLARATION_AND_TEXT
deranged@0.5.4	registry+https://github.com/rust-lang/crates.io-index	a41953f86f8a05768a6cda24def994fd2f424b04ec5c719cf89989779f199071	Cargo.lock	MIT OR Apache-2.0	Jacob Pratt <jacob@jhpratt.dev>	https://github.com/jhpratt/deranged	crates.io/deranged/0.5.4	231c837c45eb53f108fb48929e488965bc4fcc14e9ea21d35f50e6b99d98685b;edd65bdd88957a205c47d53fa499eed8865a70320f0f03f6391668cb304ea376		RESOLVED_DECLARATION_AND_TEXT
derivative@2.2.0	registry+https://github.com/rust-lang/crates.io-index	fcc3dd5e9e9c0b295d6e1e4d811fb6f157d5ffd784b8d202fc62eac8035a770b	Cargo.lock	MIT/Apache-2.0	mcarton <cartonmartin+git@gmail.com>	https://github.com/mcarton/rust-derivative	crates.io/derivative/2.2.0	a60eea817514531668d7e00765731449fe14d059d3249e0bc93b36de45f759f2;e94997ba9934ce993406caf5d5002a99ac7b0692363cb801e777b961d1934b98		RESOLVED_DECLARATION_AND_TEXT
derive-syn-parse@0.2.0	registry+https://github.com/rust-lang/crates.io-index	d65d7ce8132b7c0e54497a4d9a55a1c2a0912a0d786cf894472ba818fba45762	Cargo.lock	MIT OR Apache-2.0	sharnoff <git@sharnoff.io>	https://github.com/sharnoff/derive-syn-parse	crates.io/derive-syn-parse/0.2.0	23f18e03dc49df91622fe2a76176497404e46ced8a715d9d2b67a7446571cca3;a60eea817514531668d7e00765731449fe14d059d3249e0bc93b36de45f759f2		RESOLVED_DECLARATION_AND_TEXT
derive-where@1.6.0	registry+https://github.com/rust-lang/crates.io-index	ef941ded77d15ca19b40374869ac6000af1c9f2a4c0f3d4c70926287e6364a8f	Cargo.lock	MIT OR Apache-2.0		https://github.com/ModProg/derive-where	crates.io/derive-where/1.6.0	937230c05b5673fe216dda49dfc7c96591c63d0ea4c029e3e1b84aef3a45cbfd;cfc7749b96f63bd31c3c42b5c471bf756814053e847c10f3eb003417bc523d30		RESOLVED_DECLARATION_AND_TEXT
derive_more-impl@1.0.0	registry+https://github.com/rust-lang/crates.io-index	cb7330aeadfbe296029522e6c40f315320aba36fc43a5b3632f3795348f3bd22	Cargo.lock	MIT	Jelte Fennema <github-tech@jeltef.nl>	https://github.com/JelteF/derive_more	crates.io/derive_more-impl/1.0.0	8a35369f3ca263b3c62fbb5032947e53b6bfebc6c8a4d1bb982de1c069f6fba5		RESOLVED_DECLARATION_AND_TEXT
derive_more-impl@2.0.1	registry+https://github.com/rust-lang/crates.io-index	bda628edc44c4bb645fbe0f758797143e4e07926f7ebf4e9bdfbd3d2ce621df3	Cargo.lock	MIT	Jelte Fennema <github-tech@jeltef.nl>	https://github.com/JelteF/derive_more	crates.io/derive_more-impl/2.0.1	8a35369f3ca263b3c62fbb5032947e53b6bfebc6c8a4d1bb982de1c069f6fba5		RESOLVED_DECLARATION_AND_TEXT
derive_more@0.99.20	registry+https://github.com/rust-lang/crates.io-index	6edb4b64a43d977b8e99788fe3a04d483834fba1215a7e02caa415b626497f7f	Cargo.lock	MIT	Jelte Fennema <github-tech@jeltef.nl>	https://github.com/JelteF/derive_more	crates.io/derive_more/0.99.20	8a35369f3ca263b3c62fbb5032947e53b6bfebc6c8a4d1bb982de1c069f6fba5		RESOLVED_DECLARATION_AND_TEXT
derive_more@1.0.0	registry+https://github.com/rust-lang/crates.io-index	4a9b99b9cbbe49445b21764dc0625032a89b145a2642e67603e1c936f5458d05	Cargo.lock	MIT	Jelte Fennema <github-tech@jeltef.nl>	https://github.com/JelteF/derive_more	crates.io/derive_more/1.0.0	8a35369f3ca263b3c62fbb5032947e53b6bfebc6c8a4d1bb982de1c069f6fba5		RESOLVED_DECLARATION_AND_TEXT
derive_more@2.0.1	registry+https://github.com/rust-lang/crates.io-index	093242cf7570c207c83073cf82f79706fe7b8317e98620a47d5be7c3d8497678	Cargo.lock	MIT	Jelte Fennema <github-tech@jeltef.nl>	https://github.com/JelteF/derive_more	crates.io/derive_more/2.0.1	8a35369f3ca263b3c62fbb5032947e53b6bfebc6c8a4d1bb982de1c069f6fba5		RESOLVED_DECLARATION_AND_TEXT
digest@0.10.7	registry+https://github.com/rust-lang/crates.io-index	9ed9a281f7bc9b7576e61468ba615a66a5c8cfdff42420a70aa82701a3b1e292	Cargo.lock	MIT OR Apache-2.0	RustCrypto Developers	https://github.com/RustCrypto/traits	crates.io/digest/0.10.7	9e0dfd2dd4173a530e238cb6adb37aa78c34c6bc7444e0e10c1ab5d8881f63ba;a9040321c3712d8fd0b09cf52b17445de04a23a10165049ae187cd39e5c86be5		RESOLVED_DECLARATION_AND_TEXT
digest@0.8.1	registry+https://github.com/rust-lang/crates.io-index	f3d0c8c8752312f9713efd397ff63acb9f85585afbf179282e720e7704954dd5	Cargo.lock	MIT OR Apache-2.0	RustCrypto Developers	https://github.com/RustCrypto/traits	crates.io/digest/0.8.1	9e0dfd2dd4173a530e238cb6adb37aa78c34c6bc7444e0e10c1ab5d8881f63ba;a9040321c3712d8fd0b09cf52b17445de04a23a10165049ae187cd39e5c86be5		RESOLVED_DECLARATION_AND_TEXT
digest@0.9.0	registry+https://github.com/rust-lang/crates.io-index	d3dd60d1080a57a05ab032377049e0591415d2b31afd7028356dbf3cc6dcb066	Cargo.lock	MIT OR Apache-2.0	RustCrypto Developers	https://github.com/RustCrypto/traits	crates.io/digest/0.9.0	9e0dfd2dd4173a530e238cb6adb37aa78c34c6bc7444e0e10c1ab5d8881f63ba;a9040321c3712d8fd0b09cf52b17445de04a23a10165049ae187cd39e5c86be5		RESOLVED_DECLARATION_AND_TEXT
directories-next@2.0.0	registry+https://github.com/rust-lang/crates.io-index	339ee130d97a610ea5a5872d2bbb130fdf68884ff09d3028b81bec8a1ac23bbc	Cargo.lock	MIT OR Apache-2.0	The @xdg-rs members	https://github.com/xdg-rs/dirs/tree/master/directories	crates.io/directories-next/2.0.0	11955c617c19899b5c36d78c916739d1686f2e7ad8e3cec684c2f0f73b0db950;d3174ad63e721d4c9dccb8ad4320848992d314369bc46319720b5802c9153fe9		RESOLVED_DECLARATION_AND_TEXT
directories@5.0.1	registry+https://github.com/rust-lang/crates.io-index	9a49173b84e034382284f27f1af4dcbbd231ffa358c0fe316541a7337f376a35	Cargo.lock	MIT OR Apache-2.0	Simon Ochsenreither <simon@ochsenreither.de>	https://github.com/soc/directories-rs	crates.io/directories/5.0.1	11955c617c19899b5c36d78c916739d1686f2e7ad8e3cec684c2f0f73b0db950;d3174ad63e721d4c9dccb8ad4320848992d314369bc46319720b5802c9153fe9		RESOLVED_DECLARATION_AND_TEXT
dirs-sys-next@0.1.2	registry+https://github.com/rust-lang/crates.io-index	4ebda144c4fe02d1f7ea1a7d9641b6fc6b580adcfa024ae48797ecdeb6825b4d	Cargo.lock	MIT OR Apache-2.0	The @xdg-rs members	https://github.com/xdg-rs/dirs/tree/master/dirs-sys	crates.io/dirs-sys-next/0.1.2	6a2e0ade09a7d5f816f11566fee2b151b32235a7fad52b41d49cce96f833c1a9;d3174ad63e721d4c9dccb8ad4320848992d314369bc46319720b5802c9153fe9		RESOLVED_DECLARATION_AND_TEXT
dirs-sys@0.4.1	registry+https://github.com/rust-lang/crates.io-index	520f05a5cbd335fae5a99ff7a6ab8627577660ee5cfd6a94a6a929b52ff0321c	Cargo.lock	MIT OR Apache-2.0	Simon Ochsenreither <simon@ochsenreither.de>	https://github.com/dirs-dev/dirs-sys-rs	crates.io/dirs-sys/0.4.1	6a2e0ade09a7d5f816f11566fee2b151b32235a7fad52b41d49cce96f833c1a9;d3174ad63e721d4c9dccb8ad4320848992d314369bc46319720b5802c9153fe9		RESOLVED_DECLARATION_AND_TEXT
dirs@5.0.1	registry+https://github.com/rust-lang/crates.io-index	44c45a9d03d6676652bcb5e724c7e988de1acad23a711b5217ab9cbecbec2225	Cargo.lock	MIT OR Apache-2.0	Simon Ochsenreither <simon@ochsenreither.de>	https://github.com/soc/dirs-rs	crates.io/dirs/5.0.1	6a2e0ade09a7d5f816f11566fee2b151b32235a7fad52b41d49cce96f833c1a9;d3174ad63e721d4c9dccb8ad4320848992d314369bc46319720b5802c9153fe9		RESOLVED_DECLARATION_AND_TEXT
displaydoc@0.2.5	registry+https://github.com/rust-lang/crates.io-index	97369cbbc041bc366949bc74d34658d6cda5621039731c6310521892a3a20ae0	Cargo.lock	MIT OR Apache-2.0	Jane Lusby <jlusby@yaah.dev>	https://github.com/yaahc/displaydoc	crates.io/displaydoc/0.2.5	23f18e03dc49df91622fe2a76176497404e46ced8a715d9d2b67a7446571cca3;a60eea817514531668d7e00765731449fe14d059d3249e0bc93b36de45f759f2		RESOLVED_DECLARATION_AND_TEXT
docify@0.2.9	registry+https://github.com/rust-lang/crates.io-index	a772b62b1837c8f060432ddcc10b17aae1453ef17617a99bc07789252d2a5896	Cargo.lock	MIT	sam0x17	https://github.com/sam0x17/docify	crates.io/docify/0.2.9	da3c59c2126a241f72971b424d9a8ad9146de6ac4ecd741b94e81f1a7c3be64e		RESOLVED_DECLARATION_AND_TEXT
docify_macros@0.2.9	registry+https://github.com/rust-lang/crates.io-index	60e6be249b0a462a14784a99b19bf35a667bb5e09de611738bb7362fa4c95ff7	Cargo.lock	MIT	sam0x17	https://github.com/sam0x17/docify	crates.io/docify_macros/0.2.9	da3c59c2126a241f72971b424d9a8ad9146de6ac4ecd741b94e81f1a7c3be64e		RESOLVED_DECLARATION_AND_TEXT
downcast-rs@1.2.1	registry+https://github.com/rust-lang/crates.io-index	75b325c5dbd37f80359721ad39aca5a29fb04c89279657cffdda8736d0c0b9d2	Cargo.lock	MIT/Apache-2.0	Ashish Myles <marcianx@gmail.com>;Runji Wang <wangrunji0408@163.com>	https://github.com/marcianx/downcast-rs	crates.io/downcast-rs/1.2.1	8173d5c29b4f956d532781d2b86e4e30f83e6b7878dce18c919451d6ba707c90;fb252fecf98d9af8f1d9201c5860319a514f5a8a24700dc84fc6ea287a7a4958		RESOLVED_DECLARATION_AND_TEXT
downcast@0.11.0	registry+https://github.com/rust-lang/crates.io-index	1435fa1053d8b2fbbe9be7e97eca7f33d37b28409959813daefc1446a14247f1	Cargo.lock	MIT	Felix Köpge <fkoep@mailbox.org>	https://github.com/fkoep/downcast-rs	crates.io/downcast/0.11.0	c81038315054072db233f9c9ed10c3303935be1630d0e91737defac4cb7f3d2e		RESOLVED_DECLARATION_AND_TEXT
dtoa@1.0.10	registry+https://github.com/rust-lang/crates.io-index	d6add3b8cff394282be81f3fc1a0605db594ed69890078ca6e2cab1c408bcf04	Cargo.lock	MIT OR Apache-2.0	David Tolnay <dtolnay@gmail.com>	https://github.com/dtolnay/dtoa	crates.io/dtoa/1.0.10	23f18e03dc49df91622fe2a76176497404e46ced8a715d9d2b67a7446571cca3;62c7a1e35f56406896d7aa7ca52d0cc0d272ac022b5d2796e7d6905db8a3636a		RESOLVED_DECLARATION_AND_TEXT
dunce@1.0.4	registry+https://github.com/rust-lang/crates.io-index	56ce8c6da7551ec6c462cbaf3bfbc75131ebbfa1c944aeaa9dab51ca1c5f0c3b	Cargo.lock	CC0-1.0 OR MIT-0 OR Apache-2.0	Kornel <kornel@geekhood.net>	https://gitlab.com/kornelski/dunce	crates.io/dunce/1.0.4	a2010f343487d3f7618affe54f789f5487602331c0a8d03f49e9a7c547cf0499		RESOLVED_DECLARATION_AND_TEXT
dyn-clonable-impl@0.9.2	registry+https://github.com/rust-lang/crates.io-index	7e8671d54058979a37a26f3511fbf8d198ba1aa35ffb202c42587d918d77213a	Cargo.lock	MIT	Jacob Brown <kardeiz@gmail.com>	https://github.com/kardeiz/objekt-clonable	crates.io/dyn-clonable-impl/0.9.2			RESOLVED_MANIFEST_DECLARATION_NO_ADJACENT_TEXT
dyn-clonable@0.9.2	registry+https://github.com/rust-lang/crates.io-index	a36efbb9bfd58e1723780aa04b61aba95ace6a05d9ffabfdb0b43672552f0805	Cargo.lock	MIT	Jacob Brown <kardeiz@gmail.com>	https://github.com/kardeiz/objekt-clonable	crates.io/dyn-clonable/0.9.2			RESOLVED_MANIFEST_DECLARATION_NO_ADJACENT_TEXT
dyn-clone@1.0.20	registry+https://github.com/rust-lang/crates.io-index	d0881ea181b1df73ff77ffaaf9c7544ecc11e82fba9b5f27b262a3c73a332555	Cargo.lock	MIT OR Apache-2.0	David Tolnay <dtolnay@gmail.com>	https://github.com/dtolnay/dyn-clone	crates.io/dyn-clone/1.0.20	23f18e03dc49df91622fe2a76176497404e46ced8a715d9d2b67a7446571cca3;62c7a1e35f56406896d7aa7ca52d0cc0d272ac022b5d2796e7d6905db8a3636a		RESOLVED_DECLARATION_AND_TEXT
ecdsa@0.16.9	registry+https://github.com/rust-lang/crates.io-index	ee27f32b5c5292967d2d4a9d7f1e0b0aed2c15daded5a60300e4abb9d8020bca	Cargo.lock	Apache-2.0 OR MIT	RustCrypto Developers	https://github.com/RustCrypto/signatures/tree/master/ecdsa	crates.io/ecdsa/0.16.9	78779d420019e6b4630376af8e86b6b335ee8a2f89ede6e0411e0469a326aaa4;bdebaf9156a298f8fdab56dd26cb5144673de522d80f4c0d88e0039145f147f9		RESOLVED_DECLARATION_AND_TEXT
ed25519-dalek@2.2.0	registry+https://github.com/rust-lang/crates.io-index	70e796c081cee67dc755e1a36a0a172b897fab85fc3f6bc48307991f64e4eca9	Cargo.lock	BSD-3-Clause	isis lovecruft <isis@patternsinthevoid.net>;Tony Arcieri <bascule@gmail.com>;Michael Rosenberg <michael@mrosenberg.pub>	https://github.com/dalek-cryptography/curve25519-dalek/tree/main/ed25519-dalek	crates.io/ed25519-dalek/2.2.0	7a313964a6e050794d2ad57f4863c11f6bbe055c0ae6ce2cf3b9fc45150bada3		RESOLVED_DECLARATION_AND_TEXT
ed25519-zebra@4.1.0	registry+https://github.com/rust-lang/crates.io-index	0017d969298eec91e3db7a2985a8cab4df6341d86e6f3a6f5878b13fb7846bc9	Cargo.lock	MIT OR Apache-2.0	Henry de Valence <hdevalence@hdevalence.ca>;Zcash Foundation <zebra@zfnd.org>	https://github.com/ZcashFoundation/ed25519-zebra	crates.io/ed25519-zebra/4.1.0	12e69367efb0be0787d2720bffd9c2cb58325596fca65bae5cb64fca61b5e701;9a52a8c29366239832c7769e587e12b622f319828346f672d41477bae5f03d97		RESOLVED_DECLARATION_AND_TEXT
ed25519@2.2.3	registry+https://github.com/rust-lang/crates.io-index	115531babc129696a58c64a4fef0a8bf9e9698629fb97e9e40767d235cfbcd53	Cargo.lock	Apache-2.0 OR MIT	RustCrypto Developers	https://github.com/RustCrypto/signatures/tree/master/ed25519	crates.io/ed25519/2.2.3	78779d420019e6b4630376af8e86b6b335ee8a2f89ede6e0411e0469a326aaa4;b3470648aff02beb36d7a53240fc9260ed80ed93bd43bace6b67d7ef7336ee33		RESOLVED_DECLARATION_AND_TEXT
educe@0.6.0	registry+https://github.com/rust-lang/crates.io-index	1d7bc049e1bd8cdeb31b68bbd586a9464ecf9f3944af3958a7a9d0f8b9799417	Cargo.lock	MIT	Magic Len <len@magiclen.org>	https://github.com/magiclen/educe	crates.io/educe/0.6.0	dd0741aba702705d02da3e18fca5d3a27538fe6c983e9f09946e82ecfc59acab		RESOLVED_DECLARATION_AND_TEXT
either@1.15.0	registry+https://github.com/rust-lang/crates.io-index	48c757948c5ede0e46177b7add2e67155f70e33c07fea8284df6576da70b3719	Cargo.lock	MIT OR Apache-2.0	bluss	https://github.com/rayon-rs/either	crates.io/either/1.15.0	7576269ea71f767b99297934c0b2367532690f8c4badc695edf8e04ab6a1e545;a60eea817514531668d7e00765731449fe14d059d3249e0bc93b36de45f759f2		RESOLVED_DECLARATION_AND_TEXT
elliptic-curve@0.13.8	registry+https://github.com/rust-lang/crates.io-index	b5e6043086bf7973472e0c7dff2142ea0b680d30e18d9cc40f267efbf222bd47	Cargo.lock	Apache-2.0 OR MIT	RustCrypto Developers	https://github.com/RustCrypto/traits/tree/master/elliptic-curve	crates.io/elliptic-curve/0.13.8	a9040321c3712d8fd0b09cf52b17445de04a23a10165049ae187cd39e5c86be5;d27687b51f2874822c1530976b7e837eac4f308d94bf3dd42047011b7d437b47		RESOLVED_DECLARATION_AND_TEXT
encode_unicode@1.0.0	registry+https://github.com/rust-lang/crates.io-index	34aa73646ffb006b8f5147f3dc182bd4bcb190227ce861fc4a4844bf8e3cb2c0	Cargo.lock	Apache-2.0 OR MIT	Torbjørn Birch Moltu <t.b.moltu@lyse.net>	https://github.com/tormol/encode_unicode	crates.io/encode_unicode/1.0.0	cfc7749b96f63bd31c3c42b5c471bf756814053e847c10f3eb003417bc523d30;da23be69ad3ccf7a5823d62152efcd2b15de9482a5014fcb1b02844662d86abd		RESOLVED_DECLARATION_AND_TEXT
enum-as-inner@0.6.1	registry+https://github.com/rust-lang/crates.io-index	a1e6a265c649f3f5979b601d26f1d05ada116434c87741c9493cb56218f76cbc	Cargo.lock	MIT/Apache-2.0	Benjamin Fry <benjaminfry@me.com>	https://github.com/bluejekyll/enum-as-inner	crates.io/enum-as-inner/0.6.1	10d73bf26900fa6dd6f2613bb962b7bd8fa1e66618fcf0f9f899aa071a4ee200;b54db71f7d0b1f62c8c1b6b297347b81f7c217b4ce7e58223a20d2275535cd17;c6596eb7be8581c18be736c846fb9173b69eccf6ef94c5135893ec56bd92ba08		RESOLVED_DECLARATION_AND_TEXT
enum-ordinalize-derive@4.3.1	registry+https://github.com/rust-lang/crates.io-index	0d28318a75d4aead5c4db25382e8ef717932d0346600cacae6357eb5941bc5ff	Cargo.lock	MIT		https://github.com/magiclen/enum-ordinalize	crates.io/enum-ordinalize-derive/4.3.1	dd0741aba702705d02da3e18fca5d3a27538fe6c983e9f09946e82ecfc59acab		RESOLVED_DECLARATION_AND_TEXT
enum-ordinalize@4.3.0	registry+https://github.com/rust-lang/crates.io-index	fea0dcfa4e54eeb516fe454635a95753ddd39acda650ce703031c6973e315dd5	Cargo.lock	MIT		https://github.com/magiclen/enum-ordinalize	crates.io/enum-ordinalize/4.3.0	dd0741aba702705d02da3e18fca5d3a27538fe6c983e9f09946e82ecfc59acab		RESOLVED_DECLARATION_AND_TEXT
enumflags2@0.7.11	registry+https://github.com/rust-lang/crates.io-index	ba2f4b465f5318854c6f8dd686ede6c0a9dc67d4b1ac241cf0eb51521a309147	Cargo.lock	MIT OR Apache-2.0	maik klein <maikklein@googlemail.com>;Maja Kądziołka <maya@compilercrim.es>	https://github.com/meithecatte/enumflags2	crates.io/enumflags2/0.7.11	2e3edd2716fb15616e867bd53f724f0906732242e9ae76bb1faad1d88f7eeebd;41ba8a366e4129d0b7551f8b98211f59635b2e30c0a3c7845e828e2a7ce42064		RESOLVED_DECLARATION_AND_TEXT
enumflags2_derive@0.7.11	registry+https://github.com/rust-lang/crates.io-index	fc4caf64a58d7a6d65ab00639b046ff54399a39f5f2554728895ace4b297cd79	Cargo.lock	MIT OR Apache-2.0	maik klein <maikklein@googlemail.com>;Maja Kądziołka <maya@compilercrim.es>	https://github.com/meithecatte/enumflags2	crates.io/enumflags2_derive/0.7.11	68d7c3ae5b131ec533fb33a9fd63753eb82fac77d7597bb5058a5af07adf9f06;d13669f0eaff9b7015bff0d8637297213b53d9f239826636c07a15633acf7052		RESOLVED_DECLARATION_AND_TEXT
env_filter@0.1.4	registry+https://github.com/rust-lang/crates.io-index	1bf3c259d255ca70051b30e2e95b5446cdb8949ac4cd22c0d7fd634d89f568e2	Cargo.lock	MIT OR Apache-2.0		https://github.com/rust-cli/env_logger	crates.io/env_filter/0.1.4	6efb0476a1cc085077ed49357026d8c173bf33017278ef440f222fb9cbcb66e6;c6596eb7be8581c18be736c846fb9173b69eccf6ef94c5135893ec56bd92ba08		RESOLVED_DECLARATION_AND_TEXT
env_logger@0.10.2	registry+https://github.com/rust-lang/crates.io-index	4cd405aab171cb85d6735e5c8d9db038c17d3ca007a4d2c25f337935c3d90580	Cargo.lock	MIT OR Apache-2.0		https://github.com/rust-cli/env_logger	crates.io/env_logger/0.10.2	6efb0476a1cc085077ed49357026d8c173bf33017278ef440f222fb9cbcb66e6;c6596eb7be8581c18be736c846fb9173b69eccf6ef94c5135893ec56bd92ba08		RESOLVED_DECLARATION_AND_TEXT
environmental@1.1.4	registry+https://github.com/rust-lang/crates.io-index	e48c92028aaa870e83d51c64e5d4e0b6981b360c522198c23959f219a4e1b15b	Cargo.lock	Apache-2.0	Parity Technologies <admin@parity.io>	NONE	crates.io/environmental/1.1.4	c71d239df91726fc519c6eb72d318ec65820627232b2f796219e87dcf35d0ab4		RESOLVED_DECLARATION_AND_TEXT
equivalent@1.0.2	registry+https://github.com/rust-lang/crates.io-index	877a4ace8713b0bcf2a4e7eec82529c029f1d0619886d18145fea96c3ffe5c0f	Cargo.lock	Apache-2.0 OR MIT		https://github.com/indexmap-rs/equivalent	crates.io/equivalent/1.0.2	7365cc8878a1d7ce155a58c4ca09c3d7a6be413efa5334a80ea842912b669349;a60eea817514531668d7e00765731449fe14d059d3249e0bc93b36de45f759f2		RESOLVED_DECLARATION_AND_TEXT
era-node@0.1.0	PATH	NO_CHECKSUM	Cargo.lock	Apache-2.0	Era Contributors	NONE	node/Cargo.toml	aeedc1d75278c10560cff108cdef5ae2ffc2a9478853654f46ffc555b9249425		RESOLVED_DECLARATION_AND_TEXT
era-runtime@0.1.0	PATH	NO_CHECKSUM	Cargo.lock	Apache-2.0	Era Contributors	NONE	runtime/Cargo.toml	aeedc1d75278c10560cff108cdef5ae2ffc2a9478853654f46ffc555b9249425		RESOLVED_DECLARATION_AND_TEXT
era-security-backport-smoke@0.1.0	PATH	NO_CHECKSUM	Cargo.lock	Apache-2.0		NONE	tools/security-backport-smoke/Cargo.toml	aeedc1d75278c10560cff108cdef5ae2ffc2a9478853654f46ffc555b9249425		RESOLVED_DECLARATION_AND_TEXT
era-v14-amm@0.1.0	PATH	NO_CHECKSUM	Cargo.lock	Apache-2.0		NONE	pallets/era-v14-amm/Cargo.toml	aeedc1d75278c10560cff108cdef5ae2ffc2a9478853654f46ffc555b9249425		RESOLVED_DECLARATION_AND_TEXT
era-v14-application-primitives@0.1.0	PATH	NO_CHECKSUM	Cargo.lock	Apache-2.0	Era Contributors	NONE	pallets/era-v14-application-primitives/Cargo.toml	aeedc1d75278c10560cff108cdef5ae2ffc2a9478853654f46ffc555b9249425		RESOLVED_DECLARATION_AND_TEXT
era-v14-custody-governance@0.1.0	PATH	NO_CHECKSUM	Cargo.lock	Apache-2.0	Era Contributors	NONE	pallets/custody-governance/Cargo.toml	aeedc1d75278c10560cff108cdef5ae2ffc2a9478853654f46ffc555b9249425		RESOLVED_DECLARATION_AND_TEXT
era-validator-security@0.1.0	PATH	NO_CHECKSUM	Cargo.lock	Apache-2.0		NONE	pallets/validator-security/Cargo.toml	aeedc1d75278c10560cff108cdef5ae2ffc2a9478853654f46ffc555b9249425		RESOLVED_DECLARATION_AND_TEXT
errno@0.3.14	registry+https://github.com/rust-lang/crates.io-index	39cab71617ae0d63f51a36d69f866391735b51691dbda63cf6f96d042b63efeb	Cargo.lock	MIT OR Apache-2.0	Chris Wong <lambda.fairy@gmail.com>;Dan Gohman <dev@sunfishcode.online>	https://github.com/lambda-fairy/rust-errno	crates.io/errno/0.3.14	8764a597675778ddfd4e25f81b08a05dbcf089ac05662df7613fe67f150e3aa2;a60eea817514531668d7e00765731449fe14d059d3249e0bc93b36de45f759f2		RESOLVED_DECLARATION_AND_TEXT
ethbloom@0.14.1	registry+https://github.com/rust-lang/crates.io-index	8c321610643004cf908ec0f5f2aa0d8f1f8e14b540562a2887a1111ff1ecbf7b	Cargo.lock	MIT OR Apache-2.0	Parity Technologies <admin@parity.io>	https://github.com/paritytech/parity-common	crates.io/ethbloom/0.14.1			RESOLVED_MANIFEST_DECLARATION_NO_ADJACENT_TEXT
ethereum-standards@0.1.1	git+https://github.com/paritytech/polkadot-sdk?tag=polkadot-v1.19.1#f3969c7ddd34985e6e709ed458bcc519f651682a	NO_CHECKSUM	Cargo.lock	Apache-2.0	Parity Technologies <admin@parity.io>	https://github.com/paritytech/polkadot-sdk.git	polkadot-sdk@f3969c7ddd34985e6e709ed458bcc519f651682a/substrate/primitives/ethereum-standards/Cargo.toml	aab56b4a581fc1c50b7c782eacf2fc8be05a47cd98e4bf4d836dd9b6dd9c86f4;e93d18cb209947d5e75300c9cd9043e1e680034bcd7df0635e1012cc8d8311ab		RESOLVED_DECLARATION_AND_TEXT
ethereum-types@0.15.1	registry+https://github.com/rust-lang/crates.io-index	1ab15ed80916029f878e0267c3a9f92b67df55e79af370bf66199059ae2b4ee3	Cargo.lock	MIT OR Apache-2.0	Parity Technologies <admin@parity.io>	NONE	crates.io/ethereum-types/0.15.1			RESOLVED_MANIFEST_DECLARATION_NO_ADJACENT_TEXT
event-listener-strategy@0.5.4	registry+https://github.com/rust-lang/crates.io-index	8be9f3dfaaffdae2972880079a491a1a8bb7cbed0b8dd7a347f668b4150a3b93	Cargo.lock	Apache-2.0 OR MIT	John Nunley <dev@notgull.net>	https://github.com/smol-rs/event-listener-strategy	crates.io/event-listener-strategy/0.5.4	23f18e03dc49df91622fe2a76176497404e46ced8a715d9d2b67a7446571cca3;a60eea817514531668d7e00765731449fe14d059d3249e0bc93b36de45f759f2		RESOLVED_DECLARATION_AND_TEXT
event-listener@2.5.3	registry+https://github.com/rust-lang/crates.io-index	0206175f82b8d6bf6652ff7d71a1e27fd2e4efde587fd368662814d6ec1d9ce0	Cargo.lock	Apache-2.0 OR MIT	Stjepan Glavina <stjepang@gmail.com>	https://github.com/smol-rs/event-listener	crates.io/event-listener/2.5.3	23f18e03dc49df91622fe2a76176497404e46ced8a715d9d2b67a7446571cca3;a60eea817514531668d7e00765731449fe14d059d3249e0bc93b36de45f759f2		RESOLVED_DECLARATION_AND_TEXT
event-listener@5.4.1	registry+https://github.com/rust-lang/crates.io-index	e13b66accf52311f30a0db42147dadea9850cb48cd070028831ae5f5d4b856ab	Cargo.lock	Apache-2.0 OR MIT	Stjepan Glavina <stjepang@gmail.com>;John Nunley <dev@notgull.net>	https://github.com/smol-rs/event-listener	crates.io/event-listener/5.4.1	23f18e03dc49df91622fe2a76176497404e46ced8a715d9d2b67a7446571cca3;a60eea817514531668d7e00765731449fe14d059d3249e0bc93b36de45f759f2		RESOLVED_DECLARATION_AND_TEXT
exit-future@0.2.0	registry+https://github.com/rust-lang/crates.io-index	e43f2f1833d64e33f15592464d6fdd70f349dda7b1a53088eb83cd94014008c5	Cargo.lock	MIT	Parity Technologies <admin@parity.io>	https://github.com/paritytech/exit-future	crates.io/exit-future/0.2.0			RESOLVED_MANIFEST_DECLARATION_NO_ADJACENT_TEXT
expander@2.2.1	registry+https://github.com/rust-lang/crates.io-index	e2c470c71d91ecbd179935b24170459e926382eaaa86b590b78814e180d8a8e2	Cargo.lock	MIT OR Apache-2.0	Bernhard Schuster <bernhard@ahoi.io>	https://github.com/drahnr/expander.git	crates.io/expander/2.2.1			RESOLVED_MANIFEST_DECLARATION_NO_ADJACENT_TEXT
fallible-iterator@0.2.0	registry+https://github.com/rust-lang/crates.io-index	4443176a9f2c162692bd3d352d745ef9413eec5782a80d8fd6f8a1ac692a07f7	Cargo.lock	MIT/Apache-2.0	Steven Fackler <sfackler@gmail.com>	https://github.com/sfackler/rust-fallible-iterator	crates.io/fallible-iterator/0.2.0	0816e154b159ba255c563f7c8c7df5bbb8cc5fc96f5ab8cf9f4743b4f41fe7eb;c6596eb7be8581c18be736c846fb9173b69eccf6ef94c5135893ec56bd92ba08		RESOLVED_DECLARATION_AND_TEXT
fallible-iterator@0.3.0	registry+https://github.com/rust-lang/crates.io-index	2acce4a10f12dc2fb14a218589d4f1f62ef011b2d0cc4b3cb1bba8e94da14649	Cargo.lock	MIT/Apache-2.0	Steven Fackler <sfackler@gmail.com>	https://github.com/sfackler/rust-fallible-iterator	crates.io/fallible-iterator/0.3.0	0816e154b159ba255c563f7c8c7df5bbb8cc5fc96f5ab8cf9f4743b4f41fe7eb;c6596eb7be8581c18be736c846fb9173b69eccf6ef94c5135893ec56bd92ba08		RESOLVED_DECLARATION_AND_TEXT
fastrand@2.3.0	registry+https://github.com/rust-lang/crates.io-index	37909eebbb50d72f9059c3b6d82c0463f2ff062c9e95845c43a6c9c0355411be	Cargo.lock	Apache-2.0 OR MIT	Stjepan Glavina <stjepang@gmail.com>	https://github.com/smol-rs/fastrand	crates.io/fastrand/2.3.0	23f18e03dc49df91622fe2a76176497404e46ced8a715d9d2b67a7446571cca3;a60eea817514531668d7e00765731449fe14d059d3249e0bc93b36de45f759f2		RESOLVED_DECLARATION_AND_TEXT
fastrlp@0.3.1	registry+https://github.com/rust-lang/crates.io-index	139834ddba373bbdd213dffe02c8d110508dcf1726c2be27e8d1f7d7e1856418	Cargo.lock	MPL-2.0		https://github.com/vorot93/fastrlp	crates.io/fastrlp/0.3.1	3f3d9e0024b1921b067d6f7f88deb4a60cbe7a78e76c64e3f1d7fc3b779b9d04		RESOLVED_DECLARATION_AND_TEXT
fastrlp@0.4.0	registry+https://github.com/rust-lang/crates.io-index	ce8dba4714ef14b8274c371879b175aa55b16b30f269663f19d576f380018dc4	Cargo.lock	MPL-2.0		https://github.com/vorot93/fastrlp	crates.io/fastrlp/0.4.0	3f3d9e0024b1921b067d6f7f88deb4a60cbe7a78e76c64e3f1d7fc3b779b9d04		RESOLVED_DECLARATION_AND_TEXT
fatality-proc-macro@0.1.1	registry+https://github.com/rust-lang/crates.io-index	eb42427514b063d97ce21d5199f36c0c307d981434a6be32582bc79fe5bd2303	Cargo.lock	MIT OR Apache-2.0	Bernhard Schuster <bernhard@ahoi.io>	https://github.com/drahnr/fatality.git	crates.io/fatality-proc-macro/0.1.1			RESOLVED_MANIFEST_DECLARATION_NO_ADJACENT_TEXT
fatality@0.1.1	registry+https://github.com/rust-lang/crates.io-index	ec6f82451ff7f0568c6181287189126d492b5654e30a788add08027b6363d019	Cargo.lock	MIT OR Apache-2.0	Bernhard Schuster <bernhard@ahoi.io>	https://github.com/drahnr/fatality.git	crates.io/fatality/0.1.1			RESOLVED_MANIFEST_DECLARATION_NO_ADJACENT_TEXT
fdlimit@0.3.0	registry+https://github.com/rust-lang/crates.io-index	e182f7dbc2ef73d9ef67351c5fbbea084729c48362d3ce9dd44c28e32e277fe5	Cargo.lock	Apache-2.0	Parity Technologies<admin@parity.io>	https://github.com/paritytech/fdlimit	crates.io/fdlimit/0.3.0	b079a8b0300467fd8eb24d145fc5984be7a7954d7fc5120670f7d06d9500d7fa		RESOLVED_DECLARATION_AND_TEXT
ff@0.13.1	registry+https://github.com/rust-lang/crates.io-index	c0b50bfb653653f9ca9095b427bed08ab8d75a137839d9ad64eb11810d5b6393	Cargo.lock	MIT/Apache-2.0	Sean Bowe <ewillbefull@gmail.com>;Jack Grigg <thestr4d@gmail.com>	https://github.com/zkcrypto/ff	crates.io/ff/0.13.1	3708458dee7f359ac6c9c5558023ed481be87e5372c43ebd7f2ca7ad23c12026;8d0c1d1d4b2bebf5b9211f0e883d5a482b7808f3ed31320da14ddee95811f4ef		RESOLVED_DECLARATION_AND_TEXT
fiat-crypto@0.2.9	registry+https://github.com/rust-lang/crates.io-index	28dea519a9695b9977216879a3ebfddf92f1c08c05d984f8996aecd6ecdc811d	Cargo.lock	MIT OR Apache-2.0 OR BSD-1-Clause	Fiat Crypto library authors <jgross@mit.edu>	https://github.com/mit-plv/fiat-crypto	crates.io/fiat-crypto/0.2.9	0034712d5e97a4f5b900a160a5c19d582b740d8e0638b4e44fd07e7b492dcd13;0c1240e29b4a2c528bcc3ccc38a98b1dba5e3e6b465da910208935f082e2ced6;6c935d087a2992d0f092665400a2fa99c98db58d96fbe29368f8f48182bed9aa;9eacbcb81be660840c714a560a9d65ba07913db98dd4baf969f78dd499fdd60f		RESOLVED_DECLARATION_AND_TEXT
file-guard@0.2.0	registry+https://github.com/rust-lang/crates.io-index	21ef72acf95ec3d7dbf61275be556299490a245f017cf084bd23b4f68cf9407c	Cargo.lock	MIT	Jeremy Larkin <jeremylarkin@gmail.com>	https://github.com/kalamay/file-guard	crates.io/file-guard/0.2.0	921c5518d420dc1ff43d2a61baa10052fb16f3a71a6aa28f40204756364b79db		RESOLVED_DECLARATION_AND_TEXT
file-per-thread-logger@0.1.6	registry+https://github.com/rust-lang/crates.io-index	84f2e425d9790201ba4af4630191feac6dcc98765b118d4d18e91d23c2353866	Cargo.lock	Apache-2.0 WITH LLVM-exception	Benjamin Bouvier <public@benj.me>	https://github.com/bnjbvr/file-per-thread-logger	crates.io/file-per-thread-logger/0.1.6	a6c48161a09acc75a0e25503bab66a731eb5fba5392ed4bb4743e4ba5085327a		RESOLVED_DECLARATION_AND_TEXT
filetime@0.2.26	registry+https://github.com/rust-lang/crates.io-index	bc0505cd1b6fa6580283f6bdf70a73fcf4aba1184038c90902b92b3dd0df63ed	Cargo.lock	MIT/Apache-2.0	Alex Crichton <alex@alexcrichton.com>	https://github.com/alexcrichton/filetime	crates.io/filetime/0.2.26	378f5840b258e2779c39418f3f2d7b2ba96f1c7917dd6be0713f88305dbda397;a60eea817514531668d7e00765731449fe14d059d3249e0bc93b36de45f759f2		RESOLVED_DECLARATION_AND_TEXT
finality-grandpa@0.16.3	registry+https://github.com/rust-lang/crates.io-index	b4f8f43dc520133541781ec03a8cab158ae8b7f7169cdf22e9050aa6cf0fbdfc	Cargo.lock	Apache-2.0	Parity Technologies <admin@parity.io>	https://github.com/paritytech/finality-grandpa	crates.io/finality-grandpa/0.16.3	cfc7749b96f63bd31c3c42b5c471bf756814053e847c10f3eb003417bc523d30		RESOLVED_DECLARATION_AND_TEXT
find-msvc-tools@0.1.4	registry+https://github.com/rust-lang/crates.io-index	52051878f80a721bb68ebfbc930e07b65ba72f2da88968ea5c06fd6ca3d3a127	Cargo.lock	MIT OR Apache-2.0		https://github.com/rust-lang/cc-rs	crates.io/find-msvc-tools/0.1.4	378f5840b258e2779c39418f3f2d7b2ba96f1c7917dd6be0713f88305dbda397;a60eea817514531668d7e00765731449fe14d059d3249e0bc93b36de45f759f2		RESOLVED_DECLARATION_AND_TEXT
fixed-hash@0.8.0	registry+https://github.com/rust-lang/crates.io-index	835c052cb0c08c1acf6ffd71c022172e18723949c8282f2b9f27efbc51e64534	Cargo.lock	MIT OR Apache-2.0	Parity Technologies <admin@parity.io>	https://github.com/paritytech/parity-common	crates.io/fixed-hash/0.8.0			RESOLVED_MANIFEST_DECLARATION_NO_ADJACENT_TEXT
fixedbitset@0.4.2	registry+https://github.com/rust-lang/crates.io-index	0ce7134b9999ecaf8bcd65542e436736ef32ddca1b3e06094cb6ec5755203b80	Cargo.lock	MIT/Apache-2.0	bluss	https://github.com/petgraph/fixedbitset	crates.io/fixedbitset/0.4.2	a60eea817514531668d7e00765731449fe14d059d3249e0bc93b36de45f759f2;ce592787ff2321feab698a4c612237f4378cc658ebb1d472913e5802cc47afb4		RESOLVED_DECLARATION_AND_TEXT
fixedbitset@0.5.7	registry+https://github.com/rust-lang/crates.io-index	1d674e81391d1e1ab681a28d99df07927c6d4aa5b027d7da16ba32d1d21ecd99	Cargo.lock	MIT OR Apache-2.0	bluss	https://github.com/petgraph/fixedbitset	crates.io/fixedbitset/0.5.7	a60eea817514531668d7e00765731449fe14d059d3249e0bc93b36de45f759f2;ce592787ff2321feab698a4c612237f4378cc658ebb1d472913e5802cc47afb4		RESOLVED_DECLARATION_AND_TEXT
fnv@1.0.7	registry+https://github.com/rust-lang/crates.io-index	3f9eec918d3f24069decb9af1554cad7c880e2da24a9afd88aca000531ab82c1	Cargo.lock	Apache-2.0 / MIT	Alex Crichton <alex@alexcrichton.com>	https://github.com/servo/rust-fnv	crates.io/fnv/1.0.7	65fdb6c76cd61612070c066eec9ecdb30ee74fb27859d0d9af58b9f499fd0c3e;a60eea817514531668d7e00765731449fe14d059d3249e0bc93b36de45f759f2		RESOLVED_DECLARATION_AND_TEXT
foldhash@0.1.5	registry+https://github.com/rust-lang/crates.io-index	d9c4f5dac5e15c24eb999c26181a6ca40b39fe946cbe4c263c7209467bc83af2	Cargo.lock	Zlib	Orson Peters <orsonpeters@gmail.com>	https://github.com/orlp/foldhash	crates.io/foldhash/0.1.5	b1181a40b2a7b25cf66fd01481713bc1005df082c53ef73e851e55071b102744		RESOLVED_DECLARATION_AND_TEXT
foldhash@0.2.0	registry+https://github.com/rust-lang/crates.io-index	77ce24cb58228fbb8aa041425bb1050850ac19177686ea6e0f41a70416f56fdb	Cargo.lock	Zlib	Orson Peters <orsonpeters@gmail.com>	https://github.com/orlp/foldhash	crates.io/foldhash/0.2.0	b1181a40b2a7b25cf66fd01481713bc1005df082c53ef73e851e55071b102744		RESOLVED_DECLARATION_AND_TEXT
fork-tree@13.0.1	git+https://github.com/paritytech/polkadot-sdk?tag=polkadot-v1.19.1#f3969c7ddd34985e6e709ed458bcc519f651682a	NO_CHECKSUM	Cargo.lock	Apache-2.0	Parity Technologies <admin@parity.io>	https://github.com/paritytech/polkadot-sdk.git	polkadot-sdk@f3969c7ddd34985e6e709ed458bcc519f651682a/substrate/utils/fork-tree/Cargo.toml	aab56b4a581fc1c50b7c782eacf2fc8be05a47cd98e4bf4d836dd9b6dd9c86f4;e93d18cb209947d5e75300c9cd9043e1e680034bcd7df0635e1012cc8d8311ab		RESOLVED_DECLARATION_AND_TEXT
form_urlencoded@1.2.2	registry+https://github.com/rust-lang/crates.io-index	cb4cb245038516f5f85277875cdaa4f7d2c9a0fa0468de06ed190163b1581fcf	Cargo.lock	MIT OR Apache-2.0	The rust-url developers	https://github.com/servo/rust-url	crates.io/form_urlencoded/1.2.2	20c7855c364d57ea4c97889a5e8d98470a9952dade37bd9248b9a54431670e5e;a60eea817514531668d7e00765731449fe14d059d3249e0bc93b36de45f759f2		RESOLVED_DECLARATION_AND_TEXT
forwarded-header-value@0.1.1	registry+https://github.com/rust-lang/crates.io-index	8835f84f38484cc86f110a805655697908257fb9a7af005234060891557198e9	Cargo.lock	ISC	James Brown <jbrown@easypost.com>	https://github.com/EasyPost/rust-forwarded-header-value	crates.io/forwarded-header-value/0.1.1	2c9064d970934e10f8fed27aa99752b13000a4d4bb745baf92ef2ee474c7d3a1		RESOLVED_DECLARATION_AND_TEXT
fragile@2.0.1	registry+https://github.com/rust-lang/crates.io-index	28dd6caf6059519a65843af8fe2a3ae298b14b80179855aeb4adc2c1934ee619	Cargo.lock	Apache-2.0	Armin Ronacher <armin.ronacher@active-4.com>	https://github.com/mitsuhiko/fragile	crates.io/fragile/2.0.1	cfc7749b96f63bd31c3c42b5c471bf756814053e847c10f3eb003417bc523d30		RESOLVED_DECLARATION_AND_TEXT
frame-benchmarking-cli@49.1.0	git+https://github.com/paritytech/polkadot-sdk?tag=polkadot-v1.19.1#f3969c7ddd34985e6e709ed458bcc519f651682a	NO_CHECKSUM	Cargo.lock	Apache-2.0	Era Contributors	{'workspace': True}	polkadot-sdk@f3969c7ddd34985e6e709ed458bcc519f651682a/substrate/utils/frame/benchmarking-cli/Cargo.toml	aab56b4a581fc1c50b7c782eacf2fc8be05a47cd98e4bf4d836dd9b6dd9c86f4;e93d18cb209947d5e75300c9cd9043e1e680034bcd7df0635e1012cc8d8311ab		RESOLVED_DECLARATION_AND_TEXT
frame-benchmarking@41.0.1	git+https://github.com/paritytech/polkadot-sdk?tag=polkadot-v1.19.1#f3969c7ddd34985e6e709ed458bcc519f651682a	NO_CHECKSUM	Cargo.lock	Apache-2.0	Parity Technologies <admin@parity.io>	https://github.com/paritytech/polkadot-sdk.git	polkadot-sdk@f3969c7ddd34985e6e709ed458bcc519f651682a/substrate/frame/benchmarking/Cargo.toml	aab56b4a581fc1c50b7c782eacf2fc8be05a47cd98e4bf4d836dd9b6dd9c86f4;e93d18cb209947d5e75300c9cd9043e1e680034bcd7df0635e1012cc8d8311ab		RESOLVED_DECLARATION_AND_TEXT
frame-decode@0.7.1	registry+https://github.com/rust-lang/crates.io-index	a7cb8796f93fa038f979a014234d632e9688a120e745f936e2635123c77537f7	Cargo.lock	Apache-2.0		https://github.com/paritytech/frame-decode	crates.io/frame-decode/0.7.1	c95bae1d1ce0235ecccd3560b772ec1efb97f348a79f0fbe0a634f0c2ccefe2c		RESOLVED_DECLARATION_AND_TEXT
frame-election-provider-solution-type@16.1.1	git+https://github.com/paritytech/polkadot-sdk?tag=polkadot-v1.19.1#f3969c7ddd34985e6e709ed458bcc519f651682a	NO_CHECKSUM	Cargo.lock	Apache-2.0	Parity Technologies <admin@parity.io>	https://github.com/paritytech/polkadot-sdk.git	polkadot-sdk@f3969c7ddd34985e6e709ed458bcc519f651682a/substrate/frame/election-provider-support/solution-type/Cargo.toml	aab56b4a581fc1c50b7c782eacf2fc8be05a47cd98e4bf4d836dd9b6dd9c86f4;e93d18cb209947d5e75300c9cd9043e1e680034bcd7df0635e1012cc8d8311ab		RESOLVED_DECLARATION_AND_TEXT
frame-election-provider-support@41.0.0	git+https://github.com/paritytech/polkadot-sdk?tag=polkadot-v1.19.1#f3969c7ddd34985e6e709ed458bcc519f651682a	NO_CHECKSUM	Cargo.lock	Apache-2.0	Parity Technologies <admin@parity.io>	https://github.com/paritytech/polkadot-sdk.git	polkadot-sdk@f3969c7ddd34985e6e709ed458bcc519f651682a/substrate/frame/election-provider-support/Cargo.toml	aab56b4a581fc1c50b7c782eacf2fc8be05a47cd98e4bf4d836dd9b6dd9c86f4;e93d18cb209947d5e75300c9cd9043e1e680034bcd7df0635e1012cc8d8311ab		RESOLVED_DECLARATION_AND_TEXT
frame-executive@41.0.0	git+https://github.com/paritytech/polkadot-sdk?tag=polkadot-v1.19.1#f3969c7ddd34985e6e709ed458bcc519f651682a	NO_CHECKSUM	Cargo.lock	Apache-2.0	Parity Technologies <admin@parity.io>	https://github.com/paritytech/polkadot-sdk.git	polkadot-sdk@f3969c7ddd34985e6e709ed458bcc519f651682a/substrate/frame/executive/Cargo.toml	aab56b4a581fc1c50b7c782eacf2fc8be05a47cd98e4bf4d836dd9b6dd9c86f4;e93d18cb209947d5e75300c9cd9043e1e680034bcd7df0635e1012cc8d8311ab		RESOLVED_DECLARATION_AND_TEXT
frame-metadata-hash-extension@0.9.0	git+https://github.com/paritytech/polkadot-sdk?tag=polkadot-v1.19.1#f3969c7ddd34985e6e709ed458bcc519f651682a	NO_CHECKSUM	Cargo.lock	Apache-2.0	Parity Technologies <admin@parity.io>	https://github.com/paritytech/polkadot-sdk.git	polkadot-sdk@f3969c7ddd34985e6e709ed458bcc519f651682a/substrate/frame/metadata-hash-extension/Cargo.toml	aab56b4a581fc1c50b7c782eacf2fc8be05a47cd98e4bf4d836dd9b6dd9c86f4;e93d18cb209947d5e75300c9cd9043e1e680034bcd7df0635e1012cc8d8311ab		RESOLVED_DECLARATION_AND_TEXT
frame-metadata@20.0.0	registry+https://github.com/rust-lang/crates.io-index	26de808fa6461f2485dc51811aefed108850064994fb4a62b3ac21ffa62ac8df	Cargo.lock	Apache-2.0	Parity Technologies <admin@parity.io>	https://github.com/paritytech/frame-metadata/	crates.io/frame-metadata/20.0.0			RESOLVED_MANIFEST_DECLARATION_NO_ADJACENT_TEXT
frame-metadata@21.0.0	registry+https://github.com/rust-lang/crates.io-index	20dfd1d7eae1d94e32e869e2fb272d81f52dd8db57820a373adb83ea24d7d862	Cargo.lock	Apache-2.0	Parity Technologies <admin@parity.io>	https://github.com/paritytech/frame-metadata/	crates.io/frame-metadata/21.0.0			RESOLVED_MANIFEST_DECLARATION_NO_ADJACENT_TEXT
frame-metadata@23.0.0	registry+https://github.com/rust-lang/crates.io-index	d8c26fcb0454397c522c05fdad5380c4e622f8a875638af33bff5a320d1fc965	Cargo.lock	Apache-2.0	Parity Technologies <admin@parity.io>	https://github.com/paritytech/frame-metadata/	crates.io/frame-metadata/23.0.0			RESOLVED_MANIFEST_DECLARATION_NO_ADJACENT_TEXT
frame-storage-access-test-runtime@0.2.0	git+https://github.com/paritytech/polkadot-sdk?tag=polkadot-v1.19.1#f3969c7ddd34985e6e709ed458bcc519f651682a	NO_CHECKSUM	Cargo.lock	Apache-2.0	Era Contributors	{'workspace': True}	polkadot-sdk@f3969c7ddd34985e6e709ed458bcc519f651682a/substrate/utils/frame/storage-access-test-runtime/Cargo.toml	aab56b4a581fc1c50b7c782eacf2fc8be05a47cd98e4bf4d836dd9b6dd9c86f4;e93d18cb209947d5e75300c9cd9043e1e680034bcd7df0635e1012cc8d8311ab		RESOLVED_DECLARATION_AND_TEXT
frame-support-procedural-tools-derive@12.0.0	git+https://github.com/paritytech/polkadot-sdk?tag=polkadot-v1.19.1#f3969c7ddd34985e6e709ed458bcc519f651682a	NO_CHECKSUM	Cargo.lock	Apache-2.0	Parity Technologies <admin@parity.io>	https://github.com/paritytech/polkadot-sdk.git	polkadot-sdk@f3969c7ddd34985e6e709ed458bcc519f651682a/substrate/frame/support/procedural/tools/derive/Cargo.toml	aab56b4a581fc1c50b7c782eacf2fc8be05a47cd98e4bf4d836dd9b6dd9c86f4;e93d18cb209947d5e75300c9cd9043e1e680034bcd7df0635e1012cc8d8311ab		RESOLVED_DECLARATION_AND_TEXT
frame-support-procedural-tools@13.0.1	git+https://github.com/paritytech/polkadot-sdk?tag=polkadot-v1.19.1#f3969c7ddd34985e6e709ed458bcc519f651682a	NO_CHECKSUM	Cargo.lock	Apache-2.0	Parity Technologies <admin@parity.io>	https://github.com/paritytech/polkadot-sdk.git	polkadot-sdk@f3969c7ddd34985e6e709ed458bcc519f651682a/substrate/frame/support/procedural/tools/Cargo.toml	aab56b4a581fc1c50b7c782eacf2fc8be05a47cd98e4bf4d836dd9b6dd9c86f4;e93d18cb209947d5e75300c9cd9043e1e680034bcd7df0635e1012cc8d8311ab		RESOLVED_DECLARATION_AND_TEXT
frame-support-procedural@34.0.0	git+https://github.com/paritytech/polkadot-sdk?tag=polkadot-v1.19.1#f3969c7ddd34985e6e709ed458bcc519f651682a	NO_CHECKSUM	Cargo.lock	Apache-2.0	Parity Technologies <admin@parity.io>	https://github.com/paritytech/polkadot-sdk.git	polkadot-sdk@f3969c7ddd34985e6e709ed458bcc519f651682a/substrate/frame/support/procedural/Cargo.toml	aab56b4a581fc1c50b7c782eacf2fc8be05a47cd98e4bf4d836dd9b6dd9c86f4;e93d18cb209947d5e75300c9cd9043e1e680034bcd7df0635e1012cc8d8311ab		RESOLVED_DECLARATION_AND_TEXT
frame-support@41.0.0	git+https://github.com/paritytech/polkadot-sdk?tag=polkadot-v1.19.1#f3969c7ddd34985e6e709ed458bcc519f651682a	NO_CHECKSUM	Cargo.lock	Apache-2.0	Parity Technologies <admin@parity.io>	https://github.com/paritytech/polkadot-sdk.git	polkadot-sdk@f3969c7ddd34985e6e709ed458bcc519f651682a/substrate/frame/support/Cargo.toml	aab56b4a581fc1c50b7c782eacf2fc8be05a47cd98e4bf4d836dd9b6dd9c86f4;e93d18cb209947d5e75300c9cd9043e1e680034bcd7df0635e1012cc8d8311ab		RESOLVED_DECLARATION_AND_TEXT
frame-system-benchmarking@41.0.0	git+https://github.com/paritytech/polkadot-sdk?tag=polkadot-v1.19.1#f3969c7ddd34985e6e709ed458bcc519f651682a	NO_CHECKSUM	Cargo.lock	Apache-2.0	Parity Technologies <admin@parity.io>	https://github.com/paritytech/polkadot-sdk.git	polkadot-sdk@f3969c7ddd34985e6e709ed458bcc519f651682a/substrate/frame/system/benchmarking/Cargo.toml	aab56b4a581fc1c50b7c782eacf2fc8be05a47cd98e4bf4d836dd9b6dd9c86f4;e93d18cb209947d5e75300c9cd9043e1e680034bcd7df0635e1012cc8d8311ab		RESOLVED_DECLARATION_AND_TEXT
frame-system-rpc-runtime-api@37.0.0	git+https://github.com/paritytech/polkadot-sdk?tag=polkadot-v1.19.1#f3969c7ddd34985e6e709ed458bcc519f651682a	NO_CHECKSUM	Cargo.lock	Apache-2.0	Parity Technologies <admin@parity.io>	https://github.com/paritytech/polkadot-sdk.git	polkadot-sdk@f3969c7ddd34985e6e709ed458bcc519f651682a/substrate/frame/system/rpc/runtime-api/Cargo.toml	aab56b4a581fc1c50b7c782eacf2fc8be05a47cd98e4bf4d836dd9b6dd9c86f4;e93d18cb209947d5e75300c9cd9043e1e680034bcd7df0635e1012cc8d8311ab		RESOLVED_DECLARATION_AND_TEXT
frame-system@41.0.0	git+https://github.com/paritytech/polkadot-sdk?tag=polkadot-v1.19.1#f3969c7ddd34985e6e709ed458bcc519f651682a	NO_CHECKSUM	Cargo.lock	Apache-2.0	Parity Technologies <admin@parity.io>	https://github.com/paritytech/polkadot-sdk.git	polkadot-sdk@f3969c7ddd34985e6e709ed458bcc519f651682a/substrate/frame/system/Cargo.toml	aab56b4a581fc1c50b7c782eacf2fc8be05a47cd98e4bf4d836dd9b6dd9c86f4;e93d18cb209947d5e75300c9cd9043e1e680034bcd7df0635e1012cc8d8311ab		RESOLVED_DECLARATION_AND_TEXT
frame-try-runtime@0.47.0	git+https://github.com/paritytech/polkadot-sdk?tag=polkadot-v1.19.1#f3969c7ddd34985e6e709ed458bcc519f651682a	NO_CHECKSUM	Cargo.lock	Apache-2.0	Parity Technologies <admin@parity.io>	https://github.com/paritytech/polkadot-sdk.git	polkadot-sdk@f3969c7ddd34985e6e709ed458bcc519f651682a/substrate/frame/try-runtime/Cargo.toml	aab56b4a581fc1c50b7c782eacf2fc8be05a47cd98e4bf4d836dd9b6dd9c86f4;e93d18cb209947d5e75300c9cd9043e1e680034bcd7df0635e1012cc8d8311ab		RESOLVED_DECLARATION_AND_TEXT
fs-err@2.11.0	registry+https://github.com/rust-lang/crates.io-index	88a41f105fe1d5b6b34b2055e3dc59bb79b46b48b2040b9e6c7b4b5de097aa41	Cargo.lock	MIT/Apache-2.0	Andrew Hickman <andrew.hickman1@sky.com>	https://github.com/andrewhickman/fs-err	crates.io/fs-err/2.11.0	36516aefdc84c5d5a1e7485425913a22dbda69eb1930c5e84d6ae4972b5194b9;7cfd738c53d61c79f07e348f622bf7707c9084237054d37fbe07788a75f5881c		RESOLVED_DECLARATION_AND_TEXT
fs2@0.4.3	registry+https://github.com/rust-lang/crates.io-index	9564fc758e15025b46aa6643b1b77d047d1a56a1aea6e01002ac0c7026876213	Cargo.lock	MIT/Apache-2.0	Dan Burkert <dan@danburkert.com>	https://github.com/danburkert/fs2-rs	crates.io/fs2/0.4.3	7b63ecd5f1902af1b63729947373683c32745c16a10e8e6292e2e2dcd7e90ae0;a60eea817514531668d7e00765731449fe14d059d3249e0bc93b36de45f759f2		RESOLVED_DECLARATION_AND_TEXT
funty@2.0.0	registry+https://github.com/rust-lang/crates.io-index	e6d5a32815ae3f33302d95fdcb2ce17862f8c65363dcfd29360480ba1001fc9c	Cargo.lock	MIT	myrrlyn <self@myrrlyn.dev>	https://github.com/myrrlyn/funty	crates.io/funty/2.0.0	f790cc576999f5998c766d3d26d7d64dc368e805a98461484f65e8d961ec6d9f		RESOLVED_DECLARATION_AND_TEXT
futures-bounded@0.2.4	registry+https://github.com/rust-lang/crates.io-index	91f328e7fb845fc832912fb6a34f40cf6d1888c92f974d1893a54e97b5ff542e	Cargo.lock	MIT		https://github.com/thomaseizinger/rust-futures-bounded	crates.io/futures-bounded/0.2.4			RESOLVED_MANIFEST_DECLARATION_NO_ADJACENT_TEXT
futures-channel@0.3.31	registry+https://github.com/rust-lang/crates.io-index	2dff15bf788c671c1934e366d07e30c1814a8ef514e1af724a602e8a2fbe1b10	Cargo.lock	MIT OR Apache-2.0		https://github.com/rust-lang/futures-rs	crates.io/futures-channel/0.3.31	275c491d6d1160553c32fd6127061d7f9606c3ea25abfad6ca3f6ed088785427;6652c868f35dfe5e8ef636810a4e576b9d663f3a17fb0f5613ad73583e1b88fd		RESOLVED_DECLARATION_AND_TEXT
futures-core@0.3.31	registry+https://github.com/rust-lang/crates.io-index	05f29059c0c2090612e8d742178b0580d2dc940c837851ad723096f87af6663e	Cargo.lock	MIT OR Apache-2.0		https://github.com/rust-lang/futures-rs	crates.io/futures-core/0.3.31	275c491d6d1160553c32fd6127061d7f9606c3ea25abfad6ca3f6ed088785427;6652c868f35dfe5e8ef636810a4e576b9d663f3a17fb0f5613ad73583e1b88fd		RESOLVED_DECLARATION_AND_TEXT
futures-executor@0.3.31	registry+https://github.com/rust-lang/crates.io-index	1e28d1d997f585e54aebc3f97d39e72338912123a67330d723fdbb564d646c9f	Cargo.lock	MIT OR Apache-2.0		https://github.com/rust-lang/futures-rs	crates.io/futures-executor/0.3.31	275c491d6d1160553c32fd6127061d7f9606c3ea25abfad6ca3f6ed088785427;6652c868f35dfe5e8ef636810a4e576b9d663f3a17fb0f5613ad73583e1b88fd		RESOLVED_DECLARATION_AND_TEXT
futures-io@0.3.31	registry+https://github.com/rust-lang/crates.io-index	9e5c1b78ca4aae1ac06c48a526a655760685149f0d465d21f37abfe57ce075c6	Cargo.lock	MIT OR Apache-2.0		https://github.com/rust-lang/futures-rs	crates.io/futures-io/0.3.31	275c491d6d1160553c32fd6127061d7f9606c3ea25abfad6ca3f6ed088785427;6652c868f35dfe5e8ef636810a4e576b9d663f3a17fb0f5613ad73583e1b88fd		RESOLVED_DECLARATION_AND_TEXT
futures-lite@2.6.1	registry+https://github.com/rust-lang/crates.io-index	f78e10609fe0e0b3f4157ffab1876319b5b0db102a2c60dc4626306dc46b44ad	Cargo.lock	Apache-2.0 OR MIT	Stjepan Glavina <stjepang@gmail.com>;Contributors to futures-rs	https://github.com/smol-rs/futures-lite	crates.io/futures-lite/2.6.1	23f18e03dc49df91622fe2a76176497404e46ced8a715d9d2b67a7446571cca3;6226d0632e2e1a80c23597e964da9812ae193c535fe058154afb034e94167aa5;a60eea817514531668d7e00765731449fe14d059d3249e0bc93b36de45f759f2		RESOLVED_DECLARATION_AND_TEXT
futures-macro@0.3.31	registry+https://github.com/rust-lang/crates.io-index	162ee34ebcb7c64a8abebc059ce0fee27c2262618d7b60ed8faf72fef13c3650	Cargo.lock	MIT OR Apache-2.0		https://github.com/rust-lang/futures-rs	crates.io/futures-macro/0.3.31	275c491d6d1160553c32fd6127061d7f9606c3ea25abfad6ca3f6ed088785427;6652c868f35dfe5e8ef636810a4e576b9d663f3a17fb0f5613ad73583e1b88fd		RESOLVED_DECLARATION_AND_TEXT
futures-rustls@0.26.0	registry+https://github.com/rust-lang/crates.io-index	a8f2f12607f92c69b12ed746fabf9ca4f5c482cba46679c1a75b874ed7c26adb	Cargo.lock	MIT/Apache-2.0	quininer kel <quininer@live.com>	https://github.com/quininer/futures-rustls	crates.io/futures-rustls/0.26.0	8ef00f37f3b49f388ee3d2ffb66b51dbc433430350e6c82b48e0a79e33a86a44;99864c445c106e20fb256d2c49d6eff14ed8f0191bf7a050189e6ad1cd040322		RESOLVED_DECLARATION_AND_TEXT
futures-sink@0.3.31	registry+https://github.com/rust-lang/crates.io-index	e575fab7d1e0dcb8d0c7bcf9a63ee213816ab51902e6d244a95819acacf1d4f7	Cargo.lock	MIT OR Apache-2.0		https://github.com/rust-lang/futures-rs	crates.io/futures-sink/0.3.31	275c491d6d1160553c32fd6127061d7f9606c3ea25abfad6ca3f6ed088785427;6652c868f35dfe5e8ef636810a4e576b9d663f3a17fb0f5613ad73583e1b88fd		RESOLVED_DECLARATION_AND_TEXT
futures-task@0.3.31	registry+https://github.com/rust-lang/crates.io-index	f90f7dce0722e95104fcb095585910c0977252f286e354b5e3bd38902cd99988	Cargo.lock	MIT OR Apache-2.0		https://github.com/rust-lang/futures-rs	crates.io/futures-task/0.3.31	275c491d6d1160553c32fd6127061d7f9606c3ea25abfad6ca3f6ed088785427;6652c868f35dfe5e8ef636810a4e576b9d663f3a17fb0f5613ad73583e1b88fd		RESOLVED_DECLARATION_AND_TEXT
futures-timer@3.0.3	registry+https://github.com/rust-lang/crates.io-index	f288b0a4f20f9a56b5d1da57e2227c661b7b16168e2f72365f57b63326e29b24	Cargo.lock	MIT/Apache-2.0	Alex Crichton <alex@alexcrichton.com>	https://github.com/async-rs/futures-timer	crates.io/futures-timer/3.0.3	378f5840b258e2779c39418f3f2d7b2ba96f1c7917dd6be0713f88305dbda397;a60eea817514531668d7e00765731449fe14d059d3249e0bc93b36de45f759f2		RESOLVED_DECLARATION_AND_TEXT
futures-util@0.3.31	registry+https://github.com/rust-lang/crates.io-index	9fa08315bb612088cc391249efdc3bc77536f16c91f6cf495e6fbe85b20a4a81	Cargo.lock	MIT OR Apache-2.0		https://github.com/rust-lang/futures-rs	crates.io/futures-util/0.3.31	275c491d6d1160553c32fd6127061d7f9606c3ea25abfad6ca3f6ed088785427;6652c868f35dfe5e8ef636810a4e576b9d663f3a17fb0f5613ad73583e1b88fd		RESOLVED_DECLARATION_AND_TEXT
futures@0.3.31	registry+https://github.com/rust-lang/crates.io-index	65bc07b1a8bc7c85c5f2e110c476c7389b4554ba72af57d8445ea63a576b0876	Cargo.lock	MIT OR Apache-2.0		https://github.com/rust-lang/futures-rs	crates.io/futures/0.3.31	275c491d6d1160553c32fd6127061d7f9606c3ea25abfad6ca3f6ed088785427;6652c868f35dfe5e8ef636810a4e576b9d663f3a17fb0f5613ad73583e1b88fd		RESOLVED_DECLARATION_AND_TEXT
fxhash@0.2.1	registry+https://github.com/rust-lang/crates.io-index	c31b6d751ae2c7f11320402d34e41349dd1016f8d5d45e48c4312bc8625af50c	Cargo.lock	Apache-2.0/MIT	cbreeden <github@u.breeden.cc>	https://github.com/cbreeden/fxhash	crates.io/fxhash/0.2.1			RESOLVED_MANIFEST_DECLARATION_NO_ADJACENT_TEXT
generic-array@0.12.4	registry+https://github.com/rust-lang/crates.io-index	ffdf9f34f1447443d37393cc6c2b8313aebddcd96906caf34e54c68d8e57d7bd	Cargo.lock	MIT	Bartłomiej Kamiński <fizyk20@gmail.com>;Aaron Trent <novacrazy@gmail.com>	https://github.com/fizyk20/generic-array.git	crates.io/generic-array/0.12.4	ad4fcfaf8d5b12b97409c137a03d4a4e4b21024c65c54f976cc3b609c1bd5b0f		RESOLVED_DECLARATION_AND_TEXT
generic-array@0.14.9	registry+https://github.com/rust-lang/crates.io-index	4bb6743198531e02858aeaea5398fcc883e71851fcbcb5a2f773e2fb6cb1edf2	Cargo.lock	MIT	Bartłomiej Kamiński <fizyk20@gmail.com>;Aaron Trent <novacrazy@gmail.com>	https://github.com/fizyk20/generic-array.git	crates.io/generic-array/0.14.9	c09aae9d3c77b531f56351a9947bc7446511d6b025b3255312d3e3442a9a7583		RESOLVED_DECLARATION_AND_TEXT
gethostname@0.2.3	registry+https://github.com/rust-lang/crates.io-index	c1ebd34e35c46e00bb73e81363248d627782724609fe1b6396f553f68fe3862e	Cargo.lock	Apache-2.0	Sebastian Wiesner <sebastian@swsnr.de>	https://codeberg.org/flausch/gethostname.rs.git	crates.io/gethostname/0.2.3	a60eea817514531668d7e00765731449fe14d059d3249e0bc93b36de45f759f2		RESOLVED_DECLARATION_AND_TEXT
getrandom@0.2.16	registry+https://github.com/rust-lang/crates.io-index	335ff9f135e4384c8150d6f27c6daed433577f86b4750418338c01a1a2528592	Cargo.lock	MIT OR Apache-2.0	The Rand Project Developers	https://github.com/rust-random/getrandom	crates.io/getrandom/0.2.16	42fa16951ce7f24b5a467a40e5b449a1d41e662f97ca779864f053f39e097737;aaff376532ea30a0cd5330b9502ad4a4c8bf769c539c87ffe78819d188a18ebf		RESOLVED_DECLARATION_AND_TEXT
getrandom@0.3.4	registry+https://github.com/rust-lang/crates.io-index	899def5c37c4fd7b2664648c28120ecec138e4d395b459e5ca34f9cce2dd77fd	Cargo.lock	MIT OR Apache-2.0	The Rand Project Developers	https://github.com/rust-random/getrandom	crates.io/getrandom/0.3.4	29e9fe5074bd27e0e5d5d110394fbbcd841baee2651a3c4b4560a632702cede4;aaff376532ea30a0cd5330b9502ad4a4c8bf769c539c87ffe78819d188a18ebf		RESOLVED_DECLARATION_AND_TEXT
getrandom_or_panic@0.0.3	registry+https://github.com/rust-lang/crates.io-index	6ea1015b5a70616b688dc230cfe50c8af89d972cb132d5a622814d29773b10b9	Cargo.lock	BSD-3-Clause		https://github.com/burdges/getrandom_or_panic	crates.io/getrandom_or_panic/0.0.3			RESOLVED_MANIFEST_DECLARATION_NO_ADJACENT_TEXT
ghash@0.5.1	registry+https://github.com/rust-lang/crates.io-index	f0d8a4362ccb29cb0b265253fb0a2728f592895ee6854fd9bc13f2ffda266ff1	Cargo.lock	Apache-2.0 OR MIT	RustCrypto Developers	https://github.com/RustCrypto/universal-hashes	crates.io/ghash/0.5.1	a9040321c3712d8fd0b09cf52b17445de04a23a10165049ae187cd39e5c86be5;c0fabcc308b450cb6fe62c9f56fae6abbeb9768eb80d992484c857d744846c2e		RESOLVED_DECLARATION_AND_TEXT
gimli@0.27.3	registry+https://github.com/rust-lang/crates.io-index	b6c80984affa11d98d1b88b66ac8853f143217b399d3c74116778ff8fdb4ed2e	Cargo.lock	MIT OR Apache-2.0		https://github.com/gimli-rs/gimli	crates.io/gimli/0.27.3	7b63ecd5f1902af1b63729947373683c32745c16a10e8e6292e2e2dcd7e90ae0;a60eea817514531668d7e00765731449fe14d059d3249e0bc93b36de45f759f2		RESOLVED_DECLARATION_AND_TEXT
gimli@0.31.1	registry+https://github.com/rust-lang/crates.io-index	07e28edb80900c19c28f1072f2e8aeca7fa06b23cd4169cefe1af5aa3260783f	Cargo.lock	MIT OR Apache-2.0		https://github.com/gimli-rs/gimli	crates.io/gimli/0.31.1	7b63ecd5f1902af1b63729947373683c32745c16a10e8e6292e2e2dcd7e90ae0;a60eea817514531668d7e00765731449fe14d059d3249e0bc93b36de45f759f2		RESOLVED_DECLARATION_AND_TEXT
gimli@0.32.3	registry+https://github.com/rust-lang/crates.io-index	e629b9b98ef3dd8afe6ca2bd0f89306cec16d43d907889945bc5d6687f2f13c7	Cargo.lock	MIT OR Apache-2.0		https://github.com/gimli-rs/gimli	crates.io/gimli/0.32.3	7b63ecd5f1902af1b63729947373683c32745c16a10e8e6292e2e2dcd7e90ae0;a60eea817514531668d7e00765731449fe14d059d3249e0bc93b36de45f759f2		RESOLVED_DECLARATION_AND_TEXT
glob@0.3.3	registry+https://github.com/rust-lang/crates.io-index	0cc23270f6e1808e30a928bdc84dea0b9b4136a8bc82338574f23baf47bbd280	Cargo.lock	MIT OR Apache-2.0	The Rust Project Developers	https://github.com/rust-lang/glob	crates.io/glob/0.3.3	6485b8ed310d3f0340bf1ad1f47645069ce4069dcc6bb46c7d5c6faf41de1fdb;a60eea817514531668d7e00765731449fe14d059d3249e0bc93b36de45f759f2		RESOLVED_DECLARATION_AND_TEXT
governor@0.6.3	registry+https://github.com/rust-lang/crates.io-index	68a7f542ee6b35af73b06abc0dad1c1bae89964e4e253bc4b587b91c9637867b	Cargo.lock	MIT	Andreas Fuchs <asf@boinkor.net>	https://github.com/boinkor-net/governor.git	crates.io/governor/0.6.3			RESOLVED_MANIFEST_DECLARATION_NO_ADJACENT_TEXT
group@0.13.0	registry+https://github.com/rust-lang/crates.io-index	f0f9ef7462f7c099f518d754361858f86d8a07af53ba9af0fe635bbccb151a63	Cargo.lock	MIT/Apache-2.0	Sean Bowe <ewillbefull@gmail.com>;Jack Grigg <jack@z.cash>	https://github.com/zkcrypto/group	crates.io/group/0.13.0	23f18e03dc49df91622fe2a76176497404e46ced8a715d9d2b67a7446571cca3;7429802d3e67e3308471b91fbea341e484c4e0a23d0fb230a8636c38184cec79;a60eea817514531668d7e00765731449fe14d059d3249e0bc93b36de45f759f2		RESOLVED_DECLARATION_AND_TEXT
h2@0.3.27	registry+https://github.com/rust-lang/crates.io-index	0beca50380b1fc32983fc1cb4587bfa4bb9e78fc259aad4a0032d2080309222d	Cargo.lock	MIT	Carl Lerche <me@carllerche.com>;Sean McArthur <sean@seanmonstar.com>	https://github.com/hyperium/h2	crates.io/h2/0.3.27	b21623012e6c453d944b0342c515b631cfcbf30704c2621b291526b69c10724d		RESOLVED_DECLARATION_AND_TEXT
h2@0.4.16	registry+https://github.com/rust-lang/crates.io-index	a9f37a958b41b3b19ee2707c06439c0e9e547e847223eb791ecb0cb821c65e27	Cargo.lock	MIT	Carl Lerche <me@carllerche.com>;Sean McArthur <sean@seanmonstar.com>	https://github.com/hyperium/h2	crates.io/h2/0.4.16	b21623012e6c453d944b0342c515b631cfcbf30704c2621b291526b69c10724d		RESOLVED_DECLARATION_AND_TEXT
handlebars@5.1.2	registry+https://github.com/rust-lang/crates.io-index	d08485b96a0e6393e9e4d1b8d48cf74ad6c063cd905eb33f42c1ce3f0377539b	Cargo.lock	MIT	Ning Sun <sunng@pm.me>	https://github.com/sunng87/handlebars-rust	crates.io/handlebars/5.1.2	63b308fad3db82dc12067a8d7ff4b672fae97d12d0b4b3bb59179e27d640b3a4		RESOLVED_DECLARATION_AND_TEXT
hash-db@0.16.0	registry+https://github.com/rust-lang/crates.io-index	8e7d7786361d7425ae2fe4f9e407eb0efaa0840f5212d109cc018c40c35c6ab4	Cargo.lock	Apache-2.0	Parity Technologies <admin@parity.io>	https://github.com/paritytech/trie	crates.io/hash-db/0.16.0			RESOLVED_MANIFEST_DECLARATION_NO_ADJACENT_TEXT
hash256-std-hasher@0.15.2	registry+https://github.com/rust-lang/crates.io-index	92c171d55b98633f4ed3860808f004099b36c1cc29c42cfc53aa8591b21efcf2	Cargo.lock	Apache-2.0	Parity Technologies <admin@parity.io>	NONE	crates.io/hash256-std-hasher/0.15.2			RESOLVED_MANIFEST_DECLARATION_NO_ADJACENT_TEXT
hashbrown@0.12.3	registry+https://github.com/rust-lang/crates.io-index	8a9ee70c43aaf417c914396645a0fa852624801b24ebb7ae78fe8272889ac888	Cargo.lock	MIT OR Apache-2.0	Amanieu d'Antras <amanieu@gmail.com>	https://github.com/rust-lang/hashbrown	crates.io/hashbrown/0.12.3	a60eea817514531668d7e00765731449fe14d059d3249e0bc93b36de45f759f2;ff8f68cb076caf8cefe7a6430d4ac086ce6af2ca8ce2c4e5a2004d4552ef52a2		RESOLVED_DECLARATION_AND_TEXT
hashbrown@0.13.2	registry+https://github.com/rust-lang/crates.io-index	43a3c133739dddd0d2990f9a4bdf8eb4b21ef50e4851ca85ab661199821d510e	Cargo.lock	MIT OR Apache-2.0	Amanieu d'Antras <amanieu@gmail.com>	https://github.com/rust-lang/hashbrown	crates.io/hashbrown/0.13.2	a60eea817514531668d7e00765731449fe14d059d3249e0bc93b36de45f759f2;ff8f68cb076caf8cefe7a6430d4ac086ce6af2ca8ce2c4e5a2004d4552ef52a2		RESOLVED_DECLARATION_AND_TEXT
hashbrown@0.14.5	registry+https://github.com/rust-lang/crates.io-index	e5274423e17b7c9fc20b6e7e208532f9b19825d82dfd615708b70edd83df41f1	Cargo.lock	MIT OR Apache-2.0	Amanieu d'Antras <amanieu@gmail.com>	https://github.com/rust-lang/hashbrown	crates.io/hashbrown/0.14.5	a60eea817514531668d7e00765731449fe14d059d3249e0bc93b36de45f759f2;ff8f68cb076caf8cefe7a6430d4ac086ce6af2ca8ce2c4e5a2004d4552ef52a2		RESOLVED_DECLARATION_AND_TEXT
hashbrown@0.15.5	registry+https://github.com/rust-lang/crates.io-index	9229cfe53dfd69f0609a49f65461bd93001ea1ef889cd5529dd176593f5338a1	Cargo.lock	MIT OR Apache-2.0	Amanieu d'Antras <amanieu@gmail.com>	https://github.com/rust-lang/hashbrown	crates.io/hashbrown/0.15.5	a60eea817514531668d7e00765731449fe14d059d3249e0bc93b36de45f759f2;ff8f68cb076caf8cefe7a6430d4ac086ce6af2ca8ce2c4e5a2004d4552ef52a2		RESOLVED_DECLARATION_AND_TEXT
hashbrown@0.16.0	registry+https://github.com/rust-lang/crates.io-index	5419bdc4f6a9207fbeba6d11b604d481addf78ecd10c11ad51e76c2f6482748d	Cargo.lock	MIT OR Apache-2.0	Amanieu d'Antras <amanieu@gmail.com>	https://github.com/rust-lang/hashbrown	crates.io/hashbrown/0.16.0	a60eea817514531668d7e00765731449fe14d059d3249e0bc93b36de45f759f2;ff8f68cb076caf8cefe7a6430d4ac086ce6af2ca8ce2c4e5a2004d4552ef52a2		RESOLVED_DECLARATION_AND_TEXT
hashlink@0.8.4	registry+https://github.com/rust-lang/crates.io-index	e8094feaf31ff591f651a2664fb9cfd92bba7a60ce3197265e9482ebe753c8f7	Cargo.lock	MIT OR Apache-2.0	kyren <kerriganw@gmail.com>	https://github.com/kyren/hashlink	crates.io/hashlink/0.8.4	c144680885b29e4719e2a51f0aab5439a1e02d980692b5aaf086cae12727f28b;e915669a595b11a200873df8286561881b0e04932f6412a585db6297ba0bc97c		RESOLVED_DECLARATION_AND_TEXT
heck@0.4.1	registry+https://github.com/rust-lang/crates.io-index	95505c38b4572b2d910cecb0281560f54b440a19336cbbcb27bf6ce6adc6f5a8	Cargo.lock	MIT OR Apache-2.0	Without Boats <woboats@gmail.com>	https://github.com/withoutboats/heck	crates.io/heck/0.4.1	7b63ecd5f1902af1b63729947373683c32745c16a10e8e6292e2e2dcd7e90ae0;a60eea817514531668d7e00765731449fe14d059d3249e0bc93b36de45f759f2		RESOLVED_DECLARATION_AND_TEXT
heck@0.5.0	registry+https://github.com/rust-lang/crates.io-index	2304e00983f87ffb38b55b444b5e3b60a884b5d30c0fca7d82fe33449bbe55ea	Cargo.lock	MIT OR Apache-2.0		https://github.com/withoutboats/heck	crates.io/heck/0.5.0	7b63ecd5f1902af1b63729947373683c32745c16a10e8e6292e2e2dcd7e90ae0;a60eea817514531668d7e00765731449fe14d059d3249e0bc93b36de45f759f2		RESOLVED_DECLARATION_AND_TEXT
hermit-abi@0.3.9	registry+https://github.com/rust-lang/crates.io-index	d231dfb89cfffdbc30e7fc41579ed6066ad03abda9e567ccafae602b97ec5024	Cargo.lock	MIT OR Apache-2.0	Stefan Lankes	https://github.com/hermit-os/hermit-rs	crates.io/hermit-abi/0.3.9	23f18e03dc49df91622fe2a76176497404e46ced8a715d9d2b67a7446571cca3;a60eea817514531668d7e00765731449fe14d059d3249e0bc93b36de45f759f2		RESOLVED_DECLARATION_AND_TEXT
hermit-abi@0.5.2	registry+https://github.com/rust-lang/crates.io-index	fc0fef456e4baa96da950455cd02c081ca953b141298e41db3fc7e36b1da849c	Cargo.lock	MIT OR Apache-2.0	Stefan Lankes	https://github.com/hermit-os/hermit-rs	crates.io/hermit-abi/0.5.2	23f18e03dc49df91622fe2a76176497404e46ced8a715d9d2b67a7446571cca3;a60eea817514531668d7e00765731449fe14d059d3249e0bc93b36de45f759f2		RESOLVED_DECLARATION_AND_TEXT
hex-conservative@0.1.2	registry+https://github.com/rust-lang/crates.io-index	212ab92002354b4819390025006c897e8140934349e8635c9b077f47b4dcbd20	Cargo.lock	CC0-1.0	Andrew Poelstra <apoelstra@wpsoftware.net>	https://github.com/rust-bitcoin/hex-conservative	crates.io/hex-conservative/0.1.2	7179683e8000e6bdc9bbc60d85edf0a4ac8e76f951857f54fcb775d5886f1309		RESOLVED_DECLARATION_AND_TEXT
hex-conservative@0.2.1	registry+https://github.com/rust-lang/crates.io-index	5313b072ce3c597065a808dbf612c4c8e8590bdbf8b579508bf7a762c5eae6cd	Cargo.lock	CC0-1.0	Martin Habovštiak <martin.habovstiak@gmail.com>;Andrew Poelstra <apoelstra@wpsoftware.net>	https://github.com/rust-bitcoin/hex-conservative	crates.io/hex-conservative/0.2.1	7179683e8000e6bdc9bbc60d85edf0a4ac8e76f951857f54fcb775d5886f1309		RESOLVED_DECLARATION_AND_TEXT
hex-literal@0.4.1	registry+https://github.com/rust-lang/crates.io-index	6fe2267d4ed49bc07b63801559be28c718ea06c4738b7a03c94df7386d2cde46	Cargo.lock	MIT OR Apache-2.0	RustCrypto Developers	https://github.com/RustCrypto/utils	crates.io/hex-literal/0.4.1	a9040321c3712d8fd0b09cf52b17445de04a23a10165049ae187cd39e5c86be5;fbe7b9b51878efdfa613d4ec42ebfc9c7fb0c29806249ef9a3cd8f31ca5ef855		RESOLVED_DECLARATION_AND_TEXT
hex@0.4.3	registry+https://github.com/rust-lang/crates.io-index	7f24254aa9a54b5c858eaee2f5bccdb46aaf0e486a595ed5fd8f86ba55232a70	Cargo.lock	MIT OR Apache-2.0	KokaKiwi <kokakiwi@kokakiwi.net>	https://github.com/KokaKiwi/rust-hex	crates.io/hex/0.4.3	c6596eb7be8581c18be736c846fb9173b69eccf6ef94c5135893ec56bd92ba08;f7bdb3426d045cd50efd4953026e3eb5a83d0199f458a075602611b9344da5b9		RESOLVED_DECLARATION_AND_TEXT
hickory-proto@0.24.4	PATH	NO_CHECKSUM	Cargo.lock	MIT OR Apache-2.0	The contributors to Hickory DNS	https://github.com/hickory-dns/hickory-dns	vendor/hickory-proto-0.24.4/Cargo.toml	6b9522191b8cb7126b2d214edd7f782d2ccd83c467e9c03b8af9e0bf903b49b4;dc470946f0a127507a9e577a20da1eb19eae0abc383b2be1f786f6427944f06c		RESOLVED_DECLARATION_AND_TEXT
hickory-proto@0.25.2	PATH	NO_CHECKSUM	Cargo.lock	MIT OR Apache-2.0	The contributors to Hickory DNS	https://github.com/hickory-dns/hickory-dns	vendor/hickory-proto-0.25.2/Cargo.toml	6b9522191b8cb7126b2d214edd7f782d2ccd83c467e9c03b8af9e0bf903b49b4;dc470946f0a127507a9e577a20da1eb19eae0abc383b2be1f786f6427944f06c		RESOLVED_DECLARATION_AND_TEXT
hickory-resolver@0.24.4	registry+https://github.com/rust-lang/crates.io-index	cbb117a1ca520e111743ab2f6688eddee69db4e0ea242545a604dce8a66fd22e	Cargo.lock	MIT OR Apache-2.0	The contributors to Hickory DNS	https://github.com/hickory-dns/hickory-dns	crates.io/hickory-resolver/0.24.4	6b9522191b8cb7126b2d214edd7f782d2ccd83c467e9c03b8af9e0bf903b49b4;dc470946f0a127507a9e577a20da1eb19eae0abc383b2be1f786f6427944f06c		RESOLVED_DECLARATION_AND_TEXT
hickory-resolver@0.25.2	registry+https://github.com/rust-lang/crates.io-index	dc62a9a99b0bfb44d2ab95a7208ac952d31060efc16241c87eaf36406fecf87a	Cargo.lock	MIT OR Apache-2.0	The contributors to Hickory DNS	https://github.com/hickory-dns/hickory-dns	crates.io/hickory-resolver/0.25.2	6b9522191b8cb7126b2d214edd7f782d2ccd83c467e9c03b8af9e0bf903b49b4;dc470946f0a127507a9e577a20da1eb19eae0abc383b2be1f786f6427944f06c		RESOLVED_DECLARATION_AND_TEXT
hkdf@0.12.4	registry+https://github.com/rust-lang/crates.io-index	7b5f8eb2ad728638ea2c7d47a21db23b7b58a72ed6a38256b8a1849f15fbbdf7	Cargo.lock	MIT OR Apache-2.0	RustCrypto Developers	https://github.com/RustCrypto/KDFs/	crates.io/hkdf/0.12.4	59013a5c8d3a19c26a457579105915a5d51bb0c09d579f8cdedf12e4203c3018;d288f9c9b4590446ec18c22ead8f8b5a12a3d4025b68f62dc9015063eb9cca69		RESOLVED_DECLARATION_AND_TEXT
hmac-drbg@0.3.0	registry+https://github.com/rust-lang/crates.io-index	17ea0a1394df5b6574da6e0c1ade9e78868c9fb0a4e5ef4428e32da4676b85b1	Cargo.lock	Apache-2.0	Wei Tang <hi@that.world>	NONE	crates.io/hmac-drbg/0.3.0	b40930bbcf80744c86c46a12bc9da056641d722716c378f5659b9e555ef833e1		RESOLVED_DECLARATION_AND_TEXT
hmac@0.12.1	registry+https://github.com/rust-lang/crates.io-index	6c49c37c09c17a53d937dfbb742eb3a961d65a994e6bcdcf37e7399d0cc8ab5e	Cargo.lock	MIT OR Apache-2.0	RustCrypto Developers	https://github.com/RustCrypto/MACs	crates.io/hmac/0.12.1	9e0dfd2dd4173a530e238cb6adb37aa78c34c6bc7444e0e10c1ab5d8881f63ba;a9040321c3712d8fd0b09cf52b17445de04a23a10165049ae187cd39e5c86be5		RESOLVED_DECLARATION_AND_TEXT
hmac@0.8.1	registry+https://github.com/rust-lang/crates.io-index	126888268dcc288495a26bf004b38c5fdbb31682f992c84ceb046a1f0fe38840	Cargo.lock	MIT OR Apache-2.0	RustCrypto Developers	https://github.com/RustCrypto/MACs	crates.io/hmac/0.8.1	9e0dfd2dd4173a530e238cb6adb37aa78c34c6bc7444e0e10c1ab5d8881f63ba;a9040321c3712d8fd0b09cf52b17445de04a23a10165049ae187cd39e5c86be5		RESOLVED_DECLARATION_AND_TEXT
http-body-util@0.1.3	registry+https://github.com/rust-lang/crates.io-index	b021d93e26becf5dc7e1b75b1bed1fd93124b374ceb73f43d4d4eafec896a64a	Cargo.lock	MIT	Carl Lerche <me@carllerche.com>;Lucio Franco <luciofranco14@gmail.com>;Sean McArthur <sean@seanmonstar.com>	https://github.com/hyperium/http-body	crates.io/http-body-util/0.1.3	b843fb7430efdf9732c834b6814beda44fccf3f0ddf7c9e030b39da17f6b159c		RESOLVED_DECLARATION_AND_TEXT
http-body@0.4.6	registry+https://github.com/rust-lang/crates.io-index	7ceab25649e9960c0311ea418d17bee82c0dcec1bd053b5f9a66e265a693bed2	Cargo.lock	MIT	Carl Lerche <me@carllerche.com>;Lucio Franco <luciofranco14@gmail.com>;Sean McArthur <sean@seanmonstar.com>	https://github.com/hyperium/http-body	crates.io/http-body/0.4.6	0345e2b98685e3807fd802a2478085dcae35023e3da59b5a00f712504314d83a		RESOLVED_DECLARATION_AND_TEXT
http-body@1.0.1	registry+https://github.com/rust-lang/crates.io-index	1efedce1fb8e6913f23e0c92de8e62cd5b772a67e7b3946df930a62566c93184	Cargo.lock	MIT	Carl Lerche <me@carllerche.com>;Lucio Franco <luciofranco14@gmail.com>;Sean McArthur <sean@seanmonstar.com>	https://github.com/hyperium/http-body	crates.io/http-body/1.0.1	cddabf8adc6ccd6c3e68f5d71eac9fae3094116623cf23a46af0a5fd6b8ee813		RESOLVED_DECLARATION_AND_TEXT
http@0.2.12	registry+https://github.com/rust-lang/crates.io-index	601cbb57e577e2f5ef5be8e7b83f0f63994f25aa94d673e54a92d5c516d101f1	Cargo.lock	MIT OR Apache-2.0	Alex Crichton <alex@alexcrichton.com>;Carl Lerche <me@carllerche.com>;Sean McArthur <sean@seanmonstar.com>	https://github.com/hyperium/http	crates.io/http/0.2.12	8bb1b50b0e5c9399ae33bd35fab2769010fa6c14e8860c729a52295d84896b7a;dc91f8200e4b2a1f9261035d4c18c33c246911a6c0f7b543d75347e61b249cff		RESOLVED_DECLARATION_AND_TEXT
http@1.3.1	registry+https://github.com/rust-lang/crates.io-index	f4a85d31aea989eead29a3aaf9e1115a180df8282431156e533de47660892565	Cargo.lock	MIT OR Apache-2.0	Alex Crichton <alex@alexcrichton.com>;Carl Lerche <me@carllerche.com>;Sean McArthur <sean@seanmonstar.com>	https://github.com/hyperium/http	crates.io/http/1.3.1	8bb1b50b0e5c9399ae33bd35fab2769010fa6c14e8860c729a52295d84896b7a;dc91f8200e4b2a1f9261035d4c18c33c246911a6c0f7b543d75347e61b249cff		RESOLVED_DECLARATION_AND_TEXT
httparse@1.10.1	registry+https://github.com/rust-lang/crates.io-index	6dbf3de79e51f3d586ab4cb9d5c3e2c14aa28ed23d180cf89b4df0454a69cc87	Cargo.lock	MIT OR Apache-2.0	Sean McArthur <sean@seanmonstar.com>	https://github.com/seanmonstar/httparse	crates.io/httparse/1.10.1	391a5396cec6230bfabd4ef4eb2350eb895bc5efce377a2218f5702ed020d3e3;a60eea817514531668d7e00765731449fe14d059d3249e0bc93b36de45f759f2		RESOLVED_DECLARATION_AND_TEXT
httpdate@1.0.3	registry+https://github.com/rust-lang/crates.io-index	df3b46402a9d5adb4c86a0cf463f42e19994e3ee891101b1841f30a545cb49a9	Cargo.lock	MIT OR Apache-2.0	Pyfisch <pyfisch@posteo.org>	https://github.com/pyfisch/httpdate	crates.io/httpdate/1.0.3	4d10fe5f3aa176b05b229a248866bad70b834c173f1252a814ff4748d8a13837;934887691e05d69d7c86ad3f2c360980fa30c15b035e351f3c9865e99da4debc		RESOLVED_DECLARATION_AND_TEXT
humantime-serde@1.1.1	registry+https://github.com/rust-lang/crates.io-index	57a3db5ea5923d99402c94e9feb261dc5ee9b4efa158b0315f788cf549cc200c	Cargo.lock	MIT OR Apache-2.0	jean-airoldie <maxence.caron@protonmail.com>	https://github.com/jean-airoldie/humantime-serde	crates.io/humantime-serde/1.1.1	78ca929d597a83f062836dc7e9eb58d616f25402be48db3bb00011e7963aabc5;a60eea817514531668d7e00765731449fe14d059d3249e0bc93b36de45f759f2		RESOLVED_DECLARATION_AND_TEXT
humantime@2.3.0	registry+https://github.com/rust-lang/crates.io-index	135b12329e5e3ce057a9f972339ea52bc954fe1e9358ef27f95e89716fbc5424	Cargo.lock	MIT OR Apache-2.0		https://github.com/chronotope/humantime	crates.io/humantime/2.3.0	c6596eb7be8581c18be736c846fb9173b69eccf6ef94c5135893ec56bd92ba08;f6deca8261a8f4a3403dc74c725c46051157fd36c27cd4b100277eb1f303ad11		RESOLVED_DECLARATION_AND_TEXT
hyper-rustls@0.27.7	registry+https://github.com/rust-lang/crates.io-index	e3c93eb611681b207e1fe55d5a71ecf91572ec8a6705cdb6857f7d8d5242cf58	Cargo.lock	Apache-2.0 OR ISC OR MIT		https://github.com/rustls/hyper-rustls	crates.io/hyper-rustls/0.27.7	709e3175b4212f7b13aa93971c9f62ff8c69ec45ad8c6532a7e0c41d7a7d6f8c;7cfafc877eccc46c0e346ccbaa5c51bb6b894d2b818e617d970211e232785ad4;a60eea817514531668d7e00765731449fe14d059d3249e0bc93b36de45f759f2;d1ef92123fc699442e1e8d971fe84921947efc8d9a1249ab037f1e661a972a6d		RESOLVED_DECLARATION_AND_TEXT
hyper-util@0.1.17	registry+https://github.com/rust-lang/crates.io-index	3c6995591a8f1380fcb4ba966a252a4b29188d51d2b89e3a252f5305be65aea8	Cargo.lock	MIT	Sean McArthur <sean@seanmonstar.com>	https://github.com/hyperium/hyper-util	crates.io/hyper-util/0.1.17	9e0a97848ea543aef745c98e84fde696a9a3e0735538f6daefdd3cb1942effc1		RESOLVED_DECLARATION_AND_TEXT
hyper@0.14.32	registry+https://github.com/rust-lang/crates.io-index	41dfc780fdec9373c01bae43289ea34c972e40ee3c9f6b3c8801a35f35586ce7	Cargo.lock	MIT	Sean McArthur <sean@seanmonstar.com>	https://github.com/hyperium/hyper	crates.io/hyper/0.14.32	25dfd9ec24ebbee73dc93e687526cd4c26deae17bc2179ea0fe3e5dc96105b9b		RESOLVED_DECLARATION_AND_TEXT
hyper@1.7.0	registry+https://github.com/rust-lang/crates.io-index	eb3aa54a13a0dfe7fbe3a59e0c76093041720fdc77b110cc0fc260fafb4dc51e	Cargo.lock	MIT	Sean McArthur <sean@seanmonstar.com>	https://github.com/hyperium/hyper	crates.io/hyper/1.7.0	8f2eee700f56dd8b381d92dc5b136befe09f90e186f2c1c8414a70c4c7534550		RESOLVED_DECLARATION_AND_TEXT
iana-time-zone-haiku@0.1.2	registry+https://github.com/rust-lang/crates.io-index	f31827a206f56af32e590ba56d5d2d085f558508192593743f16b2306495269f	Cargo.lock	MIT OR Apache-2.0	René Kijewski <crates.io@k6i.de>	https://github.com/strawlab/iana-time-zone	crates.io/iana-time-zone-haiku/0.1.2	696759d65dfe558ff7d9f031c76db19ec5c0767470fb67c4e8d990820d1e99c9;da28ccc6b158fc2d8cccc74e99794b1cff1d29bd7bbeb019442fcf0c04c6cad9		RESOLVED_DECLARATION_AND_TEXT
iana-time-zone@0.1.64	registry+https://github.com/rust-lang/crates.io-index	33e57f83510bb73707521ebaffa789ec8caf86f9657cad665b092b581d40e9fb	Cargo.lock	MIT OR Apache-2.0	Andrew Straw <strawman@astraw.com>;René Kijewski <rene.kijewski@fu-berlin.de>;Ryan Lopopolo <rjl@hyperbo.la>	https://github.com/strawlab/iana-time-zone	crates.io/iana-time-zone/0.1.64	696759d65dfe558ff7d9f031c76db19ec5c0767470fb67c4e8d990820d1e99c9;da28ccc6b158fc2d8cccc74e99794b1cff1d29bd7bbeb019442fcf0c04c6cad9		RESOLVED_DECLARATION_AND_TEXT
icu_collections@2.0.0	registry+https://github.com/rust-lang/crates.io-index	200072f5d0e3614556f94a9930d5dc3e0662a652823904c3a75dc3b0af7fee47	Cargo.lock	Unicode-3.0	The ICU4X Project Developers	https://github.com/unicode-org/icu4x	crates.io/icu_collections/2.0.0	f367c1b8e1aa262435251e442901da4607b4650e0e63a026f5044473ecfb90f2		RESOLVED_DECLARATION_AND_TEXT
icu_locale_core@2.0.0	registry+https://github.com/rust-lang/crates.io-index	0cde2700ccaed3872079a65fb1a78f6c0a36c91570f28755dda67bc8f7d9f00a	Cargo.lock	Unicode-3.0	The ICU4X Project Developers	https://github.com/unicode-org/icu4x	crates.io/icu_locale_core/2.0.0	f367c1b8e1aa262435251e442901da4607b4650e0e63a026f5044473ecfb90f2		RESOLVED_DECLARATION_AND_TEXT
icu_normalizer@2.0.0	registry+https://github.com/rust-lang/crates.io-index	436880e8e18df4d7bbc06d58432329d6458cc84531f7ac5f024e93deadb37979	Cargo.lock	Unicode-3.0	The ICU4X Project Developers	https://github.com/unicode-org/icu4x	crates.io/icu_normalizer/2.0.0	f367c1b8e1aa262435251e442901da4607b4650e0e63a026f5044473ecfb90f2		RESOLVED_DECLARATION_AND_TEXT
icu_normalizer_data@2.0.0	registry+https://github.com/rust-lang/crates.io-index	00210d6893afc98edb752b664b8890f0ef174c8adbb8d0be9710fa66fbbf72d3	Cargo.lock	Unicode-3.0	The ICU4X Project Developers	https://github.com/unicode-org/icu4x	crates.io/icu_normalizer_data/2.0.0	f367c1b8e1aa262435251e442901da4607b4650e0e63a026f5044473ecfb90f2		RESOLVED_DECLARATION_AND_TEXT
icu_properties@2.0.1	registry+https://github.com/rust-lang/crates.io-index	016c619c1eeb94efb86809b015c58f479963de65bdb6253345c1a1276f22e32b	Cargo.lock	Unicode-3.0	The ICU4X Project Developers	https://github.com/unicode-org/icu4x	crates.io/icu_properties/2.0.1	f367c1b8e1aa262435251e442901da4607b4650e0e63a026f5044473ecfb90f2		RESOLVED_DECLARATION_AND_TEXT
icu_properties_data@2.0.1	registry+https://github.com/rust-lang/crates.io-index	298459143998310acd25ffe6810ed544932242d3f07083eee1084d83a71bd632	Cargo.lock	Unicode-3.0	The ICU4X Project Developers	https://github.com/unicode-org/icu4x	crates.io/icu_properties_data/2.0.1	f367c1b8e1aa262435251e442901da4607b4650e0e63a026f5044473ecfb90f2		RESOLVED_DECLARATION_AND_TEXT
icu_provider@2.0.0	registry+https://github.com/rust-lang/crates.io-index	03c80da27b5f4187909049ee2d72f276f0d9f99a42c306bd0131ecfe04d8e5af	Cargo.lock	Unicode-3.0	The ICU4X Project Developers	https://github.com/unicode-org/icu4x	crates.io/icu_provider/2.0.0	f367c1b8e1aa262435251e442901da4607b4650e0e63a026f5044473ecfb90f2		RESOLVED_DECLARATION_AND_TEXT
ident_case@1.0.1	registry+https://github.com/rust-lang/crates.io-index	b9e0384b61958566e926dc50660321d12159025e767c18e043daf26b70104c39	Cargo.lock	MIT/Apache-2.0	Ted Driggs <ted.driggs@outlook.com>	https://github.com/TedDriggs/ident_case	crates.io/ident_case/1.0.1	508a77d2e7b51d98adeed32648ad124b7b30241a8e70b2e72c99f92d8e5874d1		RESOLVED_DECLARATION_AND_TEXT
idna@1.1.0	registry+https://github.com/rust-lang/crates.io-index	3b0875f23caa03898994f6ddc501886a45c7d3d62d04d2d90788d47be1b1e4de	Cargo.lock	MIT OR Apache-2.0	The rust-url developers	https://github.com/servo/rust-url/	crates.io/idna/1.1.0	a60eea817514531668d7e00765731449fe14d059d3249e0bc93b36de45f759f2;b38f11f6096706e6de553dabe2a7ed142d59b6fa8c97e290c67496154745cdd5		RESOLVED_DECLARATION_AND_TEXT
idna_adapter@1.2.1	registry+https://github.com/rust-lang/crates.io-index	3acae9609540aa318d1bc588455225fb2085b9ed0c4f6bd0d9d5bcd86f1a0344	Cargo.lock	Apache-2.0 OR MIT	The rust-url developers	https://github.com/hsivonen/idna_adapter	crates.io/idna_adapter/1.2.1	8b43ce8accd61e9d370b5ca9e9c4f953279b5c239926c62315b40e24df51b726;a60eea817514531668d7e00765731449fe14d059d3249e0bc93b36de45f759f2		RESOLVED_DECLARATION_AND_TEXT
if-addrs@0.10.2	registry+https://github.com/rust-lang/crates.io-index	cabb0019d51a643781ff15c9c8a3e5dedc365c47211270f4e8f82812fedd8f0a	Cargo.lock	MIT OR BSD-3-Clause	MaidSafe Developers <dev@maidsafe.net>;Messense Lv <messense@icloud.com>	https://github.com/messense/if-addrs	crates.io/if-addrs/0.10.2	3990ddb78a5a2cfd64a5ffe5cebc3306f3298f6880c644afdf15043ef7d702d9;588713c78138d7d6985b87275724f7047949a71a007b16b352d7745499976f7f		RESOLVED_DECLARATION_AND_TEXT
if-watch@3.2.1	registry+https://github.com/rust-lang/crates.io-index	cdf9d64cfcf380606e64f9a0bcf493616b65331199f984151a6fa11a7b3cde38	Cargo.lock	MIT OR Apache-2.0	David Craven <david@craven.ch>;Parity Technologies Limited <admin@parity.io>	https://github.com/mxinden/if-watch	crates.io/if-watch/3.2.1			RESOLVED_MANIFEST_DECLARATION_NO_ADJACENT_TEXT
igd-next@0.14.3	registry+https://github.com/rust-lang/crates.io-index	064d90fec10d541084e7b39ead8875a5a80d9114a2b18791565253bae25f49e4	Cargo.lock	MIT	Darius C;Simon Bernier St-Pierre <sbernierstpierre@gmail.com>	https://github.com/dariusc93/rust-igd	crates.io/igd-next/0.14.3	907203ca920da7a8946be22a900682e8ab20794e23a0301610e53b15e7a939f4		RESOLVED_DECLARATION_AND_TEXT
impl-codec@0.6.0	registry+https://github.com/rust-lang/crates.io-index	ba6a270039626615617f3f36d15fc827041df3b78c439da2cadfa47455a77f2f	Cargo.lock	MIT OR Apache-2.0	Parity Technologies <admin@parity.io>	NONE	crates.io/impl-codec/0.6.0			RESOLVED_MANIFEST_DECLARATION_NO_ADJACENT_TEXT
impl-codec@0.7.1	registry+https://github.com/rust-lang/crates.io-index	2d40b9d5e17727407e55028eafc22b2dc68781786e6d7eb8a21103f5058e3a14	Cargo.lock	MIT OR Apache-2.0	Parity Technologies <admin@parity.io>	NONE	crates.io/impl-codec/0.7.1			RESOLVED_MANIFEST_DECLARATION_NO_ADJACENT_TEXT
impl-num-traits@0.2.0	registry+https://github.com/rust-lang/crates.io-index	803d15461ab0dcc56706adf266158acbc44ccf719bf7d0af30705f58b90a4b8c	Cargo.lock	MIT OR Apache-2.0	Parity Technologies <admin@parity.io>	NONE	crates.io/impl-num-traits/0.2.0			RESOLVED_MANIFEST_DECLARATION_NO_ADJACENT_TEXT
impl-rlp@0.4.0	registry+https://github.com/rust-lang/crates.io-index	54ed8ad1f3877f7e775b8cbf30ed1bd3209a95401817f19a0eb4402d13f8cf90	Cargo.lock	MIT OR Apache-2.0	Parity Technologies <admin@parity.io>	NONE	crates.io/impl-rlp/0.4.0			RESOLVED_MANIFEST_DECLARATION_NO_ADJACENT_TEXT
impl-serde@0.5.0	registry+https://github.com/rust-lang/crates.io-index	4a143eada6a1ec4aefa5049037a26a6d597bfd64f8c026d07b77133e02b7dd0b	Cargo.lock	MIT OR Apache-2.0	Parity Technologies <admin@parity.io>	NONE	crates.io/impl-serde/0.5.0			RESOLVED_MANIFEST_DECLARATION_NO_ADJACENT_TEXT
impl-trait-for-tuples@0.2.3	registry+https://github.com/rust-lang/crates.io-index	a0eb5a3343abf848c0984fe4604b2b105da9539376e24fc0a3b0007411ae4fd9	Cargo.lock	Apache-2.0/MIT	Bastian Köcher <git@kchr.de>	https://github.com/bkchr/impl-trait-for-tuples	crates.io/impl-trait-for-tuples/0.2.3			RESOLVED_MANIFEST_DECLARATION_NO_ADJACENT_TEXT
include_dir@0.7.4	registry+https://github.com/rust-lang/crates.io-index	923d117408f1e49d914f1a379a309cffe4f18c05cf4e3d12e613a15fc81bd0dd	Cargo.lock	MIT	Michael Bryan <michaelfbryan@gmail.com>	https://github.com/Michael-F-Bryan/include_dir	crates.io/include_dir/0.7.4			RESOLVED_MANIFEST_DECLARATION_NO_ADJACENT_TEXT
include_dir_macros@0.7.4	registry+https://github.com/rust-lang/crates.io-index	7cab85a7ed0bd5f0e76d93846e0147172bed2e2d3f859bcc33a8d9699cad1a75	Cargo.lock	MIT	Michael Bryan <michaelfbryan@gmail.com>	https://github.com/Michael-F-Bryan/include_dir	crates.io/include_dir_macros/0.7.4			RESOLVED_MANIFEST_DECLARATION_NO_ADJACENT_TEXT
indexmap-nostd@0.4.0	registry+https://github.com/rust-lang/crates.io-index	8e04e2fd2b8188ea827b32ef11de88377086d690286ab35747ef7f9bf3ccb590	Cargo.lock	Apache-2.0	Robin Freyler <robin.freyler@gmail.com>	https://github.com/robbepop/indexmap-nostd	crates.io/indexmap-nostd/0.4.0	268872b9816f90fd8e85db5a28d33f8150ebb8dd016653fb39ef1f94f2686bc5		RESOLVED_DECLARATION_AND_TEXT
indexmap@1.9.3	registry+https://github.com/rust-lang/crates.io-index	bd070e393353796e801d209ad339e89596eb4c8d430d18ede6a1cced8fafbd99	Cargo.lock	Apache-2.0 OR MIT		https://github.com/bluss/indexmap	crates.io/indexmap/1.9.3	a60eea817514531668d7e00765731449fe14d059d3249e0bc93b36de45f759f2;ecc269ef87fd38a1d98e30bfac9ba964a9dbd9315c3770fed98d4d7cb5882055		RESOLVED_DECLARATION_AND_TEXT
indexmap@2.12.0	registry+https://github.com/rust-lang/crates.io-index	6717a8d2a5a929a1a2eb43a12812498ed141a0bcfb7e8f7844fbdbe4303bba9f	Cargo.lock	Apache-2.0 OR MIT		https://github.com/indexmap-rs/indexmap	crates.io/indexmap/2.12.0	a60eea817514531668d7e00765731449fe14d059d3249e0bc93b36de45f759f2;ecc269ef87fd38a1d98e30bfac9ba964a9dbd9315c3770fed98d4d7cb5882055		RESOLVED_DECLARATION_AND_TEXT
inout@0.1.4	registry+https://github.com/rust-lang/crates.io-index	879f10e63c20629ecabbb64a8010319738c66a5cd0c29b02d63d272b03751d01	Cargo.lock	MIT OR Apache-2.0	RustCrypto Developers	https://github.com/RustCrypto/utils	crates.io/inout/0.1.4	304b898acad7f02e03d6d8832d682a3b43ee729ab5d3a069af5a36979083b6b4;a9040321c3712d8fd0b09cf52b17445de04a23a10165049ae187cd39e5c86be5		RESOLVED_DECLARATION_AND_TEXT
instant@0.1.13	registry+https://github.com/rust-lang/crates.io-index	e0242819d153cba4b4b05a5a8f2a7e9bbf97b6055b2a002b395c96b5ff3c0222	Cargo.lock	BSD-3-Clause	sebcrozet <developer@crozet.re>	https://github.com/sebcrozet/instant	crates.io/instant/0.1.13	2510d4cde8c4e13d8c54b9fe2a9d144daf567ec8d02832f1454e7ca2d58cdda6		RESOLVED_DECLARATION_AND_TEXT
integer-sqrt@0.1.5	registry+https://github.com/rust-lang/crates.io-index	276ec31bcb4a9ee45f58bec6f9ec700ae4cf4f4f8f2fa7e06cb406bd5ffdd770	Cargo.lock	Apache-2.0/MIT	Richard Dodd <richard.o.dodd@gmail.com>;Joseph Richey;Sergei Shulepov	https://github.com/derekdreery/integer-sqrt-rs	crates.io/integer-sqrt/0.1.5			RESOLVED_MANIFEST_DECLARATION_NO_ADJACENT_TEXT
io-lifetimes@1.0.11	registry+https://github.com/rust-lang/crates.io-index	eae7b9aee968036d54dce06cebaefd919e4472e753296daccd6d344e3e2df0c2	Cargo.lock	Apache-2.0 WITH LLVM-exception OR Apache-2.0 OR MIT	Dan Gohman <dev@sunfishcode.online>	https://github.com/sunfishcode/io-lifetimes	crates.io/io-lifetimes/1.0.11	23f18e03dc49df91622fe2a76176497404e46ced8a715d9d2b67a7446571cca3;268872b9816f90fd8e85db5a28d33f8150ebb8dd016653fb39ef1f94f2686bc5;495c30b45120f8af07cfa26eb9cb1ebfe8324560dca2b3b1e76cad1b9b6b489a;a60eea817514531668d7e00765731449fe14d059d3249e0bc93b36de45f759f2		RESOLVED_DECLARATION_AND_TEXT
ip_network@0.4.1	registry+https://github.com/rust-lang/crates.io-index	aa2f047c0a98b2f299aa5d6d7088443570faae494e9ae1305e48be000c9e0eb1	Cargo.lock	BSD-2-Clause	Jakub Onderka <ahoj@jakubonderka.cz>	https://github.com/JakubOnderka/ip_network	crates.io/ip_network/0.4.1	7e5857a001727f60eba96fdfe035c00a1537631087b327eaf4d0821f52545a6a		RESOLVED_DECLARATION_AND_TEXT
ipconfig@0.3.2	registry+https://github.com/rust-lang/crates.io-index	b58db92f96b720de98181bbbe63c831e87005ab460c1bf306eb2622b4707997f	Cargo.lock	MIT/Apache-2.0	Liran Ringel <liranringel@gmail.com>	https://github.com/liranringel/ipconfig	crates.io/ipconfig/0.3.2	a60eea817514531668d7e00765731449fe14d059d3249e0bc93b36de45f759f2;ca471051e1527e5f40e9b96aa697f8efc00f0bb8c8df07196cb5e5d134c68e98		RESOLVED_DECLARATION_AND_TEXT
ipnet@2.11.0	registry+https://github.com/rust-lang/crates.io-index	469fb0b9cefa57e3ef31275ee7cacb78f2fdca44e4765491884a2b119d4eb130	Cargo.lock	MIT OR Apache-2.0	Kris Price <kris@krisprice.nz>	https://github.com/krisprice/ipnet	crates.io/ipnet/2.11.0	47dc9ff29128ddfb4d6a0435383c9f89120bc374dbcc1dd00b933a0b28aa7865;87d9feb9238c6bd8e0024fc4733b06cff036f89f36d93b7df1c8a0549bbb7a5b		RESOLVED_DECLARATION_AND_TEXT
is-terminal@0.4.16	registry+https://github.com/rust-lang/crates.io-index	e04d7f318608d35d4b61ddd75cbdaee86b023ebe2bd5a66ee0915f0bf93095a9	Cargo.lock	MIT	softprops <d.tangren@gmail.com>;Dan Gohman <dev@sunfishcode.online>	https://github.com/sunfishcode/is-terminal	crates.io/is-terminal/0.4.16	23f18e03dc49df91622fe2a76176497404e46ced8a715d9d2b67a7446571cca3;bab426a663ce3d5bbbcea9cdc300da74e94d76c3c79e46699a953f967a08e533		RESOLVED_DECLARATION_AND_TEXT
is_terminal_polyfill@1.70.2	registry+https://github.com/rust-lang/crates.io-index	a6cb138bb79a146c1bd460005623e142ef0181e3d0219cb493e02f7d08a35695	Cargo.lock	MIT OR Apache-2.0		https://github.com/polyfill-rs/is_terminal_polyfill	crates.io/is_terminal_polyfill/1.70.2	6efb0476a1cc085077ed49357026d8c173bf33017278ef440f222fb9cbcb66e6;c6596eb7be8581c18be736c846fb9173b69eccf6ef94c5135893ec56bd92ba08		RESOLVED_DECLARATION_AND_TEXT
itertools@0.10.5	registry+https://github.com/rust-lang/crates.io-index	b0fd2260e829bddf4cb6ea802289de2f86d6a7a690192fbe91b3f46e0f2c8473	Cargo.lock	MIT/Apache-2.0	bluss	https://github.com/rust-itertools/itertools	crates.io/itertools/0.10.5	7576269ea71f767b99297934c0b2367532690f8c4badc695edf8e04ab6a1e545;a60eea817514531668d7e00765731449fe14d059d3249e0bc93b36de45f759f2		RESOLVED_DECLARATION_AND_TEXT
itertools@0.11.0	registry+https://github.com/rust-lang/crates.io-index	b1c173a5686ce8bfa551b3563d0c2170bf24ca44da99c7ca4bfdab5418c3fe57	Cargo.lock	MIT OR Apache-2.0	bluss	https://github.com/rust-itertools/itertools	crates.io/itertools/0.11.0	7576269ea71f767b99297934c0b2367532690f8c4badc695edf8e04ab6a1e545;a60eea817514531668d7e00765731449fe14d059d3249e0bc93b36de45f759f2		RESOLVED_DECLARATION_AND_TEXT
itertools@0.12.1	registry+https://github.com/rust-lang/crates.io-index	ba291022dbbd398a455acf126c1e341954079855bc60dfdda641363bd6922569	Cargo.lock	MIT OR Apache-2.0	bluss	https://github.com/rust-itertools/itertools	crates.io/itertools/0.12.1	7576269ea71f767b99297934c0b2367532690f8c4badc695edf8e04ab6a1e545;a60eea817514531668d7e00765731449fe14d059d3249e0bc93b36de45f759f2		RESOLVED_DECLARATION_AND_TEXT
itertools@0.13.0	registry+https://github.com/rust-lang/crates.io-index	413ee7dfc52ee1a4949ceeb7dbc8a33f2d6c088194d9f922fb8318faf1f01186	Cargo.lock	MIT OR Apache-2.0	bluss	https://github.com/rust-itertools/itertools	crates.io/itertools/0.13.0	7576269ea71f767b99297934c0b2367532690f8c4badc695edf8e04ab6a1e545;a60eea817514531668d7e00765731449fe14d059d3249e0bc93b36de45f759f2		RESOLVED_DECLARATION_AND_TEXT
itertools@0.14.0	registry+https://github.com/rust-lang/crates.io-index	2b192c782037fadd9cfa75548310488aabdbf3d2da73885b31bd0abd03351285	Cargo.lock	MIT OR Apache-2.0	bluss	https://github.com/rust-itertools/itertools	crates.io/itertools/0.14.0	7576269ea71f767b99297934c0b2367532690f8c4badc695edf8e04ab6a1e545;a60eea817514531668d7e00765731449fe14d059d3249e0bc93b36de45f759f2		RESOLVED_DECLARATION_AND_TEXT
itoa@1.0.15	registry+https://github.com/rust-lang/crates.io-index	4a5f13b858c8d314ee3e8f639011f7ccefe71f97f96e50151fb991f267928e2c	Cargo.lock	MIT OR Apache-2.0	David Tolnay <dtolnay@gmail.com>	https://github.com/dtolnay/itoa	crates.io/itoa/1.0.15	23f18e03dc49df91622fe2a76176497404e46ced8a715d9d2b67a7446571cca3;62c7a1e35f56406896d7aa7ca52d0cc0d272ac022b5d2796e7d6905db8a3636a		RESOLVED_DECLARATION_AND_TEXT
jni-sys@0.3.0	registry+https://github.com/rust-lang/crates.io-index	8eaf4bc02d17cbdd7ff4c7438cafcdf7fb9a4613313ad11b4f8fefe7d3fa0130	Cargo.lock	MIT/Apache-2.0	Steven Fackler <sfackler@gmail.com>	https://github.com/sfackler/rust-jni-sys	crates.io/jni-sys/0.3.0	1d85bd754b04ceec93e98e890edd1fa3c6a22e81bcb32135806beeccefa51cd1;c6596eb7be8581c18be736c846fb9173b69eccf6ef94c5135893ec56bd92ba08		RESOLVED_DECLARATION_AND_TEXT
jni@0.21.1	registry+https://github.com/rust-lang/crates.io-index	1a87aa2bb7d2af34197c04845522473242e1aa17c12f4935d5856491a7fb8c97	Cargo.lock	MIT/Apache-2.0	Josh Chase <josh@prevoty.com>	https://github.com/jni-rs/jni-rs	crates.io/jni/0.21.1	a60eea817514531668d7e00765731449fe14d059d3249e0bc93b36de45f759f2;fea1d5bf3dd71605ce5d7d2ff695c1837e914c77195e523a86b5391716477960		RESOLVED_DECLARATION_AND_TEXT
jobserver@0.1.34	registry+https://github.com/rust-lang/crates.io-index	9afb3de4395d6b3e67a780b6de64b51c978ecf11cb9a462c66be7d4ca9039d33	Cargo.lock	MIT OR Apache-2.0	Alex Crichton <alex@alexcrichton.com>	https://github.com/rust-lang/jobserver-rs	crates.io/jobserver/0.1.34	378f5840b258e2779c39418f3f2d7b2ba96f1c7917dd6be0713f88305dbda397;a60eea817514531668d7e00765731449fe14d059d3249e0bc93b36de45f759f2		RESOLVED_DECLARATION_AND_TEXT
js-sys@0.3.81	registry+https://github.com/rust-lang/crates.io-index	ec48937a97411dcb524a265206ccd4c90bb711fca92b2792c407f268825b9305	Cargo.lock	MIT OR Apache-2.0	The wasm-bindgen Developers	https://github.com/wasm-bindgen/wasm-bindgen/tree/master/crates/js-sys	crates.io/js-sys/0.3.81	378f5840b258e2779c39418f3f2d7b2ba96f1c7917dd6be0713f88305dbda397;a60eea817514531668d7e00765731449fe14d059d3249e0bc93b36de45f759f2		RESOLVED_DECLARATION_AND_TEXT
jsonrpsee-client-transport@0.24.10	registry+https://github.com/rust-lang/crates.io-index	cc4280b709ac3bb5e16cf3bad5056a0ec8df55fa89edfe996361219aadc2c7ea	Cargo.lock	MIT	Parity Technologies <admin@parity.io>;Pierre Krieger <pierre.krieger1708@gmail.com>	https://github.com/paritytech/jsonrpsee	crates.io/jsonrpsee-client-transport/0.24.10			RESOLVED_MANIFEST_DECLARATION_NO_ADJACENT_TEXT
jsonrpsee-core@0.24.10	registry+https://github.com/rust-lang/crates.io-index	348ee569eaed52926b5e740aae20863762b16596476e943c9e415a6479021622	Cargo.lock	MIT	Parity Technologies <admin@parity.io>;Pierre Krieger <pierre.krieger1708@gmail.com>	https://github.com/paritytech/jsonrpsee	crates.io/jsonrpsee-core/0.24.10			RESOLVED_MANIFEST_DECLARATION_NO_ADJACENT_TEXT
jsonrpsee-proc-macros@0.24.10	registry+https://github.com/rust-lang/crates.io-index	7398cddf5013cca4702862a2692b66c48a3bd6cf6ec681a47453c93d63cf8de5	Cargo.lock	MIT	Parity Technologies <admin@parity.io>;Pierre Krieger <pierre.krieger1708@gmail.com>	https://github.com/paritytech/jsonrpsee	crates.io/jsonrpsee-proc-macros/0.24.10			RESOLVED_MANIFEST_DECLARATION_NO_ADJACENT_TEXT
jsonrpsee-server@0.24.10	registry+https://github.com/rust-lang/crates.io-index	21429bcdda37dcf2d43b68621b994adede0e28061f816b038b0f18c70c143d51	Cargo.lock	MIT	Parity Technologies <admin@parity.io>;Pierre Krieger <pierre.krieger1708@gmail.com>	https://github.com/paritytech/jsonrpsee	crates.io/jsonrpsee-server/0.24.10			RESOLVED_MANIFEST_DECLARATION_NO_ADJACENT_TEXT
jsonrpsee-types@0.24.10	registry+https://github.com/rust-lang/crates.io-index	b0f05e0028e55b15dbd2107163b3c744cd3bb4474f193f95d9708acbf5677e44	Cargo.lock	MIT	Parity Technologies <admin@parity.io>;Pierre Krieger <pierre.krieger1708@gmail.com>	https://github.com/paritytech/jsonrpsee	crates.io/jsonrpsee-types/0.24.10			RESOLVED_MANIFEST_DECLARATION_NO_ADJACENT_TEXT
jsonrpsee-ws-client@0.24.10	registry+https://github.com/rust-lang/crates.io-index	78fc744f17e7926d57f478cf9ca6e1ee5d8332bf0514860b1a3cdf1742e614cc	Cargo.lock	MIT	Parity Technologies <admin@parity.io>;Pierre Krieger <pierre.krieger1708@gmail.com>	https://github.com/paritytech/jsonrpsee	crates.io/jsonrpsee-ws-client/0.24.10			RESOLVED_MANIFEST_DECLARATION_NO_ADJACENT_TEXT
jsonrpsee@0.24.10	registry+https://github.com/rust-lang/crates.io-index	e281ae70cc3b98dac15fced3366a880949e65fc66e345ce857a5682d152f3e62	Cargo.lock	MIT	Parity Technologies <admin@parity.io>;Pierre Krieger <pierre.krieger1708@gmail.com>	https://github.com/paritytech/jsonrpsee	crates.io/jsonrpsee/0.24.10			RESOLVED_MANIFEST_DECLARATION_NO_ADJACENT_TEXT
k256@0.13.4	registry+https://github.com/rust-lang/crates.io-index	f6e3919bbaa2945715f0bb6d3934a173d1e9a59ac23767fbaaef277265a7411b	Cargo.lock	Apache-2.0 OR MIT	RustCrypto Developers	https://github.com/RustCrypto/elliptic-curves/tree/master/k256	crates.io/k256/0.13.4	3b4f73047906835fba5005acdf68f25a460b9ee298dae710f22b435d335a6f7b;a9040321c3712d8fd0b09cf52b17445de04a23a10165049ae187cd39e5c86be5		RESOLVED_DECLARATION_AND_TEXT
keccak-asm@0.1.4	registry+https://github.com/rust-lang/crates.io-index	505d1856a39b200489082f90d897c3f07c455563880bc5952e38eabf731c83b6	Cargo.lock	BSD-3-Clause	DaniPopes <57450786+DaniPopes@users.noreply.github.com>	https://github.com/danipopes/keccak-asm	crates.io/keccak-asm/0.1.4	ccae0eb3ab6d9d831913d584c21bd728a069d8c9392c649d1337c434ab0efaac		RESOLVED_DECLARATION_AND_TEXT
keccak-hash@0.11.0	registry+https://github.com/rust-lang/crates.io-index	3e1b8590eb6148af2ea2d75f38e7d29f5ca970d5a4df456b3ef19b8b415d0264	Cargo.lock	MIT OR Apache-2.0	Parity Technologies <admin@parity.io>	https://github.com/paritytech/parity-common	crates.io/keccak-hash/0.11.0			RESOLVED_MANIFEST_DECLARATION_NO_ADJACENT_TEXT
keccak@0.1.6	registry+https://github.com/rust-lang/crates.io-index	cb26cec98cce3a3d96cbb7bced3c4b16e3d13f27ec56dbd62cbc8f39cfb9d653	Cargo.lock	Apache-2.0 OR MIT	RustCrypto Developers	https://github.com/RustCrypto/sponges/tree/master/keccak	crates.io/keccak/0.1.6	a9040321c3712d8fd0b09cf52b17445de04a23a10165049ae187cd39e5c86be5;bdebaf9156a298f8fdab56dd26cb5144673de522d80f4c0d88e0039145f147f9		RESOLVED_DECLARATION_AND_TEXT
keystream@1.0.0	registry+https://github.com/rust-lang/crates.io-index	c33070833c9ee02266356de0c43f723152bd38bd96ddf52c82b3af10c9138b28	Cargo.lock	MIT/Apache-2.0	Peter Reid <peter.d.reid@gmail.com>	https://github.com/PeterReid/keystream	crates.io/keystream/1.0.0	18fb761e2510a47f6f552d703eb1957dc5d83bd5460a563a502f853db9ce11ed;a60eea817514531668d7e00765731449fe14d059d3249e0bc93b36de45f759f2;ebb333c8c6e69de843327cf1ca63491c8933c19f73362cacec682e5e1078de30		RESOLVED_DECLARATION_AND_TEXT
kvdb-memorydb@0.13.0	registry+https://github.com/rust-lang/crates.io-index	bf7a85fe66f9ff9cd74e169fdd2c94c6e1e74c412c99a73b4df3200b5d3760b2	Cargo.lock	MIT OR Apache-2.0	Parity Technologies <admin@parity.io>	https://github.com/paritytech/parity-common	crates.io/kvdb-memorydb/0.13.0			RESOLVED_MANIFEST_DECLARATION_NO_ADJACENT_TEXT
kvdb-rocksdb@0.19.0	registry+https://github.com/rust-lang/crates.io-index	b644c70b92285f66bfc2032922a79000ea30af7bc2ab31902992a5dcb9b434f6	Cargo.lock	MIT OR Apache-2.0	Parity Technologies <admin@parity.io>	https://github.com/paritytech/parity-common	crates.io/kvdb-rocksdb/0.19.0			RESOLVED_MANIFEST_DECLARATION_NO_ADJACENT_TEXT
kvdb@0.13.0	registry+https://github.com/rust-lang/crates.io-index	e7d770dcb02bf6835887c3a979b5107a04ff4bbde97a5f0928d27404a155add9	Cargo.lock	MIT OR Apache-2.0	Parity Technologies <admin@parity.io>	https://github.com/paritytech/parity-common	crates.io/kvdb/0.13.0			RESOLVED_MANIFEST_DECLARATION_NO_ADJACENT_TEXT
lazy_static@1.5.0	registry+https://github.com/rust-lang/crates.io-index	bbd2bcb4c963f2ddae06a2efc7e9f3591312473c50c6685e1f298068316e66fe	Cargo.lock	MIT OR Apache-2.0	Marvin Löbel <loebel.marvin@gmail.com>	https://github.com/rust-lang-nursery/lazy-static.rs	crates.io/lazy_static/1.5.0	0621878e61f0d0fda054bcbe02df75192c28bde1ecc8289cbd86aeba2dd72720;a60eea817514531668d7e00765731449fe14d059d3249e0bc93b36de45f759f2		RESOLVED_DECLARATION_AND_TEXT
lazycell@1.3.0	registry+https://github.com/rust-lang/crates.io-index	830d08ce1d1d941e6b30645f1a0eb5643013d835ce3779a5fc208261dbe10f55	Cargo.lock	MIT/Apache-2.0	Alex Crichton <alex@alexcrichton.com>;Nikita Pekin <contact@nikitapek.in>	https://github.com/indiv0/lazycell	crates.io/lazycell/1.3.0	03f6ccb4e6040abccf12b31551bbbd1800a5069a17950bbd6db850d85744800f;a60eea817514531668d7e00765731449fe14d059d3249e0bc93b36de45f759f2		RESOLVED_DECLARATION_AND_TEXT
libc@0.2.177	registry+https://github.com/rust-lang/crates.io-index	2874a2af47a2325c2001a6e6fad9b16a53b802102b528163885171cf92b15976	Cargo.lock	MIT OR Apache-2.0	The Rust Project Developers	https://github.com/rust-lang/libc	crates.io/libc/0.2.177	62c7a1e35f56406896d7aa7ca52d0cc0d272ac022b5d2796e7d6905db8a3636a;a8d47ff51ca256f56a8932dba07660672dbfe3004257ca8de708aac1415937a1		RESOLVED_DECLARATION_AND_TEXT
libloading@0.8.9	registry+https://github.com/rust-lang/crates.io-index	d7c4b02199fee7c5d21a5ae7d8cfa79a6ef5bb2fc834d6e9058e89c825efdc55	Cargo.lock	ISC	Simonas Kazlauskas <libloading@kazlauskas.me>	https://github.com/nagisa/rust_libloading/	crates.io/libloading/0.8.9	b29f8b01452350c20dd1af16ef83b598fea3053578ccc1c7a0ef40e57be2620f		RESOLVED_DECLARATION_AND_TEXT
libm@0.2.15	registry+https://github.com/rust-lang/crates.io-index	f9fbbcab51052fe104eb5e5d351cf728d30a5be1fe14d9be8a3b097481fb97de	Cargo.lock	MIT	Jorge Aparicio <jorge@japaric.io>	https://github.com/rust-lang/compiler-builtins	crates.io/libm/0.2.15	3823dda7cf046602f4b4e77ec8e227863dc4736037cc85bb33d9f19febe16bb7		RESOLVED_DECLARATION_AND_TEXT
libp2p-allow-block-list@0.4.0	registry+https://github.com/rust-lang/crates.io-index	d1027ccf8d70320ed77e984f273bc8ce952f623762cb9bf2d126df73caef8041	Cargo.lock	MIT		https://github.com/libp2p/rust-libp2p	crates.io/libp2p-allow-block-list/0.4.0			RESOLVED_MANIFEST_DECLARATION_NO_ADJACENT_TEXT
libp2p-connection-limits@0.4.0	registry+https://github.com/rust-lang/crates.io-index	8d003540ee8baef0d254f7b6bfd79bac3ddf774662ca0abf69186d517ef82ad8	Cargo.lock	MIT		https://github.com/libp2p/rust-libp2p	crates.io/libp2p-connection-limits/0.4.0			RESOLVED_MANIFEST_DECLARATION_NO_ADJACENT_TEXT
libp2p-core@0.42.0	registry+https://github.com/rust-lang/crates.io-index	a61f26c83ed111104cd820fe9bc3aaabbac5f1652a1d213ed6e900b7918a1298	Cargo.lock	MIT	Parity Technologies <admin@parity.io>	https://github.com/libp2p/rust-libp2p	crates.io/libp2p-core/0.42.0			RESOLVED_MANIFEST_DECLARATION_NO_ADJACENT_TEXT
libp2p-dns@0.42.0	registry+https://github.com/rust-lang/crates.io-index	97f37f30d5c7275db282ecd86e54f29dd2176bd3ac656f06abf43bedb21eb8bd	Cargo.lock	MIT	Parity Technologies <admin@parity.io>	https://github.com/libp2p/rust-libp2p	crates.io/libp2p-dns/0.42.0			RESOLVED_MANIFEST_DECLARATION_NO_ADJACENT_TEXT
libp2p-identify@0.45.0	registry+https://github.com/rust-lang/crates.io-index	1711b004a273be4f30202778856368683bd9a83c4c7dcc8f848847606831a4e3	Cargo.lock	MIT	Parity Technologies <admin@parity.io>	https://github.com/libp2p/rust-libp2p	crates.io/libp2p-identify/0.45.0			RESOLVED_MANIFEST_DECLARATION_NO_ADJACENT_TEXT
libp2p-identity@0.2.12	registry+https://github.com/rust-lang/crates.io-index	3104e13b51e4711ff5738caa1fb54467c8604c2e94d607e27745bcf709068774	Cargo.lock	MIT		https://github.com/libp2p/rust-libp2p	crates.io/libp2p-identity/0.2.12			RESOLVED_MANIFEST_DECLARATION_NO_ADJACENT_TEXT
libp2p-kad@0.46.2	registry+https://github.com/rust-lang/crates.io-index	ced237d0bd84bbebb7c2cad4c073160dacb4fe40534963c32ed6d4c6bb7702a3	Cargo.lock	MIT	Parity Technologies <admin@parity.io>	https://github.com/libp2p/rust-libp2p	crates.io/libp2p-kad/0.46.2			RESOLVED_MANIFEST_DECLARATION_NO_ADJACENT_TEXT
libp2p-mdns@0.46.0	registry+https://github.com/rust-lang/crates.io-index	14b8546b6644032565eb29046b42744aee1e9f261ed99671b2c93fb140dba417	Cargo.lock	MIT	Parity Technologies <admin@parity.io>	https://github.com/libp2p/rust-libp2p	crates.io/libp2p-mdns/0.46.0			RESOLVED_MANIFEST_DECLARATION_NO_ADJACENT_TEXT
libp2p-metrics@0.15.0	registry+https://github.com/rust-lang/crates.io-index	77ebafa94a717c8442d8db8d3ae5d1c6a15e30f2d347e0cd31d057ca72e42566	Cargo.lock	MIT	Max Inden <mail@max-inden.de>	https://github.com/libp2p/rust-libp2p	crates.io/libp2p-metrics/0.15.0			RESOLVED_MANIFEST_DECLARATION_NO_ADJACENT_TEXT
libp2p-noise@0.45.0	registry+https://github.com/rust-lang/crates.io-index	36b137cb1ae86ee39f8e5d6245a296518912014eaa87427d24e6ff58cfc1b28c	Cargo.lock	MIT	Parity Technologies <admin@parity.io>	https://github.com/libp2p/rust-libp2p	crates.io/libp2p-noise/0.45.0			RESOLVED_MANIFEST_DECLARATION_NO_ADJACENT_TEXT
libp2p-ping@0.45.0	registry+https://github.com/rust-lang/crates.io-index	005a34420359223b974ee344457095f027e51346e992d1e0dcd35173f4cdd422	Cargo.lock	MIT	Parity Technologies <admin@parity.io>	https://github.com/libp2p/rust-libp2p	crates.io/libp2p-ping/0.45.0			RESOLVED_MANIFEST_DECLARATION_NO_ADJACENT_TEXT
libp2p-quic@0.11.1	registry+https://github.com/rust-lang/crates.io-index	46352ac5cd040c70e88e7ff8257a2ae2f891a4076abad2c439584a31c15fd24e	Cargo.lock	MIT	Parity Technologies <admin@parity.io>	https://github.com/libp2p/rust-libp2p	crates.io/libp2p-quic/0.11.1			RESOLVED_MANIFEST_DECLARATION_NO_ADJACENT_TEXT
libp2p-request-response@0.27.0	registry+https://github.com/rust-lang/crates.io-index	1356c9e376a94a75ae830c42cdaea3d4fe1290ba409a22c809033d1b7dcab0a6	Cargo.lock	MIT	Parity Technologies <admin@parity.io>	https://github.com/libp2p/rust-libp2p	crates.io/libp2p-request-response/0.27.0			RESOLVED_MANIFEST_DECLARATION_NO_ADJACENT_TEXT
libp2p-swarm-derive@0.35.0	registry+https://github.com/rust-lang/crates.io-index	206e0aa0ebe004d778d79fb0966aa0de996c19894e2c0605ba2f8524dd4443d8	Cargo.lock	MIT	Parity Technologies <admin@parity.io>	https://github.com/libp2p/rust-libp2p	crates.io/libp2p-swarm-derive/0.35.0			RESOLVED_MANIFEST_DECLARATION_NO_ADJACENT_TEXT
libp2p-swarm@0.45.1	registry+https://github.com/rust-lang/crates.io-index	d7dd6741793d2c1fb2088f67f82cf07261f25272ebe3c0b0c311e0c6b50e851a	Cargo.lock	MIT	Parity Technologies <admin@parity.io>	https://github.com/libp2p/rust-libp2p	crates.io/libp2p-swarm/0.45.1			RESOLVED_MANIFEST_DECLARATION_NO_ADJACENT_TEXT
libp2p-tcp@0.42.0	registry+https://github.com/rust-lang/crates.io-index	ad964f312c59dcfcac840acd8c555de8403e295d39edf96f5240048b5fcaa314	Cargo.lock	MIT	Parity Technologies <admin@parity.io>	https://github.com/libp2p/rust-libp2p	crates.io/libp2p-tcp/0.42.0			RESOLVED_MANIFEST_DECLARATION_NO_ADJACENT_TEXT
libp2p-tls@0.5.0	registry+https://github.com/rust-lang/crates.io-index	47b23dddc2b9c355f73c1e36eb0c3ae86f7dc964a3715f0731cfad352db4d847	Cargo.lock	MIT		https://github.com/libp2p/rust-libp2p	crates.io/libp2p-tls/0.5.0			RESOLVED_MANIFEST_DECLARATION_NO_ADJACENT_TEXT
libp2p-upnp@0.3.0	registry+https://github.com/rust-lang/crates.io-index	01bf2d1b772bd3abca049214a3304615e6a36fa6ffc742bdd1ba774486200b8f	Cargo.lock	MIT		https://github.com/libp2p/rust-libp2p	crates.io/libp2p-upnp/0.3.0			RESOLVED_MANIFEST_DECLARATION_NO_ADJACENT_TEXT
libp2p-websocket@0.44.0	registry+https://github.com/rust-lang/crates.io-index	888b2ff2e5d8dcef97283daab35ad1043d18952b65e05279eecbe02af4c6e347	Cargo.lock	MIT	Parity Technologies <admin@parity.io>	https://github.com/libp2p/rust-libp2p	crates.io/libp2p-websocket/0.44.0			RESOLVED_MANIFEST_DECLARATION_NO_ADJACENT_TEXT
libp2p-yamux@0.46.0	registry+https://github.com/rust-lang/crates.io-index	788b61c80789dba9760d8c669a5bedb642c8267555c803fabd8396e4ca5c5882	Cargo.lock	MIT	Parity Technologies <admin@parity.io>	https://github.com/libp2p/rust-libp2p	crates.io/libp2p-yamux/0.46.0			RESOLVED_MANIFEST_DECLARATION_NO_ADJACENT_TEXT
libp2p@0.54.1	registry+https://github.com/rust-lang/crates.io-index	bbbe80f9c7e00526cd6b838075b9c171919404a4732cb2fa8ece0a093223bfc4	Cargo.lock	MIT	Parity Technologies <admin@parity.io>	https://github.com/libp2p/rust-libp2p	crates.io/libp2p/0.54.1			RESOLVED_MANIFEST_DECLARATION_NO_ADJACENT_TEXT
libredox@0.1.10	registry+https://github.com/rust-lang/crates.io-index	416f7e718bdb06000964960ffa43b4335ad4012ae8b99060261aa4a8088d5ccb	Cargo.lock	MIT	4lDO2 <4lDO2@protonmail.com>	https://gitlab.redox-os.org/redox-os/libredox.git	crates.io/libredox/0.1.10	8d073a6a80d1ef2d2fc2bc6c809aa221161bf1906c76d4aeef55fd2b999d9413		RESOLVED_DECLARATION_AND_TEXT
librocksdb-sys@0.11.0+8.1.1	registry+https://github.com/rust-lang/crates.io-index	d3386f101bcb4bd252d8e9d2fb41ec3b0862a15a62b478c355b2982efa469e3e	Cargo.lock	MIT/Apache-2.0/BSD-3-Clause	Karl Hobley <karlhobley10@gmail.com>;Arkadiy Paronyan <arkadiy@ethcore.io>	https://github.com/rust-rocksdb/rust-rocksdb	crates.io/librocksdb-sys/0.11.0+8.1.1			RESOLVED_MANIFEST_DECLARATION_NO_ADJACENT_TEXT
libsecp256k1-core@0.3.0	registry+https://github.com/rust-lang/crates.io-index	5be9b9bb642d8522a44d533eab56c16c738301965504753b03ad1de3425d5451	Cargo.lock	Apache-2.0	Wei Tang <hi@that.world>	https://github.com/paritytech/libsecp256k1	crates.io/libsecp256k1-core/0.3.0			RESOLVED_MANIFEST_DECLARATION_NO_ADJACENT_TEXT
libsecp256k1-gen-ecmult@0.3.0	registry+https://github.com/rust-lang/crates.io-index	3038c808c55c87e8a172643a7d87187fc6c4174468159cb3090659d55bcb4809	Cargo.lock	Apache-2.0	Wei Tang <hi@that.world>	https://github.com/paritytech/libsecp256k1	crates.io/libsecp256k1-gen-ecmult/0.3.0			RESOLVED_MANIFEST_DECLARATION_NO_ADJACENT_TEXT
libsecp256k1-gen-genmult@0.3.0	registry+https://github.com/rust-lang/crates.io-index	3db8d6ba2cec9eacc40e6e8ccc98931840301f1006e95647ceb2dd5c3aa06f7c	Cargo.lock	Apache-2.0	Wei Tang <hi@that.world>	https://github.com/paritytech/libsecp256k1	crates.io/libsecp256k1-gen-genmult/0.3.0			RESOLVED_MANIFEST_DECLARATION_NO_ADJACENT_TEXT
libsecp256k1@0.7.2	registry+https://github.com/rust-lang/crates.io-index	e79019718125edc905a079a70cfa5f3820bc76139fc91d6f9abc27ea2a887139	Cargo.lock	Apache-2.0	Wei Tang <hi@that.world>	https://github.com/paritytech/libsecp256k1	crates.io/libsecp256k1/0.7.2	b40930bbcf80744c86c46a12bc9da056641d722716c378f5659b9e555ef833e1		RESOLVED_DECLARATION_AND_TEXT
libz-sys@1.1.22	registry+https://github.com/rust-lang/crates.io-index	8b70e7a7df205e92a1a4cd9aaae7898dac0aa555503cc0a649494d0d60e7651d	Cargo.lock	MIT OR Apache-2.0	Alex Crichton <alex@alexcrichton.com>;Josh Triplett <josh@joshtriplett.org>;Sebastian Thiel <sebastian.thiel@icloud.com>	https://github.com/rust-lang/libz-sys	crates.io/libz-sys/1.1.22	34c467b6945a22696d060b8fdd2379d464acb3408d4c599d3dc5fe4fa1b4c84f;a60eea817514531668d7e00765731449fe14d059d3249e0bc93b36de45f759f2		RESOLVED_DECLARATION_AND_TEXT
link-cplusplus@1.0.12	registry+https://github.com/rust-lang/crates.io-index	7f78c730aaa7d0b9336a299029ea49f9ee53b0ed06e9202e8cb7db9bae7b8c82	Cargo.lock	MIT OR Apache-2.0	David Tolnay <dtolnay@gmail.com>	https://github.com/dtolnay/link-cplusplus	crates.io/link-cplusplus/1.0.12	23f18e03dc49df91622fe2a76176497404e46ced8a715d9d2b67a7446571cca3;62c7a1e35f56406896d7aa7ca52d0cc0d272ac022b5d2796e7d6905db8a3636a		RESOLVED_DECLARATION_AND_TEXT
linked-hash-map@0.5.6	registry+https://github.com/rust-lang/crates.io-index	0717cef1bc8b636c6e1c1bbdefc09e6322da8a9321966e8928ef80d20f7f770f	Cargo.lock	MIT/Apache-2.0	Stepan Koltsov <stepan.koltsov@gmail.com>;Andrew Paseltiner <apaseltiner@gmail.com>	https://github.com/contain-rs/linked-hash-map	crates.io/linked-hash-map/0.5.6	7b63ecd5f1902af1b63729947373683c32745c16a10e8e6292e2e2dcd7e90ae0;8173d5c29b4f956d532781d2b86e4e30f83e6b7878dce18c919451d6ba707c90		RESOLVED_DECLARATION_AND_TEXT
linked_hash_set@0.1.5	registry+https://github.com/rust-lang/crates.io-index	bae85b5be22d9843c80e5fc80e9b64c8a3b1f98f867c709956eca3efff4e92e2	Cargo.lock	Apache-2.0	Alex Butler <alexheretic@gmail.com>	https://github.com/alexheretic/linked-hash-set	crates.io/linked_hash_set/0.1.5	a6cba85bc92e0cff7a450b1d873c0eaa2e9fc96bf472df0247a26bec77bf3ff9		RESOLVED_DECLARATION_AND_TEXT
linregress@0.5.4	registry+https://github.com/rust-lang/crates.io-index	a9eda9dcf4f2a99787827661f312ac3219292549c2ee992bf9a6248ffb066bf7	Cargo.lock	MIT	Nils Mehrtens <nils@hasinila.de>	https://github.com/n1m3/linregress	crates.io/linregress/0.5.4	6a2ce32e94083768be8eafc06eaae3559c4645e6b6bc5148482ebe5b293553bd		RESOLVED_DECLARATION_AND_TEXT
linux-raw-sys@0.1.4	registry+https://github.com/rust-lang/crates.io-index	f051f77a7c8e6957c0696eac88f26b0117e54f52d3fc682ab19397a8812846a4	Cargo.lock	Apache-2.0 WITH LLVM-exception OR Apache-2.0 OR MIT	Dan Gohman <dev@sunfishcode.online>	https://github.com/sunfishcode/linux-raw-sys	crates.io/linux-raw-sys/0.1.4	23f18e03dc49df91622fe2a76176497404e46ced8a715d9d2b67a7446571cca3;268872b9816f90fd8e85db5a28d33f8150ebb8dd016653fb39ef1f94f2686bc5;3290ae0fbc9ddb77d2239121d710f0bb9d31b3b4744e6d97fe01e652b4c1870b;a60eea817514531668d7e00765731449fe14d059d3249e0bc93b36de45f759f2		RESOLVED_DECLARATION_AND_TEXT
linux-raw-sys@0.11.0	registry+https://github.com/rust-lang/crates.io-index	df1d3c3b53da64cf5760482273a98e575c651a67eec7f77df96b5b642de8f039	Cargo.lock	Apache-2.0 WITH LLVM-exception OR Apache-2.0 OR MIT	Dan Gohman <dev@sunfishcode.online>	https://github.com/sunfishcode/linux-raw-sys	crates.io/linux-raw-sys/0.11.0	23f18e03dc49df91622fe2a76176497404e46ced8a715d9d2b67a7446571cca3;268872b9816f90fd8e85db5a28d33f8150ebb8dd016653fb39ef1f94f2686bc5;3290ae0fbc9ddb77d2239121d710f0bb9d31b3b4744e6d97fe01e652b4c1870b;a60eea817514531668d7e00765731449fe14d059d3249e0bc93b36de45f759f2		RESOLVED_DECLARATION_AND_TEXT
lioness@0.1.2	registry+https://github.com/rust-lang/crates.io-index	4ae926706ba42c425c9457121178330d75e273df2e82e28b758faf3de3a9acb9	Cargo.lock	MIT/Apache-2.0	Jeffrey Burdges <burdges@gnunet.org>;David Stainton <dstainton415@gmail.com>	https://github.com/burdges/lioness-rs.git	crates.io/lioness/0.1.2	3277d72af4f36efa6e62e5288f0c815f6afcae64682839751c005ed8c7f3f25e;844fc144a6a0c8846128a059daf91ca55fa4fc57b272c2f107baba9f8db4e76c;a60eea817514531668d7e00765731449fe14d059d3249e0bc93b36de45f759f2		RESOLVED_DECLARATION_AND_TEXT
litemap@0.8.0	registry+https://github.com/rust-lang/crates.io-index	241eaef5fd12c88705a01fc1066c48c4b36e0dd4377dcdc7ec3942cea7a69956	Cargo.lock	Unicode-3.0	The ICU4X Project Developers	https://github.com/unicode-org/icu4x	crates.io/litemap/0.8.0	f367c1b8e1aa262435251e442901da4607b4650e0e63a026f5044473ecfb90f2		RESOLVED_DECLARATION_AND_TEXT
litep2p@0.9.5	registry+https://github.com/rust-lang/crates.io-index	14fb10e63363204b89d91e1292df83322fd9de5d7fa76c3d5c78ddc2f8f3efa9	Cargo.lock	MIT		NONE	crates.io/litep2p/0.9.5	6968733fa572385dc9d87f6bc988b5a8b84bc94e1645985554c38234b4905254		RESOLVED_DECLARATION_AND_TEXT
lock_api@0.4.14	registry+https://github.com/rust-lang/crates.io-index	224399e74b87b5f3557511d98dff8b14089b3dadafcab6bb93eab67d3aace965	Cargo.lock	MIT OR Apache-2.0	Amanieu d'Antras <amanieu@gmail.com>	https://github.com/Amanieu/parking_lot	crates.io/lock_api/0.4.14	a60eea817514531668d7e00765731449fe14d059d3249e0bc93b36de45f759f2;c9a75f18b9ab2927829a208fc6aa2cf4e63b8420887ba29cdb265d6619ae82d5		RESOLVED_DECLARATION_AND_TEXT
log@0.4.28	registry+https://github.com/rust-lang/crates.io-index	34080505efa8e45a4b816c349525ebe327ceaa8559756f0356cba97ef3bf7432	Cargo.lock	MIT OR Apache-2.0	The Rust Project Developers	https://github.com/rust-lang/log	crates.io/log/0.4.28	6485b8ed310d3f0340bf1ad1f47645069ce4069dcc6bb46c7d5c6faf41de1fdb;a60eea817514531668d7e00765731449fe14d059d3249e0bc93b36de45f759f2		RESOLVED_DECLARATION_AND_TEXT
lru-cache@0.1.2	registry+https://github.com/rust-lang/crates.io-index	31e24f1ad8321ca0e8a1e0ac13f23cb668e6f5466c2c57319f6a5cf1cc8e3b1c	Cargo.lock	MIT/Apache-2.0	Stepan Koltsov <stepan.koltsov@gmail.com>	https://github.com/contain-rs/lru-cache	crates.io/lru-cache/0.1.2	7b63ecd5f1902af1b63729947373683c32745c16a10e8e6292e2e2dcd7e90ae0;8173d5c29b4f956d532781d2b86e4e30f83e6b7878dce18c919451d6ba707c90		RESOLVED_DECLARATION_AND_TEXT
lru-slab@0.1.2	registry+https://github.com/rust-lang/crates.io-index	112b39cec0b298b6c1999fee3e31427f74f676e4cb9879ed1a121b43661a4154	Cargo.lock	MIT OR Apache-2.0 OR Zlib	Benjamin Saunders <ben.e.saunders@gmail.com>	https://github.com/Ralith/lru-slab	crates.io/lru-slab/0.1.2	09785877275ffada6c371b652a30e95c26b435126fc0fc62f1bc2d72171f80a4;1466d9b4f3a59bb8997fc8d5fa977ce3f6a24bb2358793c09bfdf007039f6486;cfc7749b96f63bd31c3c42b5c471bf756814053e847c10f3eb003417bc523d30		RESOLVED_DECLARATION_AND_TEXT
lru@0.12.5	registry+https://github.com/rust-lang/crates.io-index	234cf4f4a04dc1f57e24b96cc0cd600cf2af460d4161ac5ecdd0af8e1f3b2a38	Cargo.lock	MIT	Jerome Froelich <jeromefroelic@hotmail.com>	https://github.com/jeromefroe/lru-rs.git	crates.io/lru/0.12.5	061dc50af2cd9340703daf61978af3200cf681b12ea67a323c33ba109a23a45e		RESOLVED_DECLARATION_AND_TEXT
lz4-sys@1.11.1+lz4-1.10.0	registry+https://github.com/rust-lang/crates.io-index	6bd8c0d6c6ed0cd30b3652886bb8711dc4bb01d637a68105a3d5158039b418e6	Cargo.lock	MIT	Jens Heyens <jens.heyens@ewetel.net>;Artem V. Navrotskiy <bozaro@buzzsoft.ru>;Patrick Marks <pmarks@gmail.com>	https://github.com/10xGenomics/lz4-rs	crates.io/lz4-sys/1.11.1+lz4-1.10.0	77633124ac69bf094e06cf9f3157c54d6e51d6b58a38d4f28141947815ecadfa		RESOLVED_DECLARATION_AND_TEXT
lz4@1.28.1	registry+https://github.com/rust-lang/crates.io-index	a20b523e860d03443e98350ceaac5e71c6ba89aea7d960769ec3ce37f4de5af4	Cargo.lock	MIT	Jens Heyens <jens.heyens@ewetel.net>;Artem V. Navrotskiy <bozaro@buzzsoft.ru>;Patrick Marks <pmarks@gmail.com>	https://github.com/10xGenomics/lz4-rs	crates.io/lz4/1.28.1	77633124ac69bf094e06cf9f3157c54d6e51d6b58a38d4f28141947815ecadfa		RESOLVED_DECLARATION_AND_TEXT
mach@0.3.2	registry+https://github.com/rust-lang/crates.io-index	b823e83b2affd8f40a9ee8c29dbc56404c1e34cd2710921f2801e2cf29527afa	Cargo.lock	BSD-2-Clause	Nick Fitzgerald <fitzgen@gmail.com>;David Cuddeback <david.cuddeback@gmail.com>;Gonzalo Brito Gadeschi <gonzalobg88@gmail.com>	https://github.com/fitzgen/mach	crates.io/mach/0.3.2	399507a62fba271ddb3e24dc857e85b571fbb76435546f51b212cf04d8463f58		RESOLVED_DECLARATION_AND_TEXT
macro-string@0.1.4	registry+https://github.com/rust-lang/crates.io-index	1b27834086c65ec3f9387b096d66e99f221cf081c2b738042aa252bcd41204e3	Cargo.lock	MIT OR Apache-2.0	David Tolnay <dtolnay@gmail.com>	https://github.com/dtolnay/macro-string	crates.io/macro-string/0.1.4	23f18e03dc49df91622fe2a76176497404e46ced8a715d9d2b67a7446571cca3;62c7a1e35f56406896d7aa7ca52d0cc0d272ac022b5d2796e7d6905db8a3636a		RESOLVED_DECLARATION_AND_TEXT
macro_magic@0.5.1	registry+https://github.com/rust-lang/crates.io-index	cc33f9f0351468d26fbc53d9ce00a096c8522ecb42f19b50f34f2c422f76d21d	Cargo.lock	MIT	sam0x17	https://github.com/sam0x17/macro_magic	crates.io/macro_magic/0.5.1	da3c59c2126a241f72971b424d9a8ad9146de6ac4ecd741b94e81f1a7c3be64e		RESOLVED_DECLARATION_AND_TEXT
macro_magic_core@0.5.1	registry+https://github.com/rust-lang/crates.io-index	1687dc887e42f352865a393acae7cf79d98fab6351cde1f58e9e057da89bf150	Cargo.lock	MIT		https://github.com/sam0x17/macro_magic	crates.io/macro_magic_core/0.5.1	da3c59c2126a241f72971b424d9a8ad9146de6ac4ecd741b94e81f1a7c3be64e		RESOLVED_DECLARATION_AND_TEXT
macro_magic_core_macros@0.5.1	registry+https://github.com/rust-lang/crates.io-index	b02abfe41815b5bd98dbd4260173db2c116dda171dc0fe7838cb206333b83308	Cargo.lock	MIT		https://github.com/sam0x17/macro_magic	crates.io/macro_magic_core_macros/0.5.1	da3c59c2126a241f72971b424d9a8ad9146de6ac4ecd741b94e81f1a7c3be64e		RESOLVED_DECLARATION_AND_TEXT
macro_magic_macros@0.5.1	registry+https://github.com/rust-lang/crates.io-index	73ea28ee64b88876bf45277ed9a5817c1817df061a74f2b988971a12570e5869	Cargo.lock	MIT		https://github.com/sam0x17/macro_magic	crates.io/macro_magic_macros/0.5.1	da3c59c2126a241f72971b424d9a8ad9146de6ac4ecd741b94e81f1a7c3be64e		RESOLVED_DECLARATION_AND_TEXT
match-lookup@0.1.1	registry+https://github.com/rust-lang/crates.io-index	1265724d8cb29dbbc2b0f06fffb8bf1a8c0cf73a78eede9ba73a4a66c52a981e	Cargo.lock	MIT	mriise <me@mriise.net>	https://github.com/mriise/smol-base-x	crates.io/match-lookup/0.1.1			RESOLVED_MANIFEST_DECLARATION_NO_ADJACENT_TEXT
matchers@0.2.0	registry+https://github.com/rust-lang/crates.io-index	d1525a2a28c7f4fa0fc98bb91ae755d1e2d1505079e05539e35bc876b5d65ae9	Cargo.lock	MIT	Eliza Weisman <eliza@buoyant.io>	https://github.com/hawkw/matchers	crates.io/matchers/0.2.0	a47129d738752a6ae52247fea645b42cb320d19e9327f1eb2d1a7f99d9455ad3		RESOLVED_DECLARATION_AND_TEXT
matrixmultiply@0.3.10	registry+https://github.com/rust-lang/crates.io-index	a06de3016e9fae57a36fd14dba131fccf49f74b40b7fbdb472f96e361ec71a08	Cargo.lock	MIT/Apache-2.0	bluss;R. Janis Goldschmidt	https://github.com/bluss/matrixmultiply/	crates.io/matrixmultiply/0.3.10	792d075c7bad6dac258a44e799eb64cbf465e24d9932d27669be08c5ec957e27;a60eea817514531668d7e00765731449fe14d059d3249e0bc93b36de45f759f2		RESOLVED_DECLARATION_AND_TEXT
memchr@2.7.6	registry+https://github.com/rust-lang/crates.io-index	f52b00d39961fc5b2736ea853c9cc86238e165017a493d1d5c8eac6bdc4cc273	Cargo.lock	Unlicense OR MIT	Andrew Gallant <jamslam@gmail.com>;bluss	https://github.com/BurntSushi/memchr	crates.io/memchr/2.7.6	01c266bced4a434da0051174d6bee16a4c82cf634e2679b6155d40d75012390f;0f96a83840e146e43c0ec96a22ec1f392e0680e6c1226e6f3ba87e0740af850f		RESOLVED_DECLARATION_AND_TEXT
memfd@0.6.5	registry+https://github.com/rust-lang/crates.io-index	ad38eb12aea514a0466ea40a80fd8cc83637065948eb4a426e4aa46261175227	Cargo.lock	MIT OR Apache-2.0	Luca Bruno <lucab@lucabruno.net>;Simonas Kazlauskas <memfd@kazlauskas.me>	https://github.com/lucab/memfd-rs	crates.io/memfd/0.6.5	c71d239df91726fc519c6eb72d318ec65820627232b2f796219e87dcf35d0ab4;e5d8f26c5b92d382e7ab2826500e5099a40a7751e92a55bc51c6770933411f9e		RESOLVED_DECLARATION_AND_TEXT
memmap2@0.5.10	registry+https://github.com/rust-lang/crates.io-index	83faa42c0a078c393f6b29d5db232d8be22776a891f8f56e5284faee4a20b327	Cargo.lock	MIT OR Apache-2.0	Dan Burkert <dan@danburkert.com>;Yevhenii Reizner <razrfalcon@gmail.com>	https://github.com/RazrFalcon/memmap2-rs	crates.io/memmap2/0.5.10	04ea4849dba9dcae07113850c6f1b1a69052c625210639914eee352023f750ad;0d25d03b5ab49576178ad0cae7a2648d12c17ad0452fe49c07e55e4b59aa5257		RESOLVED_DECLARATION_AND_TEXT
memmap2@0.9.9	registry+https://github.com/rust-lang/crates.io-index	744133e4a0e0a658e1374cf3bf8e415c4052a15a111acd372764c55b4177d490	Cargo.lock	MIT OR Apache-2.0	Dan Burkert <dan@danburkert.com>;Yevhenii Reizner <razrfalcon@gmail.com>	https://github.com/RazrFalcon/memmap2-rs	crates.io/memmap2/0.9.9	04ea4849dba9dcae07113850c6f1b1a69052c625210639914eee352023f750ad;0d25d03b5ab49576178ad0cae7a2648d12c17ad0452fe49c07e55e4b59aa5257		RESOLVED_DECLARATION_AND_TEXT
memoffset@0.8.0	registry+https://github.com/rust-lang/crates.io-index	d61c719bcfbcf5d62b3a09efa6088de8c54bc0bfcd3ea7ae39fcc186108b8de1	Cargo.lock	MIT	Gilad Naaman <gilad.naaman@gmail.com>	https://github.com/Gilnaa/memoffset	crates.io/memoffset/0.8.0	3234ac55816264ee7b6c7ee27efd61cf0a1fe775806870e3d9b4c41ea73c5cb1		RESOLVED_DECLARATION_AND_TEXT
memory-db@0.34.0	registry+https://github.com/rust-lang/crates.io-index	7e300c54e3239a86f9c61cc63ab0f03862eb40b1c6e065dc6fd6ceaeff6da93d	Cargo.lock	Apache-2.0	Parity Technologies <admin@parity.io>	https://github.com/paritytech/trie	crates.io/memory-db/0.34.0			RESOLVED_MANIFEST_DECLARATION_NO_ADJACENT_TEXT
merkleized-metadata@0.5.0	registry+https://github.com/rust-lang/crates.io-index	b3e3e3f549d27d2dc054372f320ddf68045a833fab490563ff70d4cf1b9d91ea	Cargo.lock	MIT OR Apache-2.0	Bastian Köcher <git@kchr.de>	https://github.com/bkchr/merkleized-metadata	crates.io/merkleized-metadata/0.5.0	23f18e03dc49df91622fe2a76176497404e46ced8a715d9d2b67a7446571cca3;8ada45cd9f843acf64e4722ae262c622a2b3b3007c7310ef36ac1061a30f6adb		RESOLVED_DECLARATION_AND_TEXT
merlin@3.0.0	registry+https://github.com/rust-lang/crates.io-index	58c38e2799fc0978b65dfff8023ec7843e2330bb462f19198840b34b6582397d	Cargo.lock	MIT	Henry de Valence <hdevalence@hdevalence.ca>	https://github.com/zkcrypto/merlin	crates.io/merlin/3.0.0	a23decac74ff35091240ea623bdad2c867ca5054cd1b9e4a848e4628d0c92689		RESOLVED_DECLARATION_AND_TEXT
minimal-lexical@0.2.1	registry+https://github.com/rust-lang/crates.io-index	68354c5c6bd36d73ff3feceb05efa59b6acb7626617f4962be322a825e61f79a	Cargo.lock	MIT/Apache-2.0	Alex Huszagh <ahuszagh@gmail.com>	https://github.com/Alexhuszagh/minimal-lexical	crates.io/minimal-lexical/0.2.1	23f18e03dc49df91622fe2a76176497404e46ced8a715d9d2b67a7446571cca3;8173d5c29b4f956d532781d2b86e4e30f83e6b7878dce18c919451d6ba707c90;dbe1fff0fb1314b6af94f161511406275cf01c5a32441fbf24528a57a051d599		RESOLVED_DECLARATION_AND_TEXT
miniz_oxide@0.8.9	registry+https://github.com/rust-lang/crates.io-index	1fa76a2c86f704bdb222d66965fb3d63269ce38518b83cb0575fca855ebb6316	Cargo.lock	MIT OR Zlib OR Apache-2.0	Frommi <daniil.liferenko@gmail.com>;oyvindln <oyvindln@users.noreply.github.com>;Rich Geldreich richgel99@gmail.com	https://github.com/Frommi/miniz_oxide/tree/master/miniz_oxide	crates.io/miniz_oxide/0.8.9	0a54e647fe54104658b5e563c04c6f9edf251710e47bce692e0bd990a4ddaa39;0d542e0c8804e39aa7f37eb00da5a762149dc682d7829451287e11b938e94594;4108245a1f2df9d4e94df8abed5b4ba0759bb2f9b40a6b939f1be141077ae50b;799e9ca9d179295ef372f25d3769cdda7d25bb2668add6a6a1e22d1e4c678b8d		RESOLVED_DECLARATION_AND_TEXT
mio@1.1.0	registry+https://github.com/rust-lang/crates.io-index	69d83b0086dc8ecf3ce9ae2874b2d1290252e2a30720bea58a5c6639b0092873	Cargo.lock	MIT	Carl Lerche <me@carllerche.com>;Thomas de Zeeuw <thomasdezeeuw@gmail.com>;Tokio Contributors <team@tokio.rs>	https://github.com/tokio-rs/mio	crates.io/mio/1.1.0	07919255c7e04793d8ea760d6c2ce32d19f9ff02bdbdde3ce90b1e1880929a9b		RESOLVED_DECLARATION_AND_TEXT
mixnet@0.7.0	registry+https://github.com/rust-lang/crates.io-index	daa3eb39495d8e2e2947a1d862852c90cc6a4a8845f8b41c8829cb9fcc047f4a	Cargo.lock	MIT	Parity Technologies <admin@parity.io>	https://github.com/paritytech/mixnet/	crates.io/mixnet/0.7.0			RESOLVED_MANIFEST_DECLARATION_NO_ADJACENT_TEXT
mockall@0.13.1	registry+https://github.com/rust-lang/crates.io-index	39a6bfcc6c8c7eed5ee98b9c3e33adc726054389233e201c95dab2d41a3839d2	Cargo.lock	MIT OR Apache-2.0	Alan Somers <asomers@gmail.com>	https://github.com/asomers/mockall	crates.io/mockall/0.13.1	a60eea817514531668d7e00765731449fe14d059d3249e0bc93b36de45f759f2;a6ba0ec436e84b1517c6371beb6db11eab6a8e4a39d895be8584fb2c65303b5a		RESOLVED_DECLARATION_AND_TEXT
mockall_derive@0.13.1	registry+https://github.com/rust-lang/crates.io-index	25ca3004c2efe9011bd4e461bd8256445052b9615405b4f7ea43fc8ca5c20898	Cargo.lock	MIT OR Apache-2.0	Alan Somers <asomers@gmail.com>	https://github.com/asomers/mockall	crates.io/mockall_derive/0.13.1	a60eea817514531668d7e00765731449fe14d059d3249e0bc93b36de45f759f2;a6ba0ec436e84b1517c6371beb6db11eab6a8e4a39d895be8584fb2c65303b5a		RESOLVED_DECLARATION_AND_TEXT
moka@0.12.11	registry+https://github.com/rust-lang/crates.io-index	8261cd88c312e0004c1d51baad2980c66528dfdb2bee62003e643a4d8f86b077	Cargo.lock	(MIT OR Apache-2.0) AND Apache-2.0		https://github.com/moka-rs/moka	crates.io/moka/0.12.11	54a5779799d48a9784610d05c67a00622be6f5315689cd73c37ecba5238bd6b6;585f3a305a52ee3242a1a9b8768b4009f4c792155ebc49166bcbefa616e854a7	f6d3f84b39d597c19748c6b50a04abe1634edb3c0b15392daa217ec44119f652	RESOLVED_DECLARATION_AND_TEXT
multi-stash@0.2.0	registry+https://github.com/rust-lang/crates.io-index	685a9ac4b61f4e728e1d2c6a7844609c16527aeb5e6c865915c08e619c16410f	Cargo.lock	MIT/Apache-2.0	Robin Freyler <robin.freyler@gmail.com>	https://github.com/robbepop/multi-stash	crates.io/multi-stash/0.2.0	93d1cfaa724c26450ee25ff87bd2d92bdfd8ed4f0f20b6bf6231bd718edc5b67;f1daf99790dca934643213e7cb0cde09f0dfb263229a608726df36b09daf7489		RESOLVED_DECLARATION_AND_TEXT
multiaddr@0.17.1	registry+https://github.com/rust-lang/crates.io-index	2b36f567c7099511fa8612bbbb52dda2419ce0bdbacf31714e3a5ffdb766d3bd	Cargo.lock	MIT	dignifiedquire <dignifiedquire@gmail.com>;Parity Technologies <admin@parity.io>	NONE	crates.io/multiaddr/0.17.1	c1c9930ca38e756f9d7f9c7d7b76dcbc4618ded395b9b4a8fa4e103c30d11971		RESOLVED_DECLARATION_AND_TEXT
multiaddr@0.18.2	registry+https://github.com/rust-lang/crates.io-index	fe6351f60b488e04c1d21bc69e56b89cb3f5e8f5d22557d6e8031bdfd79b6961	Cargo.lock	MIT	dignifiedquire <dignifiedquire@gmail.com>;Parity Technologies <admin@parity.io>	https://github.com/multiformats/rust-multiaddr	crates.io/multiaddr/0.18.2	c1c9930ca38e756f9d7f9c7d7b76dcbc4618ded395b9b4a8fa4e103c30d11971		RESOLVED_DECLARATION_AND_TEXT
multibase@0.9.2	registry+https://github.com/rust-lang/crates.io-index	8694bb4835f452b0e3bb06dbebb1d6fc5385b6ca1caf2e55fd165c042390ec77	Cargo.lock	MIT	Friedel Ziegelmayer <dignifiedquire@gmail.com>	https://github.com/multiformats/rust-multibase	crates.io/multibase/0.9.2	0cb24bdcd14ab74a06b78eb8ff06d3efa0a4014111da713d489d8242ad90ad1b		RESOLVED_DECLARATION_AND_TEXT
multihash-derive@0.8.1	registry+https://github.com/rust-lang/crates.io-index	1d6d4752e6230d8ef7adf7bd5d8c4b1f6561c1014c5ba9a37445ccefe18aa1db	Cargo.lock	MIT	David Craven <david@craven.ch>	https://github.com/multiformats/multihash	crates.io/multihash-derive/0.8.1			RESOLVED_MANIFEST_DECLARATION_NO_ADJACENT_TEXT
multihash@0.17.0	registry+https://github.com/rust-lang/crates.io-index	835d6ff01d610179fbce3de1694d007e500bf33a7f29689838941d6bf783ae40	Cargo.lock	MIT	dignifiedquire <dignifiedquire@gmail.com>;David Craven <david@craven.ch>;Volker Mische <volker.mische@gmail.com>	https://github.com/multiformats/rust-multihash	crates.io/multihash/0.17.0	c1c9930ca38e756f9d7f9c7d7b76dcbc4618ded395b9b4a8fa4e103c30d11971		RESOLVED_DECLARATION_AND_TEXT
multihash@0.19.3	registry+https://github.com/rust-lang/crates.io-index	6b430e7953c29dd6a09afc29ff0bb69c6e306329ee6794700aee27b76a1aea8d	Cargo.lock	MIT	dignifiedquire <dignifiedquire@gmail.com>;David Craven <david@craven.ch>;Volker Mische <volker.mische@gmail.com>	https://github.com/multiformats/rust-multihash	crates.io/multihash/0.19.3	c1c9930ca38e756f9d7f9c7d7b76dcbc4618ded395b9b4a8fa4e103c30d11971		RESOLVED_DECLARATION_AND_TEXT
multimap@0.10.1	registry+https://github.com/rust-lang/crates.io-index	1d87ecb2933e8aeadb3e3a02b828fed80a7528047e68b4f424523a0981a3a084	Cargo.lock	MIT OR Apache-2.0	Håvar Nøvik <havar.novik@gmail.com>	https://github.com/havarnov/multimap	crates.io/multimap/0.10.1	23ce717d2face34a1ae9af6a8c8fbbf488875afee16374d7a10ce79d41e22f37;a60eea817514531668d7e00765731449fe14d059d3249e0bc93b36de45f759f2		RESOLVED_DECLARATION_AND_TEXT
multistream-select@0.13.0	registry+https://github.com/rust-lang/crates.io-index	ea0df8e5eec2298a62b326ee4f0d7fe1a6b90a09dfcf9df37b38f947a8c42f19	Cargo.lock	MIT	Parity Technologies <admin@parity.io>	https://github.com/libp2p/rust-libp2p	crates.io/multistream-select/0.13.0			RESOLVED_MANIFEST_DECLARATION_NO_ADJACENT_TEXT
nalgebra@0.33.2	registry+https://github.com/rust-lang/crates.io-index	26aecdf64b707efd1310e3544d709c5c0ac61c13756046aaaba41be5c4f66a3b	Cargo.lock	Apache-2.0	Sébastien Crozet <developer@crozet.re>	https://github.com/dimforge/nalgebra	crates.io/nalgebra/0.33.2	86ae51c591e742d80ce56823d35e2e176b53e38a99bd8499c85dae31ef4fe1f7		RESOLVED_DECLARATION_AND_TEXT
names@0.14.0	registry+https://github.com/rust-lang/crates.io-index	7bddcd3bf5144b6392de80e04c347cd7fab2508f6df16a85fc496ecd5cec39bc	Cargo.lock	MIT	Fletcher Nichol <fnichol@nichol.ca>	https://github.com/fnichol/names	crates.io/names/0.14.0	689eaaae0ef01b6e3940ba047c53b741a74bdab968cf5d718fd8d85ed66f2390		RESOLVED_DECLARATION_AND_TEXT
nanorand@0.7.0	registry+https://github.com/rust-lang/crates.io-index	6a51313c5820b0b02bd422f4b44776fbf47961755c74ce64afc73bfad10226c3	Cargo.lock	Zlib	Lucy <lucy@absolucy.moe>	https://github.com/Absolucy/nanorand-rs	crates.io/nanorand/0.7.0	ad4d94921cc5b085cb7c7d3c9120e14c89eef4240b07f8386b909d218cc7f922		RESOLVED_DECLARATION_AND_TEXT
netlink-packet-core@0.7.0	registry+https://github.com/rust-lang/crates.io-index	72724faf704479d67b388da142b186f916188505e7e0b26719019c525882eda4	Cargo.lock	MIT	Corentin Henry <corentinhenry@gmail.com>	https://github.com/rust-netlink/netlink-packet-core	crates.io/netlink-packet-core/0.7.0	964a53330f9cd970c1790311024281a994644f9b554ff6d37e233672287bf767		RESOLVED_DECLARATION_AND_TEXT
netlink-packet-route@0.17.1	registry+https://github.com/rust-lang/crates.io-index	053998cea5a306971f88580d0829e90f270f940befd7cf928da179d4187a5a66	Cargo.lock	MIT	Corentin Henry <corentinhenry@gmail.com>	https://github.com/rust-netlink/netlink-packet-route	crates.io/netlink-packet-route/0.17.1	964a53330f9cd970c1790311024281a994644f9b554ff6d37e233672287bf767		RESOLVED_DECLARATION_AND_TEXT
netlink-packet-utils@0.5.2	registry+https://github.com/rust-lang/crates.io-index	0ede8a08c71ad5a95cdd0e4e52facd37190977039a4704eb82a283f713747d34	Cargo.lock	MIT	Corentin Henry <corentinhenry@gmail.com>	https://github.com/rust-netlink/netlink-packet-utils	crates.io/netlink-packet-utils/0.5.2	964a53330f9cd970c1790311024281a994644f9b554ff6d37e233672287bf767		RESOLVED_DECLARATION_AND_TEXT
netlink-proto@0.11.5	registry+https://github.com/rust-lang/crates.io-index	72452e012c2f8d612410d89eea01e2d9b56205274abb35d53f60200b2ec41d60	Cargo.lock	MIT	Corentin Henry <corentinhenry@gmail.com>	https://github.com/rust-netlink/netlink-proto	crates.io/netlink-proto/0.11.5	964a53330f9cd970c1790311024281a994644f9b554ff6d37e233672287bf767		RESOLVED_DECLARATION_AND_TEXT
netlink-sys@0.8.7	registry+https://github.com/rust-lang/crates.io-index	16c903aa70590cb93691bf97a767c8d1d6122d2cc9070433deb3bbf36ce8bd23	Cargo.lock	MIT	Corentin Henry <corentinhenry@gmail.com>	https://github.com/rust-netlink/netlink-sys	crates.io/netlink-sys/0.8.7	964a53330f9cd970c1790311024281a994644f9b554ff6d37e233672287bf767		RESOLVED_DECLARATION_AND_TEXT
network-interface@2.0.3	registry+https://github.com/rust-lang/crates.io-index	07709a6d4eba90ab10ec170a0530b3aafc81cb8a2d380e4423ae41fc55fe5745	Cargo.lock	MIT OR Apache-2.0	Esteban Borai <estebanborai@gmail.com>	https://github.com/EstebanBorai/network-interface	crates.io/network-interface/2.0.3	08e9575b11163b3b6760789ce0e3ebe79e3aef174bb862f6b780054709e047c2;e3e3004afbaa2a3191114cb8daa47602d0f341a407919ecca29e0af1beec6698		RESOLVED_DECLARATION_AND_TEXT
nix@0.26.4	registry+https://github.com/rust-lang/crates.io-index	598beaf3cc6fdd9a5dfb1630c2800c7acd31df7aaf0f565796fba2b53ca1af1b	Cargo.lock	MIT	The nix-rust Project Developers	https://github.com/nix-rust/nix	crates.io/nix/0.26.4	66e3ee1fa7f909ad3c612d556f2a0cdabcd809ad6e66f3b0605015ac64841b70		RESOLVED_DECLARATION_AND_TEXT
no-std-compat@0.4.1	registry+https://github.com/rust-lang/crates.io-index	b93853da6d84c2e3c7d730d6473e8817692dd89be387eb01b94d7f108ecb5b8c	Cargo.lock	MIT	jD91mZM2 <me@krake.one>	https://gitlab.com/jD91mZM2/no-std-compat	crates.io/no-std-compat/0.4.1	a82f9dd9371fddd9b1b5ad38f970bcfa4197c0da07b3dfb3f568089edf79f168		RESOLVED_DECLARATION_AND_TEXT
nodrop@0.1.14	registry+https://github.com/rust-lang/crates.io-index	72ef4a56884ca558e5ddb05a1d1e7e1bfd9a68d9ed024c21704cc98872dae1bb	Cargo.lock	MIT/Apache-2.0	bluss	https://github.com/bluss/arrayvec	crates.io/nodrop/0.1.14	0245ee104228a100ce5fceecf43e25faae450494d9173f43fd94c27d69fdac13;a60eea817514531668d7e00765731449fe14d059d3249e0bc93b36de45f759f2		RESOLVED_DECLARATION_AND_TEXT
nohash-hasher@0.2.0	registry+https://github.com/rust-lang/crates.io-index	2bf50223579dc7cdcfb3bfcacf7069ff68243f8c363f62ffa99cf000a6b9c451	Cargo.lock	Apache-2.0 OR MIT	Parity Technologies <admin@parity.io>	https://github.com/paritytech/nohash-hasher	crates.io/nohash-hasher/0.2.0	cfc7749b96f63bd31c3c42b5c471bf756814053e847c10f3eb003417bc523d30;ec353d4fecf7963b4c054384557e5dbc3c7a717997eb4a3815b315721a6aa75a		RESOLVED_DECLARATION_AND_TEXT
nom@7.1.3	registry+https://github.com/rust-lang/crates.io-index	d273983c5a657a70a3e8f2a01329822f3b8c8172b73826411a55751e404a0a4a	Cargo.lock	MIT	contact@geoffroycouprie.com	https://github.com/Geal/nom	crates.io/nom/7.1.3	4dbda04344456f09a7a588140455413a9ac59b6b26a1ef7cdf9c800c012d87f0		RESOLVED_DECLARATION_AND_TEXT
nonempty@0.7.0	registry+https://github.com/rust-lang/crates.io-index	e9e591e719385e6ebaeb5ce5d3887f7d5676fceca6411d1925ccc95745f3d6f7	Cargo.lock	MIT	Alexis Sellier <self@cloudhead.io>	https://github.com/cloudhead/nonempty	crates.io/nonempty/0.7.0	e9a7f23bee03fd95309a52a27f3eb77ad8ba9910ec47871111dd80db4df41648		RESOLVED_DECLARATION_AND_TEXT
nonzero_ext@0.3.0	registry+https://github.com/rust-lang/crates.io-index	38bf9645c8b145698bb0b18a4637dcacbc421ea49bef2317e4fd8065a387cf21	Cargo.lock	Apache-2.0	Andreas Fuchs <asf@boinkor.net>	https://github.com/antifuchs/nonzero_ext	crates.io/nonzero_ext/0.3.0	3b842ae825a82c84830590457664b56d3b45390892bb5a1b73b1468c023a270e		RESOLVED_DECLARATION_AND_TEXT
ntapi@0.4.1	registry+https://github.com/rust-lang/crates.io-index	e8a3895c6391c39d7fe7ebc444a87eb2991b2a0bc718fdabd071eec617fc68e4	Cargo.lock	Apache-2.0 OR MIT	MSxDOS <melcodos@gmail.com>	https://github.com/MSxDOS/ntapi	crates.io/ntapi/0.4.1	11a7964ccc0dd115d16720ab1d826c5d03e52838748ffaba3d21bae8bcacd82a;cf90d659de5c1e6418267ab8043b756e65508ee5d8d50b29eb2d2fe444c2c3eb		RESOLVED_DECLARATION_AND_TEXT
nu-ansi-term@0.50.3	registry+https://github.com/rust-lang/crates.io-index	7957b9740744892f114936ab4a57b3f487491bbeafaf8083688b16841a4240e5	Cargo.lock	MIT	ogham@bsago.me;Ryan Scheel (Havvy) <ryan.havvy@gmail.com>;Josh Triplett <josh@joshtriplett.org>;The Nushell Project Developers	https://github.com/nushell/nu-ansi-term	crates.io/nu-ansi-term/0.50.3	284465860407420254e39be4e1bdcaaf2e7f2d18e06f9bab75bc75341a5d8501		RESOLVED_DECLARATION_AND_TEXT
num-bigint@0.4.6	registry+https://github.com/rust-lang/crates.io-index	a5e44f723f1133c9deac646763579fdb3ac745e418f2a7af9cd0c431da1f20b9	Cargo.lock	MIT OR Apache-2.0	The Rust Project Developers	https://github.com/rust-num/num-bigint	crates.io/num-bigint/0.4.6	6485b8ed310d3f0340bf1ad1f47645069ce4069dcc6bb46c7d5c6faf41de1fdb;a60eea817514531668d7e00765731449fe14d059d3249e0bc93b36de45f759f2		RESOLVED_DECLARATION_AND_TEXT
num-complex@0.4.6	registry+https://github.com/rust-lang/crates.io-index	73f88a1307638156682bada9d7604135552957b7818057dcef22705b4d509495	Cargo.lock	MIT OR Apache-2.0	The Rust Project Developers	https://github.com/rust-num/num-complex	crates.io/num-complex/0.4.6	6485b8ed310d3f0340bf1ad1f47645069ce4069dcc6bb46c7d5c6faf41de1fdb;a60eea817514531668d7e00765731449fe14d059d3249e0bc93b36de45f759f2		RESOLVED_DECLARATION_AND_TEXT
num-conv@0.1.0	registry+https://github.com/rust-lang/crates.io-index	51d515d32fb182ee37cda2ccdcb92950d6a3c2893aa280e540671c2cd0f3b1d9	Cargo.lock	MIT OR Apache-2.0	Jacob Pratt <jacob@jhpratt.dev>	https://github.com/jhpratt/num-conv	crates.io/num-conv/0.1.0	af85fff507d80e6c7ff242acfc4b0a7f5de9a72286bb3c883c782772ca4b4402;c0fd5f9df8d17e13587f8fe403d2326b835e60d532817d0b42ae4aea44209251		RESOLVED_DECLARATION_AND_TEXT
num-derive@0.4.2	registry+https://github.com/rust-lang/crates.io-index	ed3955f1a9c7c0c15e092f9c887db08b1fc683305fdf6eb6684f22555355e202	Cargo.lock	MIT OR Apache-2.0	The Rust Project Developers	https://github.com/rust-num/num-derive	crates.io/num-derive/0.4.2	6485b8ed310d3f0340bf1ad1f47645069ce4069dcc6bb46c7d5c6faf41de1fdb;a60eea817514531668d7e00765731449fe14d059d3249e0bc93b36de45f759f2		RESOLVED_DECLARATION_AND_TEXT
num-format@0.4.4	registry+https://github.com/rust-lang/crates.io-index	a652d9771a63711fd3c3deb670acfbe5c30a4072e664d7a3bf5a9e1056ac72c3	Cargo.lock	MIT/Apache-2.0	Brian Myers <brian.carl.myers@gmail.com>	https://github.com/bcmyers/num-format	crates.io/num-format/0.4.4	85b4b709fb003d925dc6198eb91c24147c0c90417248917b95e19690313e9e51;ae99cdb8d466ad2b1c6fa9a9e1c83f16efb29f5f94a236bacd0068e3ea34d9a8		RESOLVED_DECLARATION_AND_TEXT
num-integer@0.1.46	registry+https://github.com/rust-lang/crates.io-index	7969661fd2958a5cb096e56c8e1ad0444ac2bbcd0061bd28660485a44879858f	Cargo.lock	MIT OR Apache-2.0	The Rust Project Developers	https://github.com/rust-num/num-integer	crates.io/num-integer/0.1.46	6485b8ed310d3f0340bf1ad1f47645069ce4069dcc6bb46c7d5c6faf41de1fdb;a60eea817514531668d7e00765731449fe14d059d3249e0bc93b36de45f759f2		RESOLVED_DECLARATION_AND_TEXT
num-rational@0.4.2	registry+https://github.com/rust-lang/crates.io-index	f83d14da390562dca69fc84082e73e548e1ad308d24accdedd2720017cb37824	Cargo.lock	MIT OR Apache-2.0	The Rust Project Developers	https://github.com/rust-num/num-rational	crates.io/num-rational/0.4.2	6485b8ed310d3f0340bf1ad1f47645069ce4069dcc6bb46c7d5c6faf41de1fdb;a60eea817514531668d7e00765731449fe14d059d3249e0bc93b36de45f759f2		RESOLVED_DECLARATION_AND_TEXT
num-traits@0.2.19	registry+https://github.com/rust-lang/crates.io-index	071dfc062690e90b734c0b2273ce72ad0ffa95f0c74596bc250dcfd960262841	Cargo.lock	MIT OR Apache-2.0	The Rust Project Developers	https://github.com/rust-num/num-traits	crates.io/num-traits/0.2.19	6485b8ed310d3f0340bf1ad1f47645069ce4069dcc6bb46c7d5c6faf41de1fdb;a60eea817514531668d7e00765731449fe14d059d3249e0bc93b36de45f759f2		RESOLVED_DECLARATION_AND_TEXT
num_cpus@1.17.0	registry+https://github.com/rust-lang/crates.io-index	91df4bbde75afed763b708b7eee1e8e7651e02d97f6d5dd763e89367e957b23b	Cargo.lock	MIT OR Apache-2.0	Sean McArthur <sean@seanmonstar.com>	https://github.com/seanmonstar/num_cpus	crates.io/num_cpus/1.17.0	391a5396cec6230bfabd4ef4eb2350eb895bc5efce377a2218f5702ed020d3e3;a60eea817514531668d7e00765731449fe14d059d3249e0bc93b36de45f759f2		RESOLVED_DECLARATION_AND_TEXT
object@0.30.4	registry+https://github.com/rust-lang/crates.io-index	03b4680b86d9cfafba8fc491dc9b6df26b68cf40e9e6cd73909194759a63c385	Cargo.lock	Apache-2.0 OR MIT		https://github.com/gimli-rs/object	crates.io/object/0.30.4	0b74dfa0bcee5c420c6b7f67b4b2658f9ab8388c97b8e733975f2cecbdd668a6;a60eea817514531668d7e00765731449fe14d059d3249e0bc93b36de45f759f2		RESOLVED_DECLARATION_AND_TEXT
object@0.36.7	registry+https://github.com/rust-lang/crates.io-index	62948e14d923ea95ea2c7c86c71013138b66525b86bdc08d2dcc262bdb497b87	Cargo.lock	Apache-2.0 OR MIT		https://github.com/gimli-rs/object	crates.io/object/0.36.7	0b74dfa0bcee5c420c6b7f67b4b2658f9ab8388c97b8e733975f2cecbdd668a6;a60eea817514531668d7e00765731449fe14d059d3249e0bc93b36de45f759f2		RESOLVED_DECLARATION_AND_TEXT
object@0.37.3	registry+https://github.com/rust-lang/crates.io-index	ff76201f031d8863c38aa7f905eca4f53abbfa15f609db4277d44cd8938f33fe	Cargo.lock	Apache-2.0 OR MIT		https://github.com/gimli-rs/object	crates.io/object/0.37.3	0b74dfa0bcee5c420c6b7f67b4b2658f9ab8388c97b8e733975f2cecbdd668a6;a60eea817514531668d7e00765731449fe14d059d3249e0bc93b36de45f759f2		RESOLVED_DECLARATION_AND_TEXT
oid-registry@0.7.1	registry+https://github.com/rust-lang/crates.io-index	a8d8034d9489cdaf79228eb9f6a3b8d7bb32ba00d6645ebd48eef4077ceb5bd9	Cargo.lock	MIT OR Apache-2.0	Pierre Chifflier <chifflier@wzdftpd.net>	https://github.com/rusticata/oid-registry.git	crates.io/oid-registry/0.7.1	a5c61b93b6ee1d104af9920cf020ff3c7efe818e31fe562c72261847a728f513;a60eea817514531668d7e00765731449fe14d059d3249e0bc93b36de45f759f2		RESOLVED_DECLARATION_AND_TEXT
oid-registry@0.8.1	registry+https://github.com/rust-lang/crates.io-index	12f40cff3dde1b6087cc5d5f5d4d65712f34016a03ed60e9c08dcc392736b5b7	Cargo.lock	MIT OR Apache-2.0	Pierre Chifflier <chifflier@wzdftpd.net>	https://github.com/rusticata/oid-registry.git	crates.io/oid-registry/0.8.1	a5c61b93b6ee1d104af9920cf020ff3c7efe818e31fe562c72261847a728f513;a60eea817514531668d7e00765731449fe14d059d3249e0bc93b36de45f759f2		RESOLVED_DECLARATION_AND_TEXT
once_cell@1.21.3	registry+https://github.com/rust-lang/crates.io-index	42f5e15c9953c5e4ccceeb2e7382a716482c34515315f7b03532b8b4e8393d2d	Cargo.lock	MIT OR Apache-2.0	Aleksey Kladov <aleksey.kladov@gmail.com>	https://github.com/matklad/once_cell	crates.io/once_cell/1.21.3	23f18e03dc49df91622fe2a76176497404e46ced8a715d9d2b67a7446571cca3;a60eea817514531668d7e00765731449fe14d059d3249e0bc93b36de45f759f2		RESOLVED_DECLARATION_AND_TEXT
once_cell_polyfill@1.70.2	registry+https://github.com/rust-lang/crates.io-index	384b8ab6d37215f3c5301a95a4accb5d64aa607f1fcb26a11b5303878451b4fe	Cargo.lock	MIT OR Apache-2.0		https://github.com/polyfill-rs/once_cell_polyfill	crates.io/once_cell_polyfill/1.70.2	6efb0476a1cc085077ed49357026d8c173bf33017278ef440f222fb9cbcb66e6;c6596eb7be8581c18be736c846fb9173b69eccf6ef94c5135893ec56bd92ba08		RESOLVED_DECLARATION_AND_TEXT
opaque-debug@0.2.3	registry+https://github.com/rust-lang/crates.io-index	2839e79665f131bdb5782e51f2c6c9599c133c6098982a54c794358bf432529c	Cargo.lock	MIT OR Apache-2.0	RustCrypto Developers	https://github.com/RustCrypto/utils	crates.io/opaque-debug/0.2.3	a9040321c3712d8fd0b09cf52b17445de04a23a10165049ae187cd39e5c86be5;d5c22aa3118d240e877ad41c5d9fa232f9c77d757d4aac0c2f943afc0a95e0ef		RESOLVED_DECLARATION_AND_TEXT
opaque-debug@0.3.1	registry+https://github.com/rust-lang/crates.io-index	c08d65885ee38876c4f86fa503fb49d7b507c2b62552df7c70b2fce627e06381	Cargo.lock	MIT OR Apache-2.0	RustCrypto Developers	https://github.com/RustCrypto/utils	crates.io/opaque-debug/0.3.1	a9040321c3712d8fd0b09cf52b17445de04a23a10165049ae187cd39e5c86be5;f59f5a78193597e04fd932ee9af86254d14d08be5c9d0e003ab888feccce2161		RESOLVED_DECLARATION_AND_TEXT
openssl-probe@0.1.6	registry+https://github.com/rust-lang/crates.io-index	d05e27ee213611ffe7d6348b942e8f942b37114c00cc03cec254295a4a17852e	Cargo.lock	MIT/Apache-2.0	Alex Crichton <alex@alexcrichton.com>	https://github.com/alexcrichton/openssl-probe	crates.io/openssl-probe/0.1.6	378f5840b258e2779c39418f3f2d7b2ba96f1c7917dd6be0713f88305dbda397;a60eea817514531668d7e00765731449fe14d059d3249e0bc93b36de45f759f2		RESOLVED_DECLARATION_AND_TEXT
option-ext@0.2.0	registry+https://github.com/rust-lang/crates.io-index	04744f49eae99ab78e0d5c0b603ab218f515ea8cfe5a456d7629ad883a3b6e7d	Cargo.lock	MPL-2.0	Simon Ochsenreither <simon@ochsenreither.de>	https://github.com/soc/option-ext.git	crates.io/option-ext/0.2.0	66a3107d5ad6a058aab753eaac2047ccb2ed0e39465dd0fe5844da3e300d5172		RESOLVED_DECLARATION_AND_TEXT
orchestra-proc-macro@0.4.1	registry+https://github.com/rust-lang/crates.io-index	43dfaf083aef571385fccfdc3a2f8ede8d0a1863160455d4f2b014d8f7d04a3f	Cargo.lock	MIT OR Apache-2.0	Parity Technologies <admin@parity.io>	https://github.com/paritytech/orchestra	crates.io/orchestra-proc-macro/0.4.1			RESOLVED_MANIFEST_DECLARATION_NO_ADJACENT_TEXT
orchestra@0.4.1	registry+https://github.com/rust-lang/crates.io-index	19051f0b0512402f5d52d6776999f55996f01887396278aeeccbbdfbc83eef2d	Cargo.lock	MIT OR Apache-2.0	Parity Technologies <admin@parity.io>	https://github.com/paritytech/orchestra	crates.io/orchestra/0.4.1			RESOLVED_MANIFEST_DECLARATION_NO_ADJACENT_TEXT
pallet-ai-predictions@0.1.0	PATH	NO_CHECKSUM	Cargo.lock	Apache-2.0	Era Contributors	NONE	pallets/ai-predictions/Cargo.toml	aeedc1d75278c10560cff108cdef5ae2ffc2a9478853654f46ffc555b9249425		RESOLVED_DECLARATION_AND_TEXT
pallet-asset-conversion@23.0.0	git+https://github.com/paritytech/polkadot-sdk?tag=polkadot-v1.19.1#f3969c7ddd34985e6e709ed458bcc519f651682a	NO_CHECKSUM	Cargo.lock	Apache-2.0	Era Contributors	{'workspace': True}	polkadot-sdk@f3969c7ddd34985e6e709ed458bcc519f651682a/substrate/frame/asset-conversion/Cargo.toml	aab56b4a581fc1c50b7c782eacf2fc8be05a47cd98e4bf4d836dd9b6dd9c86f4;e93d18cb209947d5e75300c9cd9043e1e680034bcd7df0635e1012cc8d8311ab		RESOLVED_DECLARATION_AND_TEXT
pallet-assets@43.0.0	git+https://github.com/paritytech/polkadot-sdk?tag=polkadot-v1.19.1#f3969c7ddd34985e6e709ed458bcc519f651682a	NO_CHECKSUM	Cargo.lock	Apache-2.0	Parity Technologies <admin@parity.io>	https://github.com/paritytech/polkadot-sdk.git	polkadot-sdk@f3969c7ddd34985e6e709ed458bcc519f651682a/substrate/frame/assets/Cargo.toml	aab56b4a581fc1c50b7c782eacf2fc8be05a47cd98e4bf4d836dd9b6dd9c86f4;e93d18cb209947d5e75300c9cd9043e1e680034bcd7df0635e1012cc8d8311ab		RESOLVED_DECLARATION_AND_TEXT
pallet-authority-discovery@41.0.0	git+https://github.com/paritytech/polkadot-sdk?tag=polkadot-v1.19.1#f3969c7ddd34985e6e709ed458bcc519f651682a	NO_CHECKSUM	Cargo.lock	Apache-2.0	Era Contributors	{'workspace': True}	polkadot-sdk@f3969c7ddd34985e6e709ed458bcc519f651682a/substrate/frame/authority-discovery/Cargo.toml	aab56b4a581fc1c50b7c782eacf2fc8be05a47cd98e4bf4d836dd9b6dd9c86f4;e93d18cb209947d5e75300c9cd9043e1e680034bcd7df0635e1012cc8d8311ab		RESOLVED_DECLARATION_AND_TEXT
pallet-authorship@41.0.0	git+https://github.com/paritytech/polkadot-sdk?tag=polkadot-v1.19.1#f3969c7ddd34985e6e709ed458bcc519f651682a	NO_CHECKSUM	Cargo.lock	Apache-2.0	Parity Technologies <admin@parity.io>	https://github.com/paritytech/polkadot-sdk.git	polkadot-sdk@f3969c7ddd34985e6e709ed458bcc519f651682a/substrate/frame/authorship/Cargo.toml	aab56b4a581fc1c50b7c782eacf2fc8be05a47cd98e4bf4d836dd9b6dd9c86f4;e93d18cb209947d5e75300c9cd9043e1e680034bcd7df0635e1012cc8d8311ab		RESOLVED_DECLARATION_AND_TEXT
pallet-babe@41.0.0	git+https://github.com/paritytech/polkadot-sdk?tag=polkadot-v1.19.1#f3969c7ddd34985e6e709ed458bcc519f651682a	NO_CHECKSUM	Cargo.lock	Apache-2.0	Parity Technologies <admin@parity.io>	https://github.com/paritytech/polkadot-sdk.git	polkadot-sdk@f3969c7ddd34985e6e709ed458bcc519f651682a/substrate/frame/babe/Cargo.toml	aab56b4a581fc1c50b7c782eacf2fc8be05a47cd98e4bf4d836dd9b6dd9c86f4;e93d18cb209947d5e75300c9cd9043e1e680034bcd7df0635e1012cc8d8311ab		RESOLVED_DECLARATION_AND_TEXT
pallet-balances@42.0.0	git+https://github.com/paritytech/polkadot-sdk?tag=polkadot-v1.19.1#f3969c7ddd34985e6e709ed458bcc519f651682a	NO_CHECKSUM	Cargo.lock	Apache-2.0	Parity Technologies <admin@parity.io>	https://github.com/paritytech/polkadot-sdk.git	polkadot-sdk@f3969c7ddd34985e6e709ed458bcc519f651682a/substrate/frame/balances/Cargo.toml	aab56b4a581fc1c50b7c782eacf2fc8be05a47cd98e4bf4d836dd9b6dd9c86f4;e93d18cb209947d5e75300c9cd9043e1e680034bcd7df0635e1012cc8d8311ab		RESOLVED_DECLARATION_AND_TEXT
pallet-broker@0.20.0	git+https://github.com/paritytech/polkadot-sdk?tag=polkadot-v1.19.1#f3969c7ddd34985e6e709ed458bcc519f651682a	NO_CHECKSUM	Cargo.lock	Apache-2.0	Era Contributors	{'workspace': True}	polkadot-sdk@f3969c7ddd34985e6e709ed458bcc519f651682a/substrate/frame/broker/Cargo.toml	aab56b4a581fc1c50b7c782eacf2fc8be05a47cd98e4bf4d836dd9b6dd9c86f4;e93d18cb209947d5e75300c9cd9043e1e680034bcd7df0635e1012cc8d8311ab		RESOLVED_DECLARATION_AND_TEXT
pallet-era-worlds@0.1.0	PATH	NO_CHECKSUM	Cargo.lock	Apache-2.0	Era Contributors	NONE	pallets/era-worlds/Cargo.toml	aeedc1d75278c10560cff108cdef5ae2ffc2a9478853654f46ffc555b9249425		RESOLVED_DECLARATION_AND_TEXT
pallet-grandpa@41.0.0	git+https://github.com/paritytech/polkadot-sdk?tag=polkadot-v1.19.1#f3969c7ddd34985e6e709ed458bcc519f651682a	NO_CHECKSUM	Cargo.lock	Apache-2.0	Parity Technologies <admin@parity.io>	https://github.com/paritytech/polkadot-sdk.git	polkadot-sdk@f3969c7ddd34985e6e709ed458bcc519f651682a/substrate/frame/grandpa/Cargo.toml	aab56b4a581fc1c50b7c782eacf2fc8be05a47cd98e4bf4d836dd9b6dd9c86f4;e93d18cb209947d5e75300c9cd9043e1e680034bcd7df0635e1012cc8d8311ab		RESOLVED_DECLARATION_AND_TEXT
pallet-message-queue@44.0.0	git+https://github.com/paritytech/polkadot-sdk?tag=polkadot-v1.19.1#f3969c7ddd34985e6e709ed458bcc519f651682a	NO_CHECKSUM	Cargo.lock	Apache-2.0	Era Contributors	{'workspace': True}	polkadot-sdk@f3969c7ddd34985e6e709ed458bcc519f651682a/substrate/frame/message-queue/Cargo.toml	aab56b4a581fc1c50b7c782eacf2fc8be05a47cd98e4bf4d836dd9b6dd9c86f4;e93d18cb209947d5e75300c9cd9043e1e680034bcd7df0635e1012cc8d8311ab		RESOLVED_DECLARATION_AND_TEXT
pallet-mmr@41.0.0	git+https://github.com/paritytech/polkadot-sdk?tag=polkadot-v1.19.1#f3969c7ddd34985e6e709ed458bcc519f651682a	NO_CHECKSUM	Cargo.lock	Apache-2.0	Era Contributors	{'workspace': True}	polkadot-sdk@f3969c7ddd34985e6e709ed458bcc519f651682a/substrate/frame/merkle-mountain-range/Cargo.toml	aab56b4a581fc1c50b7c782eacf2fc8be05a47cd98e4bf4d836dd9b6dd9c86f4;e93d18cb209947d5e75300c9cd9043e1e680034bcd7df0635e1012cc8d8311ab		RESOLVED_DECLARATION_AND_TEXT
pallet-multisig@41.0.0	git+https://github.com/paritytech/polkadot-sdk?tag=polkadot-v1.19.1#f3969c7ddd34985e6e709ed458bcc519f651682a	NO_CHECKSUM	Cargo.lock	Apache-2.0	Parity Technologies <admin@parity.io>	https://github.com/paritytech/polkadot-sdk.git	polkadot-sdk@f3969c7ddd34985e6e709ed458bcc519f651682a/substrate/frame/multisig/Cargo.toml	aab56b4a581fc1c50b7c782eacf2fc8be05a47cd98e4bf4d836dd9b6dd9c86f4;e93d18cb209947d5e75300c9cd9043e1e680034bcd7df0635e1012cc8d8311ab		RESOLVED_DECLARATION_AND_TEXT
pallet-nfts@35.0.0	PATH	NO_CHECKSUM	Cargo.lock	Apache-2.0	Parity Technologies <admin@parity.io>	https://github.com/paritytech/polkadot-sdk.git	pallets/nfts/Cargo.toml	e93d18cb209947d5e75300c9cd9043e1e680034bcd7df0635e1012cc8d8311ab		RESOLVED_DECLARATION_AND_TEXT
pallet-proxy@41.0.0	git+https://github.com/paritytech/polkadot-sdk?tag=polkadot-v1.19.1#f3969c7ddd34985e6e709ed458bcc519f651682a	NO_CHECKSUM	Cargo.lock	Apache-2.0	Parity Technologies <admin@parity.io>	https://github.com/paritytech/polkadot-sdk.git	polkadot-sdk@f3969c7ddd34985e6e709ed458bcc519f651682a/substrate/frame/proxy/Cargo.toml	aab56b4a581fc1c50b7c782eacf2fc8be05a47cd98e4bf4d836dd9b6dd9c86f4;e93d18cb209947d5e75300c9cd9043e1e680034bcd7df0635e1012cc8d8311ab		RESOLVED_DECLARATION_AND_TEXT
pallet-revive-fixtures@0.4.0	git+https://github.com/paritytech/polkadot-sdk?tag=polkadot-v1.19.1#f3969c7ddd34985e6e709ed458bcc519f651682a	NO_CHECKSUM	Cargo.lock	GPL-3.0-only	Parity Technologies <admin@parity.io>	https://github.com/paritytech/polkadot-sdk.git	polkadot-sdk@f3969c7ddd34985e6e709ed458bcc519f651682a/substrate/frame/revive/fixtures/Cargo.toml	aab56b4a581fc1c50b7c782eacf2fc8be05a47cd98e4bf4d836dd9b6dd9c86f4;e93d18cb209947d5e75300c9cd9043e1e680034bcd7df0635e1012cc8d8311ab		RESOLVED_DECLARATION_AND_TEXT
pallet-revive-proc-macro@0.3.0	git+https://github.com/paritytech/polkadot-sdk?tag=polkadot-v1.19.1#f3969c7ddd34985e6e709ed458bcc519f651682a	NO_CHECKSUM	Cargo.lock	Apache-2.0	Parity Technologies <admin@parity.io>	https://github.com/paritytech/polkadot-sdk.git	polkadot-sdk@f3969c7ddd34985e6e709ed458bcc519f651682a/substrate/frame/revive/proc-macro/Cargo.toml	aab56b4a581fc1c50b7c782eacf2fc8be05a47cd98e4bf4d836dd9b6dd9c86f4;e93d18cb209947d5e75300c9cd9043e1e680034bcd7df0635e1012cc8d8311ab		RESOLVED_DECLARATION_AND_TEXT
pallet-revive-uapi@0.5.0	git+https://github.com/paritytech/polkadot-sdk?tag=polkadot-v1.19.1#f3969c7ddd34985e6e709ed458bcc519f651682a	NO_CHECKSUM	Cargo.lock	Apache-2.0	Parity Technologies <admin@parity.io>	https://github.com/paritytech/polkadot-sdk.git	polkadot-sdk@f3969c7ddd34985e6e709ed458bcc519f651682a/substrate/frame/revive/uapi/Cargo.toml	aab56b4a581fc1c50b7c782eacf2fc8be05a47cd98e4bf4d836dd9b6dd9c86f4;e93d18cb209947d5e75300c9cd9043e1e680034bcd7df0635e1012cc8d8311ab		RESOLVED_DECLARATION_AND_TEXT
pallet-revive@0.7.0	git+https://github.com/paritytech/polkadot-sdk?tag=polkadot-v1.19.1#f3969c7ddd34985e6e709ed458bcc519f651682a	NO_CHECKSUM	Cargo.lock	Apache-2.0	Parity Technologies <admin@parity.io>	https://github.com/paritytech/polkadot-sdk.git	polkadot-sdk@f3969c7ddd34985e6e709ed458bcc519f651682a/substrate/frame/revive/Cargo.toml	aab56b4a581fc1c50b7c782eacf2fc8be05a47cd98e4bf4d836dd9b6dd9c86f4;e93d18cb209947d5e75300c9cd9043e1e680034bcd7df0635e1012cc8d8311ab		RESOLVED_DECLARATION_AND_TEXT
pallet-reward-reserve@0.1.0	PATH	NO_CHECKSUM	Cargo.lock	Apache-2.0	Era Contributors	NONE	pallets/reward-reserve/Cargo.toml	aeedc1d75278c10560cff108cdef5ae2ffc2a9478853654f46ffc555b9249425		RESOLVED_DECLARATION_AND_TEXT
pallet-security-budget@0.1.0	PATH	NO_CHECKSUM	Cargo.lock	Apache-2.0	Era Contributors	NONE	pallets/security-budget/Cargo.toml	aeedc1d75278c10560cff108cdef5ae2ffc2a9478853654f46ffc555b9249425		RESOLVED_DECLARATION_AND_TEXT
pallet-session@41.0.0	git+https://github.com/paritytech/polkadot-sdk?tag=polkadot-v1.19.1#f3969c7ddd34985e6e709ed458bcc519f651682a	NO_CHECKSUM	Cargo.lock	Apache-2.0	Parity Technologies <admin@parity.io>	https://github.com/paritytech/polkadot-sdk.git	polkadot-sdk@f3969c7ddd34985e6e709ed458bcc519f651682a/substrate/frame/session/Cargo.toml	aab56b4a581fc1c50b7c782eacf2fc8be05a47cd98e4bf4d836dd9b6dd9c86f4;e93d18cb209947d5e75300c9cd9043e1e680034bcd7df0635e1012cc8d8311ab		RESOLVED_DECLARATION_AND_TEXT
pallet-staking@41.0.0	git+https://github.com/paritytech/polkadot-sdk?tag=polkadot-v1.19.1#f3969c7ddd34985e6e709ed458bcc519f651682a	NO_CHECKSUM	Cargo.lock	Apache-2.0	Parity Technologies <admin@parity.io>	https://github.com/paritytech/polkadot-sdk.git	polkadot-sdk@f3969c7ddd34985e6e709ed458bcc519f651682a/substrate/frame/staking/Cargo.toml	aab56b4a581fc1c50b7c782eacf2fc8be05a47cd98e4bf4d836dd9b6dd9c86f4;e93d18cb209947d5e75300c9cd9043e1e680034bcd7df0635e1012cc8d8311ab		RESOLVED_DECLARATION_AND_TEXT
pallet-sudo@41.0.0	git+https://github.com/paritytech/polkadot-sdk?tag=polkadot-v1.19.1#f3969c7ddd34985e6e709ed458bcc519f651682a	NO_CHECKSUM	Cargo.lock	Apache-2.0	Parity Technologies <admin@parity.io>	https://github.com/paritytech/polkadot-sdk.git	polkadot-sdk@f3969c7ddd34985e6e709ed458bcc519f651682a/substrate/frame/sudo/Cargo.toml	aab56b4a581fc1c50b7c782eacf2fc8be05a47cd98e4bf4d836dd9b6dd9c86f4;e93d18cb209947d5e75300c9cd9043e1e680034bcd7df0635e1012cc8d8311ab		RESOLVED_DECLARATION_AND_TEXT
pallet-timestamp@40.0.0	git+https://github.com/paritytech/polkadot-sdk?tag=polkadot-v1.19.1#f3969c7ddd34985e6e709ed458bcc519f651682a	NO_CHECKSUM	Cargo.lock	Apache-2.0	Parity Technologies <admin@parity.io>	https://github.com/paritytech/polkadot-sdk.git	polkadot-sdk@f3969c7ddd34985e6e709ed458bcc519f651682a/substrate/frame/timestamp/Cargo.toml	aab56b4a581fc1c50b7c782eacf2fc8be05a47cd98e4bf4d836dd9b6dd9c86f4;e93d18cb209947d5e75300c9cd9043e1e680034bcd7df0635e1012cc8d8311ab		RESOLVED_DECLARATION_AND_TEXT
pallet-transaction-payment-rpc-runtime-api@41.0.0	git+https://github.com/paritytech/polkadot-sdk?tag=polkadot-v1.19.1#f3969c7ddd34985e6e709ed458bcc519f651682a	NO_CHECKSUM	Cargo.lock	Apache-2.0	Parity Technologies <admin@parity.io>	https://github.com/paritytech/polkadot-sdk.git	polkadot-sdk@f3969c7ddd34985e6e709ed458bcc519f651682a/substrate/frame/transaction-payment/rpc/runtime-api/Cargo.toml	aab56b4a581fc1c50b7c782eacf2fc8be05a47cd98e4bf4d836dd9b6dd9c86f4;e93d18cb209947d5e75300c9cd9043e1e680034bcd7df0635e1012cc8d8311ab		RESOLVED_DECLARATION_AND_TEXT
pallet-transaction-payment-rpc@44.0.0	git+https://github.com/paritytech/polkadot-sdk?tag=polkadot-v1.19.1#f3969c7ddd34985e6e709ed458bcc519f651682a	NO_CHECKSUM	Cargo.lock	Apache-2.0	Parity Technologies <admin@parity.io>	https://github.com/paritytech/polkadot-sdk.git	polkadot-sdk@f3969c7ddd34985e6e709ed458bcc519f651682a/substrate/frame/transaction-payment/rpc/Cargo.toml	aab56b4a581fc1c50b7c782eacf2fc8be05a47cd98e4bf4d836dd9b6dd9c86f4;e93d18cb209947d5e75300c9cd9043e1e680034bcd7df0635e1012cc8d8311ab		RESOLVED_DECLARATION_AND_TEXT
pallet-transaction-payment@41.0.0	git+https://github.com/paritytech/polkadot-sdk?tag=polkadot-v1.19.1#f3969c7ddd34985e6e709ed458bcc519f651682a	NO_CHECKSUM	Cargo.lock	Apache-2.0	Parity Technologies <admin@parity.io>	https://github.com/paritytech/polkadot-sdk.git	polkadot-sdk@f3969c7ddd34985e6e709ed458bcc519f651682a/substrate/frame/transaction-payment/Cargo.toml	aab56b4a581fc1c50b7c782eacf2fc8be05a47cd98e4bf4d836dd9b6dd9c86f4;e93d18cb209947d5e75300c9cd9043e1e680034bcd7df0635e1012cc8d8311ab		RESOLVED_DECLARATION_AND_TEXT
pallet-vesting@41.0.0	git+https://github.com/paritytech/polkadot-sdk?tag=polkadot-v1.19.1#f3969c7ddd34985e6e709ed458bcc519f651682a	NO_CHECKSUM	Cargo.lock	Apache-2.0	Parity Technologies <admin@parity.io>	https://github.com/paritytech/polkadot-sdk.git	polkadot-sdk@f3969c7ddd34985e6e709ed458bcc519f651682a/substrate/frame/vesting/Cargo.toml	aab56b4a581fc1c50b7c782eacf2fc8be05a47cd98e4bf4d836dd9b6dd9c86f4;e93d18cb209947d5e75300c9cd9043e1e680034bcd7df0635e1012cc8d8311ab		RESOLVED_DECLARATION_AND_TEXT
parity-bip39@2.0.1	registry+https://github.com/rust-lang/crates.io-index	4e69bf016dc406eff7d53a7d3f7cf1c2e72c82b9088aac1118591e36dd2cd3e9	Cargo.lock	CC0-1.0	Steven Roose <steven@stevenroose.org>	https://github.com/michalkucharczyk/rust-bip39	crates.io/parity-bip39/2.0.1	7179683e8000e6bdc9bbc60d85edf0a4ac8e76f951857f54fcb775d5886f1309		RESOLVED_DECLARATION_AND_TEXT
parity-db@0.4.13	registry+https://github.com/rust-lang/crates.io-index	592a28a24b09c9dc20ac8afaa6839abc417c720afe42c12e1e4a9d6aa2508d2e	Cargo.lock	MIT OR Apache-2.0	Parity Technologies <admin@parity.io>	https://github.com/paritytech/parity-db/	crates.io/parity-db/0.4.13	26a1f25d6d4f3f3f4a5468ba11e5e4def2c28a48dc38f280676877f0224ce67f;713d259f42732c654f50ad89b3a041ea9398c3bd101a128709c4cd0cab6db9f4		RESOLVED_DECLARATION_AND_TEXT
parity-scale-codec-derive@3.7.5	registry+https://github.com/rust-lang/crates.io-index	34b4653168b563151153c9e4c08ebed57fb8262bebfa79711552fa983c623e7a	Cargo.lock	Apache-2.0	Parity Technologies <admin@parity.io>	https://github.com/paritytech/parity-scale-codec	crates.io/parity-scale-codec-derive/3.7.5			RESOLVED_MANIFEST_DECLARATION_NO_ADJACENT_TEXT
parity-scale-codec@3.7.5	registry+https://github.com/rust-lang/crates.io-index	799781ae679d79a948e13d4824a40970bfa500058d245760dd857301059810fa	Cargo.lock	Apache-2.0	Parity Technologies <admin@parity.io>	https://github.com/paritytech/parity-scale-codec	crates.io/parity-scale-codec/3.7.5	c71d239df91726fc519c6eb72d318ec65820627232b2f796219e87dcf35d0ab4		RESOLVED_DECLARATION_AND_TEXT
parity-wasm@0.45.0	registry+https://github.com/rust-lang/crates.io-index	e1ad0aff30c1da14b1254fcb2af73e1fa9a28670e584a626f53a369d0e157304	Cargo.lock	MIT/Apache-2.0	Nikolay Volf <nikvolf@gmail.com>;Svyatoslav Nikolsky <svyatonik@yandex.ru>;Sergey Shulepov <s.pepyakin@gmail.com>	https://github.com/paritytech/parity-wasm	crates.io/parity-wasm/0.45.0	8399429a620f47708d2e3ba5d2879acbe4824bf4253402abf02811e3c34a1827;a60eea817514531668d7e00765731449fe14d059d3249e0bc93b36de45f759f2		RESOLVED_DECLARATION_AND_TEXT
parking@2.2.1	registry+https://github.com/rust-lang/crates.io-index	f38d5652c16fde515bb1ecef450ab0f6a219d619a7274976324d5e377f7dceba	Cargo.lock	Apache-2.0 OR MIT	Stjepan Glavina <stjepang@gmail.com>;The Rust Project Developers	https://github.com/smol-rs/parking	crates.io/parking/2.2.1	23f18e03dc49df91622fe2a76176497404e46ced8a715d9d2b67a7446571cca3;9a6d7a3c1b8edcc706c4b6c37f8dae9a77f02c7f9051df603f975db136b55419;a60eea817514531668d7e00765731449fe14d059d3249e0bc93b36de45f759f2		RESOLVED_DECLARATION_AND_TEXT
parking_lot@0.11.2	registry+https://github.com/rust-lang/crates.io-index	7d17b78036a60663b797adeaee46f5c9dfebb86948d1255007a1d6be0271ff99	Cargo.lock	Apache-2.0/MIT	Amanieu d'Antras <amanieu@gmail.com>	https://github.com/Amanieu/parking_lot	crates.io/parking_lot/0.11.2	a60eea817514531668d7e00765731449fe14d059d3249e0bc93b36de45f759f2;c9a75f18b9ab2927829a208fc6aa2cf4e63b8420887ba29cdb265d6619ae82d5		RESOLVED_DECLARATION_AND_TEXT
parking_lot@0.12.5	registry+https://github.com/rust-lang/crates.io-index	93857453250e3077bd71ff98b6a65ea6621a19bb0f559a85248955ac12c45a1a	Cargo.lock	MIT OR Apache-2.0	Amanieu d'Antras <amanieu@gmail.com>	https://github.com/Amanieu/parking_lot	crates.io/parking_lot/0.12.5	a60eea817514531668d7e00765731449fe14d059d3249e0bc93b36de45f759f2;c9a75f18b9ab2927829a208fc6aa2cf4e63b8420887ba29cdb265d6619ae82d5		RESOLVED_DECLARATION_AND_TEXT
parking_lot_core@0.8.6	registry+https://github.com/rust-lang/crates.io-index	60a2cfe6f0ad2bfc16aefa463b497d5c7a5ecd44a23efa72aa342d90177356dc	Cargo.lock	Apache-2.0/MIT	Amanieu d'Antras <amanieu@gmail.com>	https://github.com/Amanieu/parking_lot	crates.io/parking_lot_core/0.8.6	a60eea817514531668d7e00765731449fe14d059d3249e0bc93b36de45f759f2;c9a75f18b9ab2927829a208fc6aa2cf4e63b8420887ba29cdb265d6619ae82d5		RESOLVED_DECLARATION_AND_TEXT
parking_lot_core@0.9.12	registry+https://github.com/rust-lang/crates.io-index	2621685985a2ebf1c516881c026032ac7deafcda1a2c9b7850dc81e3dfcb64c1	Cargo.lock	MIT OR Apache-2.0	Amanieu d'Antras <amanieu@gmail.com>	https://github.com/Amanieu/parking_lot	crates.io/parking_lot_core/0.9.12	a60eea817514531668d7e00765731449fe14d059d3249e0bc93b36de45f759f2;c9a75f18b9ab2927829a208fc6aa2cf4e63b8420887ba29cdb265d6619ae82d5		RESOLVED_DECLARATION_AND_TEXT
partial_sort@0.2.0	registry+https://github.com/rust-lang/crates.io-index	7924d1d0ad836f665c9065e26d016c673ece3993f30d340068b16f282afc1156	Cargo.lock	MIT/Apache-2.0	sundy-li <543950155@qq.com>	https://github.com/sundy-li/partial_sort	crates.io/partial_sort/0.2.0			RESOLVED_MANIFEST_DECLARATION_NO_ADJACENT_TEXT
password-hash@0.5.0	registry+https://github.com/rust-lang/crates.io-index	346f04948ba92c43e8469c1ee6736c7563d71012b17d40745260fe106aac2166	Cargo.lock	MIT OR Apache-2.0	RustCrypto Developers	https://github.com/RustCrypto/traits/tree/master/password-hash	crates.io/password-hash/0.5.0	233b95ccbf90dc67e32f3e8995c489f6312d9191ebd141a931c3b684f1e3be6d;a9040321c3712d8fd0b09cf52b17445de04a23a10165049ae187cd39e5c86be5		RESOLVED_DECLARATION_AND_TEXT
paste@1.0.15	registry+https://github.com/rust-lang/crates.io-index	57c0d7b74b563b49d38dae00a0c37d4d6de9b432382b2892f0574ddcae73fd0a	Cargo.lock	MIT OR Apache-2.0	David Tolnay <dtolnay@gmail.com>	https://github.com/dtolnay/paste	crates.io/paste/1.0.15	23f18e03dc49df91622fe2a76176497404e46ced8a715d9d2b67a7446571cca3;62c7a1e35f56406896d7aa7ca52d0cc0d272ac022b5d2796e7d6905db8a3636a		RESOLVED_DECLARATION_AND_TEXT
pbkdf2@0.12.2	registry+https://github.com/rust-lang/crates.io-index	f8ed6a7761f76e3b9f92dfb0a60a6a6477c61024b775147ff0973a02653abaf2	Cargo.lock	MIT OR Apache-2.0	RustCrypto Developers	https://github.com/RustCrypto/password-hashes/tree/master/pbkdf2	crates.io/pbkdf2/0.12.2	8ea5cea8ddecc46a64a004406414d25529fca7eb71cfd8c0cfe49c343bff79c5;a9040321c3712d8fd0b09cf52b17445de04a23a10165049ae187cd39e5c86be5		RESOLVED_DECLARATION_AND_TEXT
peeking_take_while@0.1.2	registry+https://github.com/rust-lang/crates.io-index	19b17cddbe7ec3f8bc800887bab5e717348c95ea2ca0b1bf0837fb964dc67099	Cargo.lock	Apache-2.0/MIT	Nick Fitzgerald <fitzgen@gmail.com>	https://github.com/fitzgen/peeking_take_while	crates.io/peeking_take_while/0.1.2	7b63ecd5f1902af1b63729947373683c32745c16a10e8e6292e2e2dcd7e90ae0;a60eea817514531668d7e00765731449fe14d059d3249e0bc93b36de45f759f2		RESOLVED_DECLARATION_AND_TEXT
pem-rfc7468@0.7.0	registry+https://github.com/rust-lang/crates.io-index	88b39c9bfcfc231068454382784bb460aae594343fb030d46e9f50a645418412	Cargo.lock	Apache-2.0 OR MIT	RustCrypto Developers	https://github.com/RustCrypto/formats/tree/master/pem-rfc7468	crates.io/pem-rfc7468/0.7.0	90c503b61dee04e1449c323ec34c229dfb68d7adcb96c7e140ee55f70fce2d8e;a9040321c3712d8fd0b09cf52b17445de04a23a10165049ae187cd39e5c86be5		RESOLVED_DECLARATION_AND_TEXT
pem@3.0.6	registry+https://github.com/rust-lang/crates.io-index	1d30c53c26bc5b31a98cd02d20f25a7c8567146caf63ed593a9d87b2775291be	Cargo.lock	MIT	Jonathan Creekmore <jonathan@thecreekmores.org>	https://github.com/jcreekmore/pem-rs.git	crates.io/pem/3.0.6	b7c76ff4466a3aeb6a7d903e81b651335e97d64ecb857e2ee9812a36c6fd1acf		RESOLVED_DECLARATION_AND_TEXT
percent-encoding@2.3.2	registry+https://github.com/rust-lang/crates.io-index	9b4f627cb1b25917193a259e49bdad08f671f8d9708acfd5fe0a8c1455d87220	Cargo.lock	MIT OR Apache-2.0	The rust-url developers	https://github.com/servo/rust-url/	crates.io/percent-encoding/2.3.2	a60eea817514531668d7e00765731449fe14d059d3249e0bc93b36de45f759f2;b38f11f6096706e6de553dabe2a7ed142d59b6fa8c97e290c67496154745cdd5		RESOLVED_DECLARATION_AND_TEXT
pest@2.8.3	registry+https://github.com/rust-lang/crates.io-index	989e7521a040efde50c3ab6bbadafbe15ab6dc042686926be59ac35d74607df4	Cargo.lock	MIT OR Apache-2.0	Dragoș Tiselice <dragostiselice@gmail.com>	https://github.com/pest-parser/pest	crates.io/pest/2.8.3	23f18e03dc49df91622fe2a76176497404e46ced8a715d9d2b67a7446571cca3;a60eea817514531668d7e00765731449fe14d059d3249e0bc93b36de45f759f2		RESOLVED_DECLARATION_AND_TEXT
pest_derive@2.8.3	registry+https://github.com/rust-lang/crates.io-index	187da9a3030dbafabbbfb20cb323b976dc7b7ce91fcd84f2f74d6e31d378e2de	Cargo.lock	MIT OR Apache-2.0	Dragoș Tiselice <dragostiselice@gmail.com>	https://github.com/pest-parser/pest	crates.io/pest_derive/2.8.3	23f18e03dc49df91622fe2a76176497404e46ced8a715d9d2b67a7446571cca3;a60eea817514531668d7e00765731449fe14d059d3249e0bc93b36de45f759f2		RESOLVED_DECLARATION_AND_TEXT
pest_generator@2.8.3	registry+https://github.com/rust-lang/crates.io-index	49b401d98f5757ebe97a26085998d6c0eecec4995cad6ab7fc30ffdf4b052843	Cargo.lock	MIT OR Apache-2.0	Dragoș Tiselice <dragostiselice@gmail.com>	https://github.com/pest-parser/pest	crates.io/pest_generator/2.8.3	23f18e03dc49df91622fe2a76176497404e46ced8a715d9d2b67a7446571cca3;a60eea817514531668d7e00765731449fe14d059d3249e0bc93b36de45f759f2		RESOLVED_DECLARATION_AND_TEXT
pest_meta@2.8.3	registry+https://github.com/rust-lang/crates.io-index	72f27a2cfee9f9039c4d86faa5af122a0ac3851441a34865b8a043b46be0065a	Cargo.lock	MIT OR Apache-2.0	Dragoș Tiselice <dragostiselice@gmail.com>	https://github.com/pest-parser/pest	crates.io/pest_meta/2.8.3	23f18e03dc49df91622fe2a76176497404e46ced8a715d9d2b67a7446571cca3;a60eea817514531668d7e00765731449fe14d059d3249e0bc93b36de45f759f2		RESOLVED_DECLARATION_AND_TEXT
petgraph@0.6.5	registry+https://github.com/rust-lang/crates.io-index	b4c5cc86750666a3ed20bdaf5ca2a0344f9c67674cae0515bec2da16fbaa47db	Cargo.lock	MIT OR Apache-2.0	bluss;mitchmindtree	https://github.com/petgraph/petgraph	crates.io/petgraph/0.6.5	7576269ea71f767b99297934c0b2367532690f8c4badc695edf8e04ab6a1e545;a60eea817514531668d7e00765731449fe14d059d3249e0bc93b36de45f759f2		RESOLVED_DECLARATION_AND_TEXT
petgraph@0.7.1	registry+https://github.com/rust-lang/crates.io-index	3672b37090dbd86368a4145bc067582552b29c27377cad4e0a306c97f9bd7772	Cargo.lock	MIT OR Apache-2.0	bluss;mitchmindtree	https://github.com/petgraph/petgraph	crates.io/petgraph/0.7.1	7576269ea71f767b99297934c0b2367532690f8c4badc695edf8e04ab6a1e545;a60eea817514531668d7e00765731449fe14d059d3249e0bc93b36de45f759f2		RESOLVED_DECLARATION_AND_TEXT
pin-project-internal@1.1.10	registry+https://github.com/rust-lang/crates.io-index	6e918e4ff8c4549eb882f14b3a4bc8c8bc93de829416eacf579f1207a8fbf861	Cargo.lock	Apache-2.0 OR MIT		https://github.com/taiki-e/pin-project	crates.io/pin-project-internal/1.1.10	0d542e0c8804e39aa7f37eb00da5a762149dc682d7829451287e11b938e94594;23f18e03dc49df91622fe2a76176497404e46ced8a715d9d2b67a7446571cca3		RESOLVED_DECLARATION_AND_TEXT
pin-project-lite@0.2.16	registry+https://github.com/rust-lang/crates.io-index	3b3cff922bd51709b605d9ead9aa71031d81447142d828eb4a6eba76fe619f9b	Cargo.lock	Apache-2.0 OR MIT		https://github.com/taiki-e/pin-project-lite	crates.io/pin-project-lite/0.2.16	0d542e0c8804e39aa7f37eb00da5a762149dc682d7829451287e11b938e94594;23f18e03dc49df91622fe2a76176497404e46ced8a715d9d2b67a7446571cca3		RESOLVED_DECLARATION_AND_TEXT
pin-project@1.1.10	registry+https://github.com/rust-lang/crates.io-index	677f1add503faace112b9f1373e43e9e054bfdd22ff1a63c1bc485eaec6a6a8a	Cargo.lock	Apache-2.0 OR MIT		https://github.com/taiki-e/pin-project	crates.io/pin-project/1.1.10	0d542e0c8804e39aa7f37eb00da5a762149dc682d7829451287e11b938e94594;23f18e03dc49df91622fe2a76176497404e46ced8a715d9d2b67a7446571cca3		RESOLVED_DECLARATION_AND_TEXT
pin-utils@0.1.0	registry+https://github.com/rust-lang/crates.io-index	8b870d8c151b6f2fb93e84a13146138f05d02ed11c7e7c54f8826aaaf7c9f184	Cargo.lock	MIT OR Apache-2.0	Josef Brandl <mail@josefbrandl.de>	https://github.com/rust-lang-nursery/pin-utils	crates.io/pin-utils/0.1.0	28802412d2bfbafe432b305634413b41a984d30fba0df41d30aa2c8a2077c5b1;a4db788775cb25f2da419a7ccd3f1f89c3d2cfa8748fb25257596b88183b4c77		RESOLVED_DECLARATION_AND_TEXT
piper@0.2.4	registry+https://github.com/rust-lang/crates.io-index	96c8c490f422ef9a4efd2cb5b42b76c8613d7e7dfc1caf667b8a3350a5acc066	Cargo.lock	MIT OR Apache-2.0	Stjepan Glavina <stjepang@gmail.com>;John Nunley <dev@notgull.net>	https://github.com/smol-rs/piper	crates.io/piper/0.2.4	23f18e03dc49df91622fe2a76176497404e46ced8a715d9d2b67a7446571cca3;a60eea817514531668d7e00765731449fe14d059d3249e0bc93b36de45f759f2		RESOLVED_DECLARATION_AND_TEXT
pkcs8@0.10.2	registry+https://github.com/rust-lang/crates.io-index	f950b2377845cebe5cf8b5165cb3cc1a5e0fa5cfa3e1f7f55707d8fd82e0a7b7	Cargo.lock	Apache-2.0 OR MIT	RustCrypto Developers	https://github.com/RustCrypto/formats/tree/master/pkcs8	crates.io/pkcs8/0.10.2	a9040321c3712d8fd0b09cf52b17445de04a23a10165049ae187cd39e5c86be5;ad64fcb9589f162720f3cc5010ad76ca6ad3764e11861f9192c489df176bb71d		RESOLVED_DECLARATION_AND_TEXT
pkg-config@0.3.32	registry+https://github.com/rust-lang/crates.io-index	7edddbd0b52d732b21ad9a5fab5c704c14cd949e5e9a1ec5929a24fded1b904c	Cargo.lock	MIT OR Apache-2.0	Alex Crichton <alex@alexcrichton.com>	https://github.com/rust-lang/pkg-config-rs	crates.io/pkg-config/0.3.32	378f5840b258e2779c39418f3f2d7b2ba96f1c7917dd6be0713f88305dbda397;a60eea817514531668d7e00765731449fe14d059d3249e0bc93b36de45f759f2		RESOLVED_DECLARATION_AND_TEXT
polkadot-ckb-merkle-mountain-range@0.8.1	registry+https://github.com/rust-lang/crates.io-index	221c71b432b38e494a0fdedb5f720e4cb974edf03a0af09e5b2238dbac7e6947	Cargo.lock	MIT	Nervos Core Dev <dev@nervos.org>;Parity Technologies <admin@parity.io>;Robert Hambrock <roberthambrock@gmail.com>	https://github.com/paritytech/merkle-mountain-range	crates.io/polkadot-ckb-merkle-mountain-range/0.8.1			RESOLVED_MANIFEST_DECLARATION_NO_ADJACENT_TEXT
polkadot-core-primitives@18.0.0	git+https://github.com/paritytech/polkadot-sdk?tag=polkadot-v1.19.1#f3969c7ddd34985e6e709ed458bcc519f651682a	NO_CHECKSUM	Cargo.lock	GPL-3.0-only	Parity Technologies <admin@parity.io>	https://github.com/paritytech/polkadot-sdk.git	polkadot-sdk@f3969c7ddd34985e6e709ed458bcc519f651682a/polkadot/core-primitives/Cargo.toml	d62f065830aa3739cc031156b9690805c7b2e811b4a178c8b4acd8725d561c94		RESOLVED_DECLARATION_AND_TEXT
polkadot-node-metrics@24.0.0	git+https://github.com/paritytech/polkadot-sdk?tag=polkadot-v1.19.1#f3969c7ddd34985e6e709ed458bcc519f651682a	NO_CHECKSUM	Cargo.lock	Apache-2.0	Era Contributors	{'workspace': True}	polkadot-sdk@f3969c7ddd34985e6e709ed458bcc519f651682a/polkadot/node/metrics/Cargo.toml	d62f065830aa3739cc031156b9690805c7b2e811b4a178c8b4acd8725d561c94		RESOLVED_DECLARATION_AND_TEXT
polkadot-node-network-protocol@24.0.0	git+https://github.com/paritytech/polkadot-sdk?tag=polkadot-v1.19.1#f3969c7ddd34985e6e709ed458bcc519f651682a	NO_CHECKSUM	Cargo.lock	GPL-3.0-only	Parity Technologies <admin@parity.io>	https://github.com/paritytech/polkadot-sdk.git	polkadot-sdk@f3969c7ddd34985e6e709ed458bcc519f651682a/polkadot/node/network/protocol/Cargo.toml	d62f065830aa3739cc031156b9690805c7b2e811b4a178c8b4acd8725d561c94		RESOLVED_DECLARATION_AND_TEXT
polkadot-node-primitives@20.0.0	git+https://github.com/paritytech/polkadot-sdk?tag=polkadot-v1.19.1#f3969c7ddd34985e6e709ed458bcc519f651682a	NO_CHECKSUM	Cargo.lock	GPL-3.0-only	Parity Technologies <admin@parity.io>	https://github.com/paritytech/polkadot-sdk.git	polkadot-sdk@f3969c7ddd34985e6e709ed458bcc519f651682a/polkadot/node/primitives/Cargo.toml	d62f065830aa3739cc031156b9690805c7b2e811b4a178c8b4acd8725d561c94		RESOLVED_DECLARATION_AND_TEXT
polkadot-node-subsystem-types@24.0.0	git+https://github.com/paritytech/polkadot-sdk?tag=polkadot-v1.19.1#f3969c7ddd34985e6e709ed458bcc519f651682a	NO_CHECKSUM	Cargo.lock	Apache-2.0	Era Contributors	{'workspace': True}	polkadot-sdk@f3969c7ddd34985e6e709ed458bcc519f651682a/polkadot/node/subsystem-types/Cargo.toml	d62f065830aa3739cc031156b9690805c7b2e811b4a178c8b4acd8725d561c94		RESOLVED_DECLARATION_AND_TEXT
polkadot-overseer@24.0.0	git+https://github.com/paritytech/polkadot-sdk?tag=polkadot-v1.19.1#f3969c7ddd34985e6e709ed458bcc519f651682a	NO_CHECKSUM	Cargo.lock	Apache-2.0	Era Contributors	{'workspace': True}	polkadot-sdk@f3969c7ddd34985e6e709ed458bcc519f651682a/polkadot/node/overseer/Cargo.toml	d62f065830aa3739cc031156b9690805c7b2e811b4a178c8b4acd8725d561c94		RESOLVED_DECLARATION_AND_TEXT
polkadot-parachain-primitives@17.0.0	git+https://github.com/paritytech/polkadot-sdk?tag=polkadot-v1.19.1#f3969c7ddd34985e6e709ed458bcc519f651682a	NO_CHECKSUM	Cargo.lock	GPL-3.0-only	Parity Technologies <admin@parity.io>	https://github.com/paritytech/polkadot-sdk.git	polkadot-sdk@f3969c7ddd34985e6e709ed458bcc519f651682a/polkadot/parachain/Cargo.toml	d62f065830aa3739cc031156b9690805c7b2e811b4a178c8b4acd8725d561c94		RESOLVED_DECLARATION_AND_TEXT
polkadot-primitives@19.0.0	git+https://github.com/paritytech/polkadot-sdk?tag=polkadot-v1.19.1#f3969c7ddd34985e6e709ed458bcc519f651682a	NO_CHECKSUM	Cargo.lock	GPL-3.0-only	Parity Technologies <admin@parity.io>	https://github.com/paritytech/polkadot-sdk.git	polkadot-sdk@f3969c7ddd34985e6e709ed458bcc519f651682a/polkadot/primitives/Cargo.toml	d62f065830aa3739cc031156b9690805c7b2e811b4a178c8b4acd8725d561c94		RESOLVED_DECLARATION_AND_TEXT
polkadot-runtime-metrics@21.0.0	git+https://github.com/paritytech/polkadot-sdk?tag=polkadot-v1.19.1#f3969c7ddd34985e6e709ed458bcc519f651682a	NO_CHECKSUM	Cargo.lock	Apache-2.0	Era Contributors	{'workspace': True}	polkadot-sdk@f3969c7ddd34985e6e709ed458bcc519f651682a/polkadot/runtime/metrics/Cargo.toml	d62f065830aa3739cc031156b9690805c7b2e811b4a178c8b4acd8725d561c94		RESOLVED_DECLARATION_AND_TEXT
polkadot-runtime-parachains@20.0.1	git+https://github.com/paritytech/polkadot-sdk?tag=polkadot-v1.19.1#f3969c7ddd34985e6e709ed458bcc519f651682a	NO_CHECKSUM	Cargo.lock	Apache-2.0	Era Contributors	{'workspace': True}	polkadot-sdk@f3969c7ddd34985e6e709ed458bcc519f651682a/polkadot/runtime/parachains/Cargo.toml	d62f065830aa3739cc031156b9690805c7b2e811b4a178c8b4acd8725d561c94		RESOLVED_DECLARATION_AND_TEXT
polkadot-sdk-frame@0.10.0	git+https://github.com/paritytech/polkadot-sdk?tag=polkadot-v1.19.1#f3969c7ddd34985e6e709ed458bcc519f651682a	NO_CHECKSUM	Cargo.lock	Apache-2.0	Parity Technologies <admin@parity.io>	https://github.com/paritytech/polkadot-sdk.git	polkadot-sdk@f3969c7ddd34985e6e709ed458bcc519f651682a/substrate/frame/Cargo.toml	aab56b4a581fc1c50b7c782eacf2fc8be05a47cd98e4bf4d836dd9b6dd9c86f4;e93d18cb209947d5e75300c9cd9043e1e680034bcd7df0635e1012cc8d8311ab		RESOLVED_DECLARATION_AND_TEXT
polkadot-statement-table@20.0.0	git+https://github.com/paritytech/polkadot-sdk?tag=polkadot-v1.19.1#f3969c7ddd34985e6e709ed458bcc519f651682a	NO_CHECKSUM	Cargo.lock	Apache-2.0	Era Contributors	{'workspace': True}	polkadot-sdk@f3969c7ddd34985e6e709ed458bcc519f651682a/polkadot/statement-table/Cargo.toml	d62f065830aa3739cc031156b9690805c7b2e811b4a178c8b4acd8725d561c94		RESOLVED_DECLARATION_AND_TEXT
polkavm-assembler@0.21.0	registry+https://github.com/rust-lang/crates.io-index	f512bc80cb10439391a7c13a9eb2d37cf66b7305e7df0a06d662eff4f5b07625	Cargo.lock	MIT/Apache-2.0	Jan Bujak <jan@parity.io>;Parity Technologies <admin@parity.io>	https://github.com/koute/polkavm	crates.io/polkavm-assembler/0.21.0			RESOLVED_MANIFEST_DECLARATION_NO_ADJACENT_TEXT
polkavm-assembler@0.24.0	registry+https://github.com/rust-lang/crates.io-index	eea6105f3f344abe0bf0151d67b3de6f5d24353f2393355ecf3f5f6e06d7fd0b	Cargo.lock	MIT/Apache-2.0	Jan Bujak <jan@parity.io>;Parity Technologies <admin@parity.io>	https://github.com/koute/polkavm	crates.io/polkavm-assembler/0.24.0			RESOLVED_MANIFEST_DECLARATION_NO_ADJACENT_TEXT
polkavm-common@0.21.0	registry+https://github.com/rust-lang/crates.io-index	5c16b809cfd398f861261c045a8745e6c78b71ea7e0d3ef6f7cc553eb27bc17e	Cargo.lock	MIT/Apache-2.0	Jan Bujak <jan@parity.io>;Parity Technologies <admin@parity.io>	https://github.com/koute/polkavm	crates.io/polkavm-common/0.21.0			RESOLVED_MANIFEST_DECLARATION_NO_ADJACENT_TEXT
polkavm-common@0.24.0	registry+https://github.com/rust-lang/crates.io-index	d91ed9e5af472f729fcf3b3c1cf17508ddbb3505259dd6e2ee0fb5a29e105d22	Cargo.lock	MIT/Apache-2.0	Jan Bujak <jan@parity.io>;Parity Technologies <admin@parity.io>	https://github.com/koute/polkavm	crates.io/polkavm-common/0.24.0			RESOLVED_MANIFEST_DECLARATION_NO_ADJACENT_TEXT
polkavm-derive-impl-macro@0.21.0	registry+https://github.com/rust-lang/crates.io-index	36837f6b7edfd6f4498f8d25d81da16cf03bd6992c3e56f3d477dfc90f4fefca	Cargo.lock	MIT/Apache-2.0	Jan Bujak <jan@parity.io>;Parity Technologies <admin@parity.io>	https://github.com/koute/polkavm	crates.io/polkavm-derive-impl-macro/0.21.0			RESOLVED_MANIFEST_DECLARATION_NO_ADJACENT_TEXT
polkavm-derive-impl-macro@0.24.0	registry+https://github.com/rust-lang/crates.io-index	ba0ef0f17ad81413ea1ca5b1b67553aedf5650c88269b673d3ba015c83bc2651	Cargo.lock	MIT/Apache-2.0	Jan Bujak <jan@parity.io>;Parity Technologies <admin@parity.io>	https://github.com/koute/polkavm	crates.io/polkavm-derive-impl-macro/0.24.0			RESOLVED_MANIFEST_DECLARATION_NO_ADJACENT_TEXT
polkavm-derive-impl@0.21.0	registry+https://github.com/rust-lang/crates.io-index	24fd6c6215450c3e57511df5c38a82eb4bde208de15ee15046ac33852f3c3eaa	Cargo.lock	MIT/Apache-2.0	Jan Bujak <jan@parity.io>;Parity Technologies <admin@parity.io>	https://github.com/koute/polkavm	crates.io/polkavm-derive-impl/0.21.0			RESOLVED_MANIFEST_DECLARATION_NO_ADJACENT_TEXT
polkavm-derive-impl@0.24.0	registry+https://github.com/rust-lang/crates.io-index	c5a21844afdfcc10c92b9ef288ccb926211af27478d1730fcd55e4aec710179d	Cargo.lock	MIT/Apache-2.0	Jan Bujak <jan@parity.io>;Parity Technologies <admin@parity.io>	https://github.com/koute/polkavm	crates.io/polkavm-derive-impl/0.24.0			RESOLVED_MANIFEST_DECLARATION_NO_ADJACENT_TEXT
polkavm-derive@0.21.0	registry+https://github.com/rust-lang/crates.io-index	47239245f87329541932c0d7fec750a66a75b13aa87dfe4fbfd637bab86ad387	Cargo.lock	MIT/Apache-2.0	Jan Bujak <jan@parity.io>;Parity Technologies <admin@parity.io>	https://github.com/koute/polkavm	crates.io/polkavm-derive/0.21.0			RESOLVED_MANIFEST_DECLARATION_NO_ADJACENT_TEXT
polkavm-derive@0.24.0	registry+https://github.com/rust-lang/crates.io-index	176144f8661117ea95fa7cf868c9a62d6b143e8a2ebcb7582464c3faade8669a	Cargo.lock	MIT/Apache-2.0	Jan Bujak <jan@parity.io>;Parity Technologies <admin@parity.io>	https://github.com/koute/polkavm	crates.io/polkavm-derive/0.24.0			RESOLVED_MANIFEST_DECLARATION_NO_ADJACENT_TEXT
polkavm-linker@0.21.0	registry+https://github.com/rust-lang/crates.io-index	23bc764986c4a63f9ab9890c3f4eb9b4c13b6ff80d79685bd48ade147234aab4	Cargo.lock	MIT/Apache-2.0	Jan Bujak <jan@parity.io>;Parity Technologies <admin@parity.io>	https://github.com/koute/polkavm	crates.io/polkavm-linker/0.21.0			RESOLVED_MANIFEST_DECLARATION_NO_ADJACENT_TEXT
polkavm-linker@0.24.0	registry+https://github.com/rust-lang/crates.io-index	06c95a521a1331024ebe5823ffdfba9ea6df40b934b0804049d5171887579806	Cargo.lock	MIT/Apache-2.0	Jan Bujak <jan@parity.io>;Parity Technologies <admin@parity.io>	https://github.com/koute/polkavm	crates.io/polkavm-linker/0.24.0			RESOLVED_MANIFEST_DECLARATION_NO_ADJACENT_TEXT
polkavm-linux-raw@0.21.0	registry+https://github.com/rust-lang/crates.io-index	be6cd1d48c5e7814d287a3e12a339386a5dfa2f3ac72f932335f4cf56467f1b3	Cargo.lock	MIT/Apache-2.0	Jan Bujak <jan@parity.io>;Parity Technologies <admin@parity.io>	https://github.com/koute/polkavm	crates.io/polkavm-linux-raw/0.21.0			RESOLVED_MANIFEST_DECLARATION_NO_ADJACENT_TEXT
polkavm-linux-raw@0.24.0	registry+https://github.com/rust-lang/crates.io-index	4ec0b13e26ec7234dba213ca17118c70c562809bdce0eefe84f92613d5c8da26	Cargo.lock	MIT/Apache-2.0	Jan Bujak <jan@parity.io>;Parity Technologies <admin@parity.io>	https://github.com/koute/polkavm	crates.io/polkavm-linux-raw/0.24.0			RESOLVED_MANIFEST_DECLARATION_NO_ADJACENT_TEXT
polkavm@0.21.0	registry+https://github.com/rust-lang/crates.io-index	cfd34e2f74206fff33482ae1718e275f11365ef8c4de7f0e69217f8845303867	Cargo.lock	MIT/Apache-2.0	Jan Bujak <jan@parity.io>;Parity Technologies <admin@parity.io>	https://github.com/koute/polkavm	crates.io/polkavm/0.21.0			RESOLVED_MANIFEST_DECLARATION_NO_ADJACENT_TEXT
polkavm@0.24.0	registry+https://github.com/rust-lang/crates.io-index	f2a01db119bb3a86572c0641ba6e7c9786fbd2ac89c25b43b688c4e353787526	Cargo.lock	MIT/Apache-2.0	Jan Bujak <jan@parity.io>;Parity Technologies <admin@parity.io>	https://github.com/koute/polkavm	crates.io/polkavm/0.24.0			RESOLVED_MANIFEST_DECLARATION_NO_ADJACENT_TEXT
polling@3.11.0	registry+https://github.com/rust-lang/crates.io-index	5d0e4f59085d47d8241c88ead0f274e8a0cb551f3625263c05eb8dd897c34218	Cargo.lock	Apache-2.0 OR MIT	Stjepan Glavina <stjepang@gmail.com>;John Nunley <dev@notgull.net>	https://github.com/smol-rs/polling	crates.io/polling/3.11.0	23f18e03dc49df91622fe2a76176497404e46ced8a715d9d2b67a7446571cca3;a60eea817514531668d7e00765731449fe14d059d3249e0bc93b36de45f759f2		RESOLVED_DECLARATION_AND_TEXT
poly1305@0.8.0	registry+https://github.com/rust-lang/crates.io-index	8159bd90725d2df49889a078b54f4f79e87f1f8a8444194cdca81d38f5393abf	Cargo.lock	Apache-2.0 OR MIT	RustCrypto Developers	https://github.com/RustCrypto/universal-hashes	crates.io/poly1305/0.8.0	6d99fffea918d1f7dfe567029c7bd21d6fcaf310ad28c44e6511a0e1f68c79ea;a9040321c3712d8fd0b09cf52b17445de04a23a10165049ae187cd39e5c86be5		RESOLVED_DECLARATION_AND_TEXT
polyval@0.6.2	registry+https://github.com/rust-lang/crates.io-index	9d1fe60d06143b2430aa532c94cfe9e29783047f06c0d7fd359a9a51b729fa25	Cargo.lock	Apache-2.0 OR MIT	RustCrypto Developers	https://github.com/RustCrypto/universal-hashes	crates.io/polyval/0.6.2	a291b6910744d262a9e953c3b5868d74510e20161359f649a11e1791fde84fcd;a9040321c3712d8fd0b09cf52b17445de04a23a10165049ae187cd39e5c86be5		RESOLVED_DECLARATION_AND_TEXT
portable-atomic@1.11.1	registry+https://github.com/rust-lang/crates.io-index	f84267b20a16ea918e43c6a88433c2d54fa145c92a811b5b047ccbe153674483	Cargo.lock	Apache-2.0 OR MIT		https://github.com/taiki-e/portable-atomic	crates.io/portable-atomic/1.11.1	0d542e0c8804e39aa7f37eb00da5a762149dc682d7829451287e11b938e94594;23f18e03dc49df91622fe2a76176497404e46ced8a715d9d2b67a7446571cca3		RESOLVED_DECLARATION_AND_TEXT
potential_utf@0.1.3	registry+https://github.com/rust-lang/crates.io-index	84df19adbe5b5a0782edcab45899906947ab039ccf4573713735ee7de1e6b08a	Cargo.lock	Unicode-3.0	The ICU4X Project Developers	https://github.com/unicode-org/icu4x	crates.io/potential_utf/0.1.3	f367c1b8e1aa262435251e442901da4607b4650e0e63a026f5044473ecfb90f2		RESOLVED_DECLARATION_AND_TEXT
powerfmt@0.2.0	registry+https://github.com/rust-lang/crates.io-index	439ee305def115ba05938db6eb1644ff94165c5ab5e9420d1c1bcedbba909391	Cargo.lock	MIT OR Apache-2.0	Jacob Pratt <jacob@jhpratt.dev>	https://github.com/jhpratt/powerfmt	crates.io/powerfmt/0.2.0	070dbc7dda03a29296f2d58bdb9b7331af90f2abc9f31df22875d1eabaf29852;155420c6403d4e0fca34105e3c03fdd6939b64c393c7ec6f95f5b72c5474eab0		RESOLVED_DECLARATION_AND_TEXT
ppv-lite86@0.2.21	registry+https://github.com/rust-lang/crates.io-index	85eae3c4ed2f50dcfe72643da4befc30deadb458a9b590d720cde2f2b1e97da9	Cargo.lock	MIT OR Apache-2.0	The CryptoCorrosion Contributors	https://github.com/cryptocorrosion/cryptocorrosion	crates.io/ppv-lite86/0.2.21	0218327e7a480793ffdd4eb792379a9709e5c135c7ba267f709d6f6d4d70af0a;4cada0bd02ea3692eee6f16400d86c6508bbd3bafb2b65fed0419f36d4f83e8f		RESOLVED_DECLARATION_AND_TEXT
predicates-core@1.0.9	registry+https://github.com/rust-lang/crates.io-index	727e462b119fe9c93fd0eb1429a5f7647394014cf3c04ab2c0350eeb09095ffa	Cargo.lock	MIT OR Apache-2.0	Nick Stevens <nick@bitcurry.com>	https://github.com/assert-rs/predicates-rs/tree/master/crates/core	crates.io/predicates-core/1.0.9	6efb0476a1cc085077ed49357026d8c173bf33017278ef440f222fb9cbcb66e6;b40930bbcf80744c86c46a12bc9da056641d722716c378f5659b9e555ef833e1		RESOLVED_DECLARATION_AND_TEXT
predicates-tree@1.0.12	registry+https://github.com/rust-lang/crates.io-index	72dd2d6d381dfb73a193c7fca536518d7caee39fc8503f74e7dc0be0531b425c	Cargo.lock	MIT OR Apache-2.0	Nick Stevens <nick@bitcurry.com>	https://github.com/assert-rs/predicates-rs/tree/master/crates/tree	crates.io/predicates-tree/1.0.12	6efb0476a1cc085077ed49357026d8c173bf33017278ef440f222fb9cbcb66e6;b40930bbcf80744c86c46a12bc9da056641d722716c378f5659b9e555ef833e1		RESOLVED_DECLARATION_AND_TEXT
predicates@3.1.3	registry+https://github.com/rust-lang/crates.io-index	a5d19ee57562043d37e82899fade9a22ebab7be9cef5026b07fda9cdd4293573	Cargo.lock	MIT OR Apache-2.0	Nick Stevens <nick@bitcurry.com>	https://github.com/assert-rs/predicates-rs	crates.io/predicates/3.1.3	6efb0476a1cc085077ed49357026d8c173bf33017278ef440f222fb9cbcb66e6;b40930bbcf80744c86c46a12bc9da056641d722716c378f5659b9e555ef833e1		RESOLVED_DECLARATION_AND_TEXT
prettyplease@0.2.37	registry+https://github.com/rust-lang/crates.io-index	479ca8adacdd7ce8f1fb39ce9ecccbfe93a3f1344b3d0d97f20bc0196208f62b	Cargo.lock	MIT OR Apache-2.0	David Tolnay <dtolnay@gmail.com>	https://github.com/dtolnay/prettyplease	crates.io/prettyplease/0.2.37	23f18e03dc49df91622fe2a76176497404e46ced8a715d9d2b67a7446571cca3;62c7a1e35f56406896d7aa7ca52d0cc0d272ac022b5d2796e7d6905db8a3636a		RESOLVED_DECLARATION_AND_TEXT
primitive-types@0.12.2	registry+https://github.com/rust-lang/crates.io-index	0b34d9fd68ae0b74a41b21c03c2f62847aa0ffea044eee893b4c140b37e244e2	Cargo.lock	MIT OR Apache-2.0	Parity Technologies <admin@parity.io>	NONE	crates.io/primitive-types/0.12.2			RESOLVED_MANIFEST_DECLARATION_NO_ADJACENT_TEXT
primitive-types@0.13.1	registry+https://github.com/rust-lang/crates.io-index	d15600a7d856470b7d278b3fe0e311fe28c2526348549f8ef2ff7db3299c87f5	Cargo.lock	MIT OR Apache-2.0	Parity Technologies <admin@parity.io>	https://github.com/paritytech/parity-common	crates.io/primitive-types/0.13.1			RESOLVED_MANIFEST_DECLARATION_NO_ADJACENT_TEXT
prioritized-metered-channel@0.6.1	registry+https://github.com/rust-lang/crates.io-index	a172e6cc603231f2cf004232eabcecccc0da53ba576ab286ef7baa0cfc7927ad	Cargo.lock	MIT OR Apache-2.0	Parity Technologies <admin@parity.io>	https://github.com/paritytech/orchestra.git	crates.io/prioritized-metered-channel/0.6.1			RESOLVED_MANIFEST_DECLARATION_NO_ADJACENT_TEXT
proc-macro-crate@1.1.3	registry+https://github.com/rust-lang/crates.io-index	e17d47ce914bf4de440332250b0edd23ce48c005f59fab39d3335866b114f11a	Cargo.lock	Apache-2.0/MIT	Bastian Köcher <git@kchr.de>	https://github.com/bkchr/proc-macro-crate	crates.io/proc-macro-crate/1.1.3	23f18e03dc49df91622fe2a76176497404e46ced8a715d9d2b67a7446571cca3;8ada45cd9f843acf64e4722ae262c622a2b3b3007c7310ef36ac1061a30f6adb		RESOLVED_DECLARATION_AND_TEXT
proc-macro-crate@3.4.0	registry+https://github.com/rust-lang/crates.io-index	219cb19e96be00ab2e37d6e299658a0cfa83e52429179969b0f0121b4ac46983	Cargo.lock	MIT OR Apache-2.0	Bastian Köcher <git@kchr.de>	https://github.com/bkchr/proc-macro-crate	crates.io/proc-macro-crate/3.4.0	23f18e03dc49df91622fe2a76176497404e46ced8a715d9d2b67a7446571cca3;8ada45cd9f843acf64e4722ae262c622a2b3b3007c7310ef36ac1061a30f6adb		RESOLVED_DECLARATION_AND_TEXT
proc-macro-error-attr2@2.0.0	registry+https://github.com/rust-lang/crates.io-index	96de42df36bb9bba5542fe9f1a054b8cc87e172759a1868aa05c1f3acc89dfc5	Cargo.lock	MIT OR Apache-2.0	CreepySkeleton <creepy-skeleton@yandex.ru>;GnomedDev <david2005thomas@gmail.com>	https://github.com/GnomedDev/proc-macro-error-2	crates.io/proc-macro-error-attr2/2.0.0	544b3aed1fd723d0cadea567affdcfe0431e43e18d997a718f9d67256b814fde;6fd0f3522047150ca7c1939f02bc4a15662a4741a89bc03ae784eefa18caa299		RESOLVED_DECLARATION_AND_TEXT
proc-macro-error-attr@1.0.4	registry+https://github.com/rust-lang/crates.io-index	a1be40180e52ecc98ad80b184934baf3d0d29f979574e439af5a55274b35f869	Cargo.lock	MIT OR Apache-2.0	CreepySkeleton <creepy-skeleton@yandex.ru>	https://gitlab.com/CreepySkeleton/proc-macro-error	crates.io/proc-macro-error-attr/1.0.4	544b3aed1fd723d0cadea567affdcfe0431e43e18d997a718f9d67256b814fde;6fd0f3522047150ca7c1939f02bc4a15662a4741a89bc03ae784eefa18caa299		RESOLVED_DECLARATION_AND_TEXT
proc-macro-error2@2.0.1	registry+https://github.com/rust-lang/crates.io-index	11ec05c52be0a07b08061f7dd003e7d7092e0472bc731b4af7bb1ef876109802	Cargo.lock	MIT OR Apache-2.0	CreepySkeleton <creepy-skeleton@yandex.ru>;GnomedDev <david2005thomas@gmail.com>	https://github.com/GnomedDev/proc-macro-error-2	crates.io/proc-macro-error2/2.0.1	4665f973ccb9393807a7fb1264add6b3513d19abc6b357e4cb52c6fe59cc6a3b;544b3aed1fd723d0cadea567affdcfe0431e43e18d997a718f9d67256b814fde		RESOLVED_DECLARATION_AND_TEXT
proc-macro-error@1.0.4	registry+https://github.com/rust-lang/crates.io-index	da25490ff9892aab3fcf7c36f08cfb902dd3e71ca0f9f9517bea02a73a5ce38c	Cargo.lock	MIT OR Apache-2.0	CreepySkeleton <creepy-skeleton@yandex.ru>	https://gitlab.com/CreepySkeleton/proc-macro-error	crates.io/proc-macro-error/1.0.4	4665f973ccb9393807a7fb1264add6b3513d19abc6b357e4cb52c6fe59cc6a3b;544b3aed1fd723d0cadea567affdcfe0431e43e18d997a718f9d67256b814fde		RESOLVED_DECLARATION_AND_TEXT
proc-macro-warning@1.84.1	registry+https://github.com/rust-lang/crates.io-index	75eea531cfcd120e0851a3f8aed42c4841f78c889eefafd96339c72677ae42c3	Cargo.lock	GPL-3.0 OR Apache-2.0	Oliver Tale-Yazdi <oliver@tasty.limo>	https://github.com/ggwpez/proc-macro-warning	crates.io/proc-macro-warning/1.84.1			RESOLVED_MANIFEST_DECLARATION_NO_ADJACENT_TEXT
proc-macro2@1.0.101	registry+https://github.com/rust-lang/crates.io-index	89ae43fd86e4158d6db51ad8e2b80f313af9cc74f5c0e03ccb87de09998732de	Cargo.lock	MIT OR Apache-2.0	David Tolnay <dtolnay@gmail.com>;Alex Crichton <alex@alexcrichton.com>	https://github.com/dtolnay/proc-macro2	crates.io/proc-macro2/1.0.101	23f18e03dc49df91622fe2a76176497404e46ced8a715d9d2b67a7446571cca3;62c7a1e35f56406896d7aa7ca52d0cc0d272ac022b5d2796e7d6905db8a3636a		RESOLVED_DECLARATION_AND_TEXT
prometheus-client-derive-encode@0.4.2	registry+https://github.com/rust-lang/crates.io-index	440f724eba9f6996b75d63681b0a92b06947f1457076d503a4d2e2c8f56442b8	Cargo.lock	Apache-2.0 OR MIT	Max Inden <mail@max-inden.de>	https://github.com/prometheus/client_rust	crates.io/prometheus-client-derive-encode/0.4.2			RESOLVED_MANIFEST_DECLARATION_NO_ADJACENT_TEXT
prometheus-client@0.22.3	registry+https://github.com/rust-lang/crates.io-index	504ee9ff529add891127c4827eb481bd69dc0ebc72e9a682e187db4caa60c3ca	Cargo.lock	Apache-2.0 OR MIT	Max Inden <mail@max-inden.de>	https://github.com/prometheus/client_rust	crates.io/prometheus-client/0.22.3	0fd830000a45d0c472e06b2a3718b070c902ee9a71a6abc1647ce66920de2eb5;2f1947dc952374ef4bf326c7c576a0287fb10a8c069dc6bdef981a7ea0a0cf1a		RESOLVED_DECLARATION_AND_TEXT
prometheus@0.13.4	registry+https://github.com/rust-lang/crates.io-index	3d33c28a30771f7f96db69893f78b857f7450d7e0237e9c8fc6427a81bae7ed1	Cargo.lock	Apache-2.0	overvenus@gmail.com;siddontang@gmail.com;vistaswx@gmail.com	https://github.com/tikv/rust-prometheus	crates.io/prometheus/0.13.4	977db9027cdb329d938c8ee9b101192431b1da6278c1b69492840fec148212a4		RESOLVED_DECLARATION_AND_TEXT
proptest@1.6.0	registry+https://github.com/rust-lang/crates.io-index	14cae93065090804185d3b75f0bf93b8eeda30c7a9b4a33d3bdb3988d6229e50	Cargo.lock	MIT OR Apache-2.0	Jason Lingle	https://github.com/proptest-rs/proptest	crates.io/proptest/1.6.0	a60eea817514531668d7e00765731449fe14d059d3249e0bc93b36de45f759f2;d8e0806926ce9f0a5030c382ecc0ffdf6de6fbea5c69a458435fd443fa7a5b92		RESOLVED_DECLARATION_AND_TEXT
prost-build@0.13.5	registry+https://github.com/rust-lang/crates.io-index	be769465445e8c1474e9c5dac2018218498557af32d9ed057325ec9a41ae81bf	Cargo.lock	Apache-2.0	Dan Burkert <dan@danburkert.com>;Lucio Franco <luciofranco14@gmail.com>;Casper Meijn <casper@meijn.net>;Tokio Contributors <team@tokio.rs>	https://github.com/tokio-rs/prost	crates.io/prost-build/0.13.5	a60eea817514531668d7e00765731449fe14d059d3249e0bc93b36de45f759f2		RESOLVED_DECLARATION_AND_TEXT
prost-derive@0.12.6	registry+https://github.com/rust-lang/crates.io-index	81bddcdb20abf9501610992b6759a4c888aef7d1a7247ef75e2404275ac24af1	Cargo.lock	Apache-2.0	Dan Burkert <dan@danburkert.com>;Lucio Franco <luciofranco14@gmail.com>;Casper Meijn <casper@meijn.net>;Tokio Contributors <team@tokio.rs>	https://github.com/tokio-rs/prost	crates.io/prost-derive/0.12.6	a60eea817514531668d7e00765731449fe14d059d3249e0bc93b36de45f759f2		RESOLVED_DECLARATION_AND_TEXT
prost-derive@0.13.5	registry+https://github.com/rust-lang/crates.io-index	8a56d757972c98b346a9b766e3f02746cde6dd1cd1d1d563472929fdd74bec4d	Cargo.lock	Apache-2.0	Dan Burkert <dan@danburkert.com>;Lucio Franco <luciofranco14@gmail.com>;Casper Meijn <casper@meijn.net>;Tokio Contributors <team@tokio.rs>	https://github.com/tokio-rs/prost	crates.io/prost-derive/0.13.5	a60eea817514531668d7e00765731449fe14d059d3249e0bc93b36de45f759f2		RESOLVED_DECLARATION_AND_TEXT
prost-types@0.13.5	registry+https://github.com/rust-lang/crates.io-index	52c2c1bf36ddb1a1c396b3601a3cec27c2462e45f07c386894ec3ccf5332bd16	Cargo.lock	Apache-2.0	Dan Burkert <dan@danburkert.com>;Lucio Franco <luciofranco14@gmail.com>;Casper Meijn <casper@meijn.net>;Tokio Contributors <team@tokio.rs>	https://github.com/tokio-rs/prost	crates.io/prost-types/0.13.5	a60eea817514531668d7e00765731449fe14d059d3249e0bc93b36de45f759f2		RESOLVED_DECLARATION_AND_TEXT
prost@0.12.6	registry+https://github.com/rust-lang/crates.io-index	deb1435c188b76130da55f17a466d252ff7b1418b2ad3e037d127b94e3411f29	Cargo.lock	Apache-2.0	Dan Burkert <dan@danburkert.com>;Lucio Franco <luciofranco14@gmail.com>;Casper Meijn <casper@meijn.net>;Tokio Contributors <team@tokio.rs>	https://github.com/tokio-rs/prost	crates.io/prost/0.12.6			RESOLVED_MANIFEST_DECLARATION_NO_ADJACENT_TEXT
prost@0.13.5	registry+https://github.com/rust-lang/crates.io-index	2796faa41db3ec313a31f7624d9286acf277b52de526150b7e69f3debf891ee5	Cargo.lock	Apache-2.0	Dan Burkert <dan@danburkert.com>;Lucio Franco <luciofranco14@gmail.com>;Casper Meijn <casper@meijn.net>;Tokio Contributors <team@tokio.rs>	https://github.com/tokio-rs/prost	crates.io/prost/0.13.5	a60eea817514531668d7e00765731449fe14d059d3249e0bc93b36de45f759f2		RESOLVED_DECLARATION_AND_TEXT
psm@0.1.27	registry+https://github.com/rust-lang/crates.io-index	e66fcd288453b748497d8fb18bccc83a16b0518e3906d4b8df0a8d42d93dbb1c	Cargo.lock	MIT OR Apache-2.0	Simonas Kazlauskas <psm@kazlauskas.me>	https://github.com/rust-lang/stacker/	crates.io/psm/0.1.27	3e3714aa69bd874601741fd7d7ad5298740cece37778e279fc1ab4451c5a11af;965a63a81d9a2fbeb5f9096954dabb49690f9dffcdac9825f675b25c807252a2		RESOLVED_DECLARATION_AND_TEXT
quanta@0.12.6	registry+https://github.com/rust-lang/crates.io-index	f3ab5a9d756f0d97bdc89019bd2e4ea098cf9cde50ee7564dde6b81ccc8f06c7	Cargo.lock	MIT	Toby Lawrence <toby@nuclearfurnace.com>	https://github.com/metrics-rs/quanta	crates.io/quanta/0.12.6	7bdd587c9ff64c56323455bad7ec590698fbf56c02291c8e515b2afc85306282		RESOLVED_DECLARATION_AND_TEXT
quick-error@1.2.3	registry+https://github.com/rust-lang/crates.io-index	a1d01941d82fa2ab50be1e79e6714289dd7cde78eba4c074bc5a4374f650dfe0	Cargo.lock	MIT/Apache-2.0	Paul Colomiets <paul@colomiets.name>;Colin Kiegel <kiegel@gmx.de>	http://github.com/tailhook/quick-error	crates.io/quick-error/1.2.3	058f01fe181608d027fcde7e528fc03ea3cf90f30903c407644b0a9bbc54f500;c6596eb7be8581c18be736c846fb9173b69eccf6ef94c5135893ec56bd92ba08		RESOLVED_DECLARATION_AND_TEXT
quick-protobuf-codec@0.3.1	registry+https://github.com/rust-lang/crates.io-index	15a0580ab32b169745d7a39db2ba969226ca16738931be152a3209b409de2474	Cargo.lock	MIT	Max Inden <mail@max-inden.de>	https://github.com/libp2p/rust-libp2p	crates.io/quick-protobuf-codec/0.3.1			RESOLVED_MANIFEST_DECLARATION_NO_ADJACENT_TEXT
quick-protobuf@0.8.1	registry+https://github.com/rust-lang/crates.io-index	9d6da84cc204722a989e01ba2f6e1e276e190f22263d0cb6ce8526fcdb0d2e1f	Cargo.lock	MIT	Johann Tuffe <tafia973@gmail.com>	https://github.com/tafia/quick-protobuf	crates.io/quick-protobuf/0.8.1			RESOLVED_MANIFEST_DECLARATION_NO_ADJACENT_TEXT
quinn-proto@0.11.15	registry+https://github.com/rust-lang/crates.io-index	4fcb935c5bec503c2f0e306bdd3e58bb9029dcb14fa8d9ac76e3a5256ac0763e	Cargo.lock	MIT OR Apache-2.0		https://github.com/quinn-rs/quinn	crates.io/quinn-proto/0.11.15	4b2d0aca6789fa39e03d6738e869ea0988cceba210ca34ebb59c15c463e93a04;c71d239df91726fc519c6eb72d318ec65820627232b2f796219e87dcf35d0ab4		RESOLVED_DECLARATION_AND_TEXT
quinn-udp@0.5.14	registry+https://github.com/rust-lang/crates.io-index	addec6a0dcad8a8d96a771f815f0eaf55f9d1805756410b39f5fa81332574cbd	Cargo.lock	MIT OR Apache-2.0		https://github.com/quinn-rs/quinn	crates.io/quinn-udp/0.5.14	4b2d0aca6789fa39e03d6738e869ea0988cceba210ca34ebb59c15c463e93a04;c71d239df91726fc519c6eb72d318ec65820627232b2f796219e87dcf35d0ab4		RESOLVED_DECLARATION_AND_TEXT
quinn@0.11.9	registry+https://github.com/rust-lang/crates.io-index	b9e20a958963c291dc322d98411f541009df2ced7b5a4f2bd52337638cfccf20	Cargo.lock	MIT OR Apache-2.0		https://github.com/quinn-rs/quinn	crates.io/quinn/0.11.9	4b2d0aca6789fa39e03d6738e869ea0988cceba210ca34ebb59c15c463e93a04;c71d239df91726fc519c6eb72d318ec65820627232b2f796219e87dcf35d0ab4		RESOLVED_DECLARATION_AND_TEXT
quote@1.0.41	registry+https://github.com/rust-lang/crates.io-index	ce25767e7b499d1b604768e7cde645d14cc8584231ea6b295e9c9eb22c02e1d1	Cargo.lock	MIT OR Apache-2.0	David Tolnay <dtolnay@gmail.com>	https://github.com/dtolnay/quote	crates.io/quote/1.0.41	23f18e03dc49df91622fe2a76176497404e46ced8a715d9d2b67a7446571cca3;62c7a1e35f56406896d7aa7ca52d0cc0d272ac022b5d2796e7d6905db8a3636a		RESOLVED_DECLARATION_AND_TEXT
r-efi@5.3.0	registry+https://github.com/rust-lang/crates.io-index	69cdb34c158ceb288df11e18b4bd39de994f6657d83847bdffdbd7f346754b0f	Cargo.lock	MIT OR Apache-2.0 OR LGPL-2.1-or-later		https://github.com/r-efi/r-efi	crates.io/r-efi/5.3.0			RESOLVED_MANIFEST_DECLARATION_NO_ADJACENT_TEXT
radium@0.7.0	registry+https://github.com/rust-lang/crates.io-index	dc33ff2d4973d518d823d61aa239014831e521c75da58e3df4840d3f47749d09	Cargo.lock	MIT	Nika Layzell <nika@thelayzells.com>;myrrlyn <self@myrrlyn.dev>	https://github.com/bitvecto-rs/radium	crates.io/radium/0.7.0	13f4cc9fbc8d4a447b28aa84019c10ad4abf4b5f6919db061bf6690ccc23bc02		RESOLVED_DECLARATION_AND_TEXT
rand@0.8.5	registry+https://github.com/rust-lang/crates.io-index	34af8d1a0e25924bc5b7c43c079c942339d8f0a8b57c39049bef581b46327404	Cargo.lock	MIT OR Apache-2.0	The Rand Project Developers;The Rust Project Developers	https://github.com/rust-random/rand	crates.io/rand/0.8.5	209fbbe0ad52d9235e37badf9cadfe4dbdc87203179c0899e738b39ade42177b;35242e7a83f69875e6edeff02291e688c97caafe2f8902e4e19b49d3e78b4cab;90eb64f0279b0d9432accfa6023ff803bc4965212383697eee27a0f426d5f8d5		RESOLVED_DECLARATION_AND_TEXT
rand@0.9.2	registry+https://github.com/rust-lang/crates.io-index	6db2770f06117d490610c7488547d543617b21bfa07796d7a12f6f1bd53850d1	Cargo.lock	MIT OR Apache-2.0	The Rand Project Developers;The Rust Project Developers	https://github.com/rust-random/rand	crates.io/rand/0.9.2	209fbbe0ad52d9235e37badf9cadfe4dbdc87203179c0899e738b39ade42177b;35242e7a83f69875e6edeff02291e688c97caafe2f8902e4e19b49d3e78b4cab;90eb64f0279b0d9432accfa6023ff803bc4965212383697eee27a0f426d5f8d5		RESOLVED_DECLARATION_AND_TEXT
rand_chacha@0.3.1	registry+https://github.com/rust-lang/crates.io-index	e6c10a63a0fa32252be49d21e7709d4d4baf8d231c2dbce1eaa8141b9b127d88	Cargo.lock	MIT OR Apache-2.0	The Rand Project Developers;The Rust Project Developers;The CryptoCorrosion Contributors	https://github.com/rust-random/rand	crates.io/rand_chacha/0.3.1	209fbbe0ad52d9235e37badf9cadfe4dbdc87203179c0899e738b39ade42177b;90eb64f0279b0d9432accfa6023ff803bc4965212383697eee27a0f426d5f8d5;aaff376532ea30a0cd5330b9502ad4a4c8bf769c539c87ffe78819d188a18ebf		RESOLVED_DECLARATION_AND_TEXT
rand_chacha@0.9.0	registry+https://github.com/rust-lang/crates.io-index	d3022b5f1df60f26e1ffddd6c66e8aa15de382ae63b3a0c1bfc0e4d3e3f325cb	Cargo.lock	MIT OR Apache-2.0	The Rand Project Developers;The Rust Project Developers;The CryptoCorrosion Contributors	https://github.com/rust-random/rand	crates.io/rand_chacha/0.9.0	209fbbe0ad52d9235e37badf9cadfe4dbdc87203179c0899e738b39ade42177b;35242e7a83f69875e6edeff02291e688c97caafe2f8902e4e19b49d3e78b4cab;90eb64f0279b0d9432accfa6023ff803bc4965212383697eee27a0f426d5f8d5		RESOLVED_DECLARATION_AND_TEXT
rand_core@0.6.4	registry+https://github.com/rust-lang/crates.io-index	ec0be4795e2f6a28069bec0b5ff3e2ac9bafc99e6a9a7dc3547996c5c816922c	Cargo.lock	MIT OR Apache-2.0	The Rand Project Developers;The Rust Project Developers	https://github.com/rust-random/rand	crates.io/rand_core/0.6.4	209fbbe0ad52d9235e37badf9cadfe4dbdc87203179c0899e738b39ade42177b;6df43f6f4b5d4587f3d8d71e45532c688fd168afa5fe89d571cb32fa09c4ef51;90eb64f0279b0d9432accfa6023ff803bc4965212383697eee27a0f426d5f8d5		RESOLVED_DECLARATION_AND_TEXT
rand_core@0.9.3	registry+https://github.com/rust-lang/crates.io-index	99d9a13982dcf210057a8a78572b2217b667c3beacbf3a0d8b454f6f82837d38	Cargo.lock	MIT OR Apache-2.0	The Rand Project Developers;The Rust Project Developers	https://github.com/rust-random/rand	crates.io/rand_core/0.9.3	209fbbe0ad52d9235e37badf9cadfe4dbdc87203179c0899e738b39ade42177b;6df43f6f4b5d4587f3d8d71e45532c688fd168afa5fe89d571cb32fa09c4ef51;90eb64f0279b0d9432accfa6023ff803bc4965212383697eee27a0f426d5f8d5		RESOLVED_DECLARATION_AND_TEXT
rand_distr@0.4.3	registry+https://github.com/rust-lang/crates.io-index	32cb0b9bc82b0a0876c2dd994a7e7a2683d3e7390ca40e6886785ef0c7e3ee31	Cargo.lock	MIT OR Apache-2.0	The Rand Project Developers	https://github.com/rust-random/rand	crates.io/rand_distr/0.4.3	6df43f6f4b5d4587f3d8d71e45532c688fd168afa5fe89d571cb32fa09c4ef51;90eb64f0279b0d9432accfa6023ff803bc4965212383697eee27a0f426d5f8d5;a771e4354f6b3ad4c92da1a5c9a239b6c291527db869632ecea4f20e24ca1135		RESOLVED_DECLARATION_AND_TEXT
rand_pcg@0.3.1	registry+https://github.com/rust-lang/crates.io-index	59cad018caf63deb318e5a4586d99a24424a364f40f1e5778c29aca23f4fc73e	Cargo.lock	MIT OR Apache-2.0	The Rand Project Developers	https://github.com/rust-random/rand	crates.io/rand_pcg/0.3.1	2234e3cefee876aeb686ad89e978bdb07bf118a1186ab1cf161bcdf69d4b4f57;90eb64f0279b0d9432accfa6023ff803bc4965212383697eee27a0f426d5f8d5;aaff376532ea30a0cd5330b9502ad4a4c8bf769c539c87ffe78819d188a18ebf		RESOLVED_DECLARATION_AND_TEXT
rand_xorshift@0.3.0	registry+https://github.com/rust-lang/crates.io-index	d25bf25ec5ae4a3f1b92f929810509a2f53d7dca2f50b794ff57e3face536c8f	Cargo.lock	MIT OR Apache-2.0	The Rand Project Developers;The Rust Project Developers	https://github.com/rust-random/rngs	crates.io/rand_xorshift/0.3.0	209fbbe0ad52d9235e37badf9cadfe4dbdc87203179c0899e738b39ade42177b;90eb64f0279b0d9432accfa6023ff803bc4965212383697eee27a0f426d5f8d5;aaff376532ea30a0cd5330b9502ad4a4c8bf769c539c87ffe78819d188a18ebf		RESOLVED_DECLARATION_AND_TEXT
raw-cpuid@11.6.0	registry+https://github.com/rust-lang/crates.io-index	498cd0dc59d73224351ee52a95fee0f1a617a2eae0e7d9d720cc622c73a54186	Cargo.lock	MIT	Gerd Zellweger <mail@gerdzellweger.com>	https://github.com/gz/rust-cpuid	crates.io/raw-cpuid/11.6.0	cdd45f4d0c552c3a51725728215919e0dedb1e1af250f130e7c2d60eef6721fe		RESOLVED_DECLARATION_AND_TEXT
rawpointer@0.2.1	registry+https://github.com/rust-lang/crates.io-index	60a357793950651c4ed0f3f52338f53b2f809f32d83a07f72909fa13e4c6c1e3	Cargo.lock	MIT/Apache-2.0	bluss	https://github.com/bluss/rawpointer/	crates.io/rawpointer/0.2.1	7576269ea71f767b99297934c0b2367532690f8c4badc695edf8e04ab6a1e545;a60eea817514531668d7e00765731449fe14d059d3249e0bc93b36de45f759f2		RESOLVED_DECLARATION_AND_TEXT
rayon-core@1.13.0	registry+https://github.com/rust-lang/crates.io-index	22e18b0f0062d30d4230b2e85ff77fdfe4326feb054b9783a3460d8435c8ab91	Cargo.lock	MIT OR Apache-2.0		https://github.com/rayon-rs/rayon	crates.io/rayon-core/1.13.0	0621878e61f0d0fda054bcbe02df75192c28bde1ecc8289cbd86aeba2dd72720;a60eea817514531668d7e00765731449fe14d059d3249e0bc93b36de45f759f2		RESOLVED_DECLARATION_AND_TEXT
rayon@1.11.0	registry+https://github.com/rust-lang/crates.io-index	368f01d005bf8fd9b1206fb6fa653e6c4a81ceb1466406b81792d87c5677a58f	Cargo.lock	MIT OR Apache-2.0		https://github.com/rayon-rs/rayon	crates.io/rayon/1.11.0	0621878e61f0d0fda054bcbe02df75192c28bde1ecc8289cbd86aeba2dd72720;a60eea817514531668d7e00765731449fe14d059d3249e0bc93b36de45f759f2		RESOLVED_DECLARATION_AND_TEXT
rcgen@0.11.3	registry+https://github.com/rust-lang/crates.io-index	52c4f3084aa3bc7dfbba4eff4fab2a54db4324965d8872ab933565e6fbd83bc6	Cargo.lock	MIT OR Apache-2.0		https://github.com/est31/rcgen	crates.io/rcgen/0.11.3	2ff0e21d54b189664c884c142f7a608aae1515524b72e6b1ca251577760d44cf		RESOLVED_DECLARATION_AND_TEXT
redox_syscall@0.2.16	registry+https://github.com/rust-lang/crates.io-index	fb5a58c1855b4b6819d59012155603f0b22ad30cad752600aadfcb695265519a	Cargo.lock	MIT	Jeremy Soller <jackpot51@gmail.com>	https://gitlab.redox-os.org/redox-os/syscall	crates.io/redox_syscall/0.2.16	efcfee7981ff72431fffb06925cad00a23dce079ed4354f61030ad5abdb78829		RESOLVED_DECLARATION_AND_TEXT
redox_syscall@0.5.18	registry+https://github.com/rust-lang/crates.io-index	ed2bf2547551a7053d6fdfafda3f938979645c44812fbfcda098faae3f1a362d	Cargo.lock	MIT	Jeremy Soller <jackpot51@gmail.com>	https://gitlab.redox-os.org/redox-os/syscall	crates.io/redox_syscall/0.5.18	efcfee7981ff72431fffb06925cad00a23dce079ed4354f61030ad5abdb78829		RESOLVED_DECLARATION_AND_TEXT
redox_users@0.4.6	registry+https://github.com/rust-lang/crates.io-index	ba009ff324d1fc1b900bd1fdb31564febe58a8ccc8a6fdbb93b543d33b13ca43	Cargo.lock	MIT	Jose Narvaez <goyox86@gmail.com>;Wesley Hershberger <mggmugginsmc@gmail.com>	https://gitlab.redox-os.org/redox-os/users	crates.io/redox_users/0.4.6	e6a8ae2d796083783efc94b1e66271aa2929dc4dfb231d34239aa9c7db8396db		RESOLVED_DECLARATION_AND_TEXT
ref-cast-impl@1.0.25	registry+https://github.com/rust-lang/crates.io-index	b7186006dcb21920990093f30e3dea63b7d6e977bf1256be20c3563a5db070da	Cargo.lock	MIT OR Apache-2.0	David Tolnay <dtolnay@gmail.com>	https://github.com/dtolnay/ref-cast	crates.io/ref-cast-impl/1.0.25	23f18e03dc49df91622fe2a76176497404e46ced8a715d9d2b67a7446571cca3;62c7a1e35f56406896d7aa7ca52d0cc0d272ac022b5d2796e7d6905db8a3636a		RESOLVED_DECLARATION_AND_TEXT
ref-cast@1.0.25	registry+https://github.com/rust-lang/crates.io-index	f354300ae66f76f1c85c5f84693f0ce81d747e2c3f21a45fef496d89c960bf7d	Cargo.lock	MIT OR Apache-2.0	David Tolnay <dtolnay@gmail.com>	https://github.com/dtolnay/ref-cast	crates.io/ref-cast/1.0.25	23f18e03dc49df91622fe2a76176497404e46ced8a715d9d2b67a7446571cca3;62c7a1e35f56406896d7aa7ca52d0cc0d272ac022b5d2796e7d6905db8a3636a		RESOLVED_DECLARATION_AND_TEXT
regalloc2@0.6.1	registry+https://github.com/rust-lang/crates.io-index	80535183cae11b149d618fbd3c37e38d7cda589d82d7769e196ca9a9042d7621	Cargo.lock	Apache-2.0 WITH LLVM-exception	Chris Fallin <chris@cfallin.org>;Mozilla SpiderMonkey Developers	https://github.com/bytecodealliance/regalloc2	crates.io/regalloc2/0.6.1	268872b9816f90fd8e85db5a28d33f8150ebb8dd016653fb39ef1f94f2686bc5		RESOLVED_DECLARATION_AND_TEXT
regalloc2@0.9.3	registry+https://github.com/rust-lang/crates.io-index	ad156d539c879b7a24a363a2016d77961786e71f48f2e2fc8302a92abd2429a6	Cargo.lock	Apache-2.0 WITH LLVM-exception	Chris Fallin <chris@cfallin.org>;Mozilla SpiderMonkey Developers	https://github.com/bytecodealliance/regalloc2	crates.io/regalloc2/0.9.3	268872b9816f90fd8e85db5a28d33f8150ebb8dd016653fb39ef1f94f2686bc5		RESOLVED_DECLARATION_AND_TEXT
regex-automata@0.4.13	registry+https://github.com/rust-lang/crates.io-index	5276caf25ac86c8d810222b3dbb938e512c55c6831a10f3e6ed1c93b84041f1c	Cargo.lock	MIT OR Apache-2.0	The Rust Project Developers;Andrew Gallant <jamslam@gmail.com>	https://github.com/rust-lang/regex	crates.io/regex-automata/0.4.13	6485b8ed310d3f0340bf1ad1f47645069ce4069dcc6bb46c7d5c6faf41de1fdb;a60eea817514531668d7e00765731449fe14d059d3249e0bc93b36de45f759f2		RESOLVED_DECLARATION_AND_TEXT
regex-syntax@0.8.8	registry+https://github.com/rust-lang/crates.io-index	7a2d987857b319362043e95f5353c0535c1f58eec5336fdfcf626430af7def58	Cargo.lock	MIT OR Apache-2.0	The Rust Project Developers;Andrew Gallant <jamslam@gmail.com>	https://github.com/rust-lang/regex	crates.io/regex-syntax/0.8.8	6485b8ed310d3f0340bf1ad1f47645069ce4069dcc6bb46c7d5c6faf41de1fdb;a60eea817514531668d7e00765731449fe14d059d3249e0bc93b36de45f759f2		RESOLVED_DECLARATION_AND_TEXT
regex@1.12.2	registry+https://github.com/rust-lang/crates.io-index	843bc0191f75f3e22651ae5f1e72939ab2f72a4bc30fa80a066bd66edefc24d4	Cargo.lock	MIT OR Apache-2.0	The Rust Project Developers;Andrew Gallant <jamslam@gmail.com>	https://github.com/rust-lang/regex	crates.io/regex/1.12.2	6485b8ed310d3f0340bf1ad1f47645069ce4069dcc6bb46c7d5c6faf41de1fdb;a60eea817514531668d7e00765731449fe14d059d3249e0bc93b36de45f759f2		RESOLVED_DECLARATION_AND_TEXT
resolv-conf@0.7.5	registry+https://github.com/rust-lang/crates.io-index	6b3789b30bd25ba102de4beabd95d21ac45b69b1be7d14522bab988c526d6799	Cargo.lock	MIT OR Apache-2.0		https://github.com/hickory-dns/resolv-conf	crates.io/resolv-conf/0.7.5	c303b44873acb399b27d3d3983937073246f1ab083f32990ea6015ea31d976b2;c6596eb7be8581c18be736c846fb9173b69eccf6ef94c5135893ec56bd92ba08		RESOLVED_DECLARATION_AND_TEXT
rfc6979@0.4.0	registry+https://github.com/rust-lang/crates.io-index	f8dd2a808d456c4a54e300a23e9f5a67e122c3024119acbfd73e3bf664491cb2	Cargo.lock	Apache-2.0 OR MIT	RustCrypto Developers	https://github.com/RustCrypto/signatures/tree/master/rfc6979	crates.io/rfc6979/0.4.0	78779d420019e6b4630376af8e86b6b335ee8a2f89ede6e0411e0469a326aaa4;bdebaf9156a298f8fdab56dd26cb5144673de522d80f4c0d88e0039145f147f9		RESOLVED_DECLARATION_AND_TEXT
ring@0.16.20	registry+https://github.com/rust-lang/crates.io-index	3053cf52e236a3ed746dfc745aa9cacf1b791d846bdaf412f60a8d7d6e17c8fc	Cargo.lock	NOASSERTION	Brian Smith <brian@briansmith.org>	https://github.com/briansmith/ring	crates.io/ring/0.16.20	76b39f9b371688eac9d8323f96ee80b3aef5ecbc2217f25377bd4e4a615296a9		RESOLVED_LICENSE_FILE_WITHOUT_EXPRESSION
ring@0.17.14	registry+https://github.com/rust-lang/crates.io-index	a4689e6c2294d81e88dc6261c768b63bc4fcdb852be6d1352498b114f61383b7	Cargo.lock	Apache-2.0 AND ISC		https://github.com/briansmith/ring	crates.io/ring/0.17.14	005fc765ddc5115da796cca915baa9557abae13ff35e0a47c47affc56f6c414d;b3d734001a94efff3579978d953391aa7115f877657d25eb54037a43875d078a;f025ccfb7dfb6bdfedc75ca0f67acc69e6fb4998143d834f7c2f38a29989680f		RESOLVED_DECLARATION_AND_TEXT
ripemd@0.1.3	registry+https://github.com/rust-lang/crates.io-index	bd124222d17ad93a644ed9d011a40f4fb64aa54275c08cc216524a9ea82fb09f	Cargo.lock	MIT OR Apache-2.0	RustCrypto Developers	https://github.com/RustCrypto/hashes	crates.io/ripemd/0.1.3	3521672491a3479422d5fe1aca6645dd2984090f85da6e5205abfb18fb7a6897;a9040321c3712d8fd0b09cf52b17445de04a23a10165049ae187cd39e5c86be5		RESOLVED_DECLARATION_AND_TEXT
rlp@0.5.2	registry+https://github.com/rust-lang/crates.io-index	bb919243f34364b6bd2fc10ef797edbfa75f33c252e7998527479c6d6b47e1ec	Cargo.lock	MIT OR Apache-2.0	Parity Technologies <admin@parity.io>	https://github.com/paritytech/parity-common	crates.io/rlp/0.5.2			RESOLVED_MANIFEST_DECLARATION_NO_ADJACENT_TEXT
rlp@0.6.1	registry+https://github.com/rust-lang/crates.io-index	fa24e92bb2a83198bb76d661a71df9f7076b8c420b8696e4d3d97d50d94479e3	Cargo.lock	MIT OR Apache-2.0	Parity Technologies <admin@parity.io>	https://github.com/paritytech/parity-common	crates.io/rlp/0.6.1			RESOLVED_MANIFEST_DECLARATION_NO_ADJACENT_TEXT
rocksdb@0.21.0	registry+https://github.com/rust-lang/crates.io-index	bb6f170a4041d50a0ce04b0d2e14916d6ca863ea2e422689a5b694395d299ffe	Cargo.lock	Apache-2.0	Tyler Neely <t@jujit.su>;David Greenberg <dsg123456789@gmail.com>	https://github.com/rust-rocksdb/rust-rocksdb	crates.io/rocksdb/0.21.0	cfc7749b96f63bd31c3c42b5c471bf756814053e847c10f3eb003417bc523d30		RESOLVED_DECLARATION_AND_TEXT
route-recognizer@0.3.1	registry+https://github.com/rust-lang/crates.io-index	afab94fb28594581f62d981211a9a4d53cc8130bbcbbb89a0440d9b8e81a7746	Cargo.lock	MIT	wycats;rustasync	https://github.com/rustasync/route-recognizer	crates.io/route-recognizer/0.3.1	8f04e470fcb1740d775cd2bd1675b589b38b89b010a3e5de236edeb041c9f069		RESOLVED_DECLARATION_AND_TEXT
rpassword@7.4.0	registry+https://github.com/rust-lang/crates.io-index	66d4c8b64f049c6721ec8ccec37ddfc3d641c4a7fca57e8f2a89de509c73df39	Cargo.lock	Apache-2.0	Conrad Kleinespel <conradk@conradk.com>	https://github.com/conradkleinespel/rpassword	crates.io/rpassword/7.4.0	a6cba85bc92e0cff7a450b1d873c0eaa2e9fc96bf472df0247a26bec77bf3ff9		RESOLVED_DECLARATION_AND_TEXT
rtnetlink@0.13.1	registry+https://github.com/rust-lang/crates.io-index	7a552eb82d19f38c3beed3f786bd23aa434ceb9ac43ab44419ca6d67a7e186c0	Cargo.lock	MIT	Corentin Henry <corentinhenry@gmail.com>	https://github.com/rust-netlink/rtnetlink	crates.io/rtnetlink/0.13.1	964a53330f9cd970c1790311024281a994644f9b554ff6d37e233672287bf767		RESOLVED_DECLARATION_AND_TEXT
rtoolbox@0.0.3	registry+https://github.com/rust-lang/crates.io-index	a7cc970b249fbe527d6e02e0a227762c9108b2f49d81094fe357ffc6d14d7f6f	Cargo.lock	Apache-2.0	Conrad Kleinespel <conradk@conradk.com>	https://github.com/conradkleinespel/duck	crates.io/rtoolbox/0.0.3	a6cba85bc92e0cff7a450b1d873c0eaa2e9fc96bf472df0247a26bec77bf3ff9		RESOLVED_DECLARATION_AND_TEXT
ruint-macro@1.2.1	registry+https://github.com/rust-lang/crates.io-index	48fd7bd8a6377e15ad9d42a8ec25371b94ddc67abe7c8b9127bec79bebaaae18	Cargo.lock	MIT	Remco Bloemen <remco@wicked.ventures>	https://github.com/recmo/uint	crates.io/ruint-macro/1.2.1			RESOLVED_MANIFEST_DECLARATION_NO_ADJACENT_TEXT
ruint@1.15.0	PATH	NO_CHECKSUM	Cargo.lock	MIT	Remco Bloemen <remco@wicked.ventures>	https://github.com/recmo/uint	vendor/ruint-1.15.0-security/Cargo.toml	dc470946f0a127507a9e577a20da1eb19eae0abc383b2be1f786f6427944f06c		RESOLVED_DECLARATION_AND_TEXT
rustc-demangle@0.1.26	registry+https://github.com/rust-lang/crates.io-index	56f7d92ca342cea22a06f2121d944b4fd82af56988c270852495420f961d4ace	Cargo.lock	MIT/Apache-2.0	Alex Crichton <alex@alexcrichton.com>	https://github.com/rust-lang/rustc-demangle	crates.io/rustc-demangle/0.1.26	378f5840b258e2779c39418f3f2d7b2ba96f1c7917dd6be0713f88305dbda397;a60eea817514531668d7e00765731449fe14d059d3249e0bc93b36de45f759f2		RESOLVED_DECLARATION_AND_TEXT
rustc-hash@1.1.0	registry+https://github.com/rust-lang/crates.io-index	08d43f7aa6b08d49f382cde6a7982047c3426db949b1424bc4b7ec9ae12c6ce2	Cargo.lock	Apache-2.0/MIT	The Rust Project Developers	https://github.com/rust-lang-nursery/rustc-hash	crates.io/rustc-hash/1.1.0	23f18e03dc49df91622fe2a76176497404e46ced8a715d9d2b67a7446571cca3;a60eea817514531668d7e00765731449fe14d059d3249e0bc93b36de45f759f2		RESOLVED_DECLARATION_AND_TEXT
rustc-hash@2.1.1	registry+https://github.com/rust-lang/crates.io-index	357703d41365b4b27c590e3ed91eabb1b663f07c4c084095e60cbed4362dff0d	Cargo.lock	Apache-2.0 OR MIT	The Rust Project Developers	https://github.com/rust-lang/rustc-hash	crates.io/rustc-hash/2.1.1	30fefc3a7d6a0041541858293bcbea2dde4caa4c0a5802f996a7f7e8c0085652;95bd3988beee069fa2848f648dab43cc6e0b2add2ad6bcb17360caf749802bcc		RESOLVED_DECLARATION_AND_TEXT
rustc-hex@2.1.0	registry+https://github.com/rust-lang/crates.io-index	3e75f6a532d0fd9f7f13144f392b6ad56a32696bfcd9c78f797f16bbb6f072d6	Cargo.lock	MIT/Apache-2.0	The Rust Project Developers;debris <marek.kotewicz@gmail.com>;Robert Habermeier	https://github.com/debris/rustc-hex	crates.io/rustc-hex/2.1.0	6485b8ed310d3f0340bf1ad1f47645069ce4069dcc6bb46c7d5c6faf41de1fdb;a60eea817514531668d7e00765731449fe14d059d3249e0bc93b36de45f759f2		RESOLVED_DECLARATION_AND_TEXT
rustc_version@0.3.3	registry+https://github.com/rust-lang/crates.io-index	f0dfe2087c51c460008730de8b57e6a320782fbfb312e1f4d520e6c6fae155ee	Cargo.lock	MIT/Apache-2.0	Marvin Löbel <loebel.marvin@gmail.com>	https://github.com/Kimundi/rustc-version-rs	crates.io/rustc_version/0.3.3	a60eea817514531668d7e00765731449fe14d059d3249e0bc93b36de45f759f2;c9a75f18b9ab2927829a208fc6aa2cf4e63b8420887ba29cdb265d6619ae82d5		RESOLVED_DECLARATION_AND_TEXT
rustc_version@0.4.1	registry+https://github.com/rust-lang/crates.io-index	cfcb3a22ef46e85b45de6ee7e79d063319ebb6594faafcf1c225ea92ab6e9b92	Cargo.lock	MIT OR Apache-2.0		https://github.com/djc/rustc-version-rs	crates.io/rustc_version/0.4.1	a60eea817514531668d7e00765731449fe14d059d3249e0bc93b36de45f759f2;c9a75f18b9ab2927829a208fc6aa2cf4e63b8420887ba29cdb265d6619ae82d5		RESOLVED_DECLARATION_AND_TEXT
rusticata-macros@4.1.0	registry+https://github.com/rust-lang/crates.io-index	faf0c4a6ece9950b9abdb62b1cfcf2a68b3b67a10ba445b3bb85be2a293d0632	Cargo.lock	MIT/Apache-2.0	Pierre Chifflier <chifflier@wzdftpd.net>	https://github.com/rusticata/rusticata-macros.git	crates.io/rusticata-macros/4.1.0	a5c61b93b6ee1d104af9920cf020ff3c7efe818e31fe562c72261847a728f513;a60eea817514531668d7e00765731449fe14d059d3249e0bc93b36de45f759f2		RESOLVED_DECLARATION_AND_TEXT
rustix@0.36.17	registry+https://github.com/rust-lang/crates.io-index	305efbd14fde4139eb501df5f136994bb520b033fa9fbdce287507dc23b8c7ed	Cargo.lock	Apache-2.0 WITH LLVM-exception OR Apache-2.0 OR MIT	Dan Gohman <dev@sunfishcode.online>;Jakub Konka <kubkon@jakubkonka.com>	https://github.com/bytecodealliance/rustix	crates.io/rustix/0.36.17	23f18e03dc49df91622fe2a76176497404e46ced8a715d9d2b67a7446571cca3;268872b9816f90fd8e85db5a28d33f8150ebb8dd016653fb39ef1f94f2686bc5;377c2e7c53250cc5905c0b0532d35973392af16ffb9596a41d99d202cf3617c9;a60eea817514531668d7e00765731449fe14d059d3249e0bc93b36de45f759f2		RESOLVED_DECLARATION_AND_TEXT
rustix@1.1.2	registry+https://github.com/rust-lang/crates.io-index	cd15f8a2c5551a84d56efdc1cd049089e409ac19a3072d5037a17fd70719ff3e	Cargo.lock	Apache-2.0 WITH LLVM-exception OR Apache-2.0 OR MIT	Dan Gohman <dev@sunfishcode.online>;Jakub Konka <kubkon@jakubkonka.com>	https://github.com/bytecodealliance/rustix	crates.io/rustix/1.1.2	23f18e03dc49df91622fe2a76176497404e46ced8a715d9d2b67a7446571cca3;268872b9816f90fd8e85db5a28d33f8150ebb8dd016653fb39ef1f94f2686bc5;377c2e7c53250cc5905c0b0532d35973392af16ffb9596a41d99d202cf3617c9;a60eea817514531668d7e00765731449fe14d059d3249e0bc93b36de45f759f2		RESOLVED_DECLARATION_AND_TEXT
rustls-native-certs@0.8.2	registry+https://github.com/rust-lang/crates.io-index	9980d917ebb0c0536119ba501e90834767bffc3d60641457fd84a1f3fd337923	Cargo.lock	Apache-2.0 OR ISC OR MIT		https://github.com/rustls/rustls-native-certs	crates.io/rustls-native-certs/0.8.2	709e3175b4212f7b13aa93971c9f62ff8c69ec45ad8c6532a7e0c41d7a7d6f8c;7cfafc877eccc46c0e346ccbaa5c51bb6b894d2b818e617d970211e232785ad4;a60eea817514531668d7e00765731449fe14d059d3249e0bc93b36de45f759f2;d75967ce788187f83c3bd3328210974acfc443d4dc44909f1d7e34f21623a0c6		RESOLVED_DECLARATION_AND_TEXT
rustls-pki-types@1.12.0	registry+https://github.com/rust-lang/crates.io-index	229a4a4c221013e7e1f1a043678c5cc39fe5171437c88fb47151a21e6f5b5c79	Cargo.lock	MIT OR Apache-2.0		https://github.com/rustls/pki-types	crates.io/rustls-pki-types/1.12.0	45fd05c4865e7c350b98ad7ac50e1b15462d49af4a91e9b0c9dd933dc9a69742;9117d922e667125508dde62b02c1f57ed22f5ad21eb536aa2e2d99e1c796e639		RESOLVED_DECLARATION_AND_TEXT
rustls-platform-verifier-android@0.1.0	registry+https://github.com/rust-lang/crates.io-index	84e217e7fdc8466b5b35d30f8c0a30febd29173df4a3a0c2115d306b9c4117ad	Cargo.lock	MIT OR Apache-2.0		https://github.com/rustls/rustls-platform-verifier	crates.io/rustls-platform-verifier-android/0.1.0			RESOLVED_MANIFEST_DECLARATION_NO_ADJACENT_TEXT
rustls-platform-verifier@0.5.3	registry+https://github.com/rust-lang/crates.io-index	19787cda76408ec5404443dc8b31795c87cd8fec49762dc75fa727740d34acc1	Cargo.lock	MIT OR Apache-2.0	ComplexSpaces <complexspacescode@gmail.com>;1Password	https://github.com/rustls/rustls-platform-verifier	crates.io/rustls-platform-verifier/0.5.3	1c7cf76689c837a68ed8d704994e52a0f2940c087958f860d17f3186afbdcc0c;c71d239df91726fc519c6eb72d318ec65820627232b2f796219e87dcf35d0ab4		RESOLVED_DECLARATION_AND_TEXT
rustls-webpki@0.101.7	registry+https://github.com/rust-lang/crates.io-index	8b6275d1ee7a1cd780b64aca7726599a1dbc893b1e64144529e55c3c2f745765	Cargo.lock	ISC		https://github.com/rustls/webpki	crates.io/rustls-webpki/0.101.7	5b698ca13897be3afdb7174256fa1574f8c6892b8bea1a66dd6469d3fe27885a		RESOLVED_DECLARATION_AND_TEXT
rustls-webpki@0.103.13	registry+https://github.com/rust-lang/crates.io-index	61c429a8649f110dddef65e2a5ad240f747e85f7758a6bccc7e5777bd33f756e	Cargo.lock	ISC		https://github.com/rustls/webpki	crates.io/rustls-webpki/0.103.13	5b698ca13897be3afdb7174256fa1574f8c6892b8bea1a66dd6469d3fe27885a		RESOLVED_DECLARATION_AND_TEXT
rustls@0.23.34	registry+https://github.com/rust-lang/crates.io-index	6a9586e9ee2b4f8fab52a0048ca7334d7024eef48e2cb9407e3497bb7cab7fa7	Cargo.lock	Apache-2.0 OR ISC OR MIT		https://github.com/rustls/rustls	crates.io/rustls/0.23.34	709e3175b4212f7b13aa93971c9f62ff8c69ec45ad8c6532a7e0c41d7a7d6f8c;7cfafc877eccc46c0e346ccbaa5c51bb6b894d2b818e617d970211e232785ad4;a60eea817514531668d7e00765731449fe14d059d3249e0bc93b36de45f759f2		RESOLVED_DECLARATION_AND_TEXT
rustversion@1.0.22	registry+https://github.com/rust-lang/crates.io-index	b39cdef0fa800fc44525c84ccb54a029961a8215f9619753635a9c0d2538d46d	Cargo.lock	MIT OR Apache-2.0	David Tolnay <dtolnay@gmail.com>	https://github.com/dtolnay/rustversion	crates.io/rustversion/1.0.22	23f18e03dc49df91622fe2a76176497404e46ced8a715d9d2b67a7446571cca3;62c7a1e35f56406896d7aa7ca52d0cc0d272ac022b5d2796e7d6905db8a3636a		RESOLVED_DECLARATION_AND_TEXT
rusty-fork@0.3.0	registry+https://github.com/rust-lang/crates.io-index	cb3dcc6e454c328bb824492db107ab7c0ae8fcffe4ad210136ef014458c1bc4f	Cargo.lock	MIT/Apache-2.0	Jason Lingle	https://github.com/altsysrq/rusty-fork	crates.io/rusty-fork/0.3.0	a60eea817514531668d7e00765731449fe14d059d3249e0bc93b36de45f759f2;d8e0806926ce9f0a5030c382ecc0ffdf6de6fbea5c69a458435fd443fa7a5b92		RESOLVED_DECLARATION_AND_TEXT
ruzstd@0.6.0	registry+https://github.com/rust-lang/crates.io-index	5174a470eeb535a721ae9fdd6e291c2411a906b96592182d05217591d5c5cf7b	Cargo.lock	MIT	Moritz Borcherding <moritz.borcherding@web.de>	https://github.com/KillingSpark/zstd-rs	crates.io/ruzstd/0.6.0	d715eb0d9cfe1cc0cc22577e387436aa568b31ca272a7c837004dc0cdde925b5		RESOLVED_DECLARATION_AND_TEXT
rw-stream-sink@0.4.0	registry+https://github.com/rust-lang/crates.io-index	d8c9026ff5d2f23da5e45bbc283f156383001bfb09c4e44256d02c1a685fe9a1	Cargo.lock	MIT	Parity Technologies <admin@parity.io>	https://github.com/libp2p/rust-libp2p	crates.io/rw-stream-sink/0.4.0			RESOLVED_MANIFEST_DECLARATION_NO_ADJACENT_TEXT
ryu@1.0.20	registry+https://github.com/rust-lang/crates.io-index	28d3b2b1366ec20994f1fd18c3c594f05c5dd4bc44d8bb0c1c632c8d6829481f	Cargo.lock	Apache-2.0 OR BSL-1.0	David Tolnay <dtolnay@gmail.com>	https://github.com/dtolnay/ryu	crates.io/ryu/1.0.20	62c7a1e35f56406896d7aa7ca52d0cc0d272ac022b5d2796e7d6905db8a3636a;c9bff75738922193e67fa726fa225535870d2aa1059f91452c411736284ad566		RESOLVED_DECLARATION_AND_TEXT
safe_arch@0.7.4	registry+https://github.com/rust-lang/crates.io-index	96b02de82ddbe1b636e6170c21be622223aea188ef2e139be0a5b219ec215323	Cargo.lock	Zlib OR Apache-2.0 OR MIT	Lokathor <zefria@gmail.com>	https://github.com/Lokathor/safe_arch	crates.io/safe_arch/0.7.4	c43b9a9b1387ed53d2c49263838261129a010e280e3a174a792242c3e2c98db9;e3ba223bb1423f0aad8c3dfce0fe3148db48926d41e6fbc3afbbf5ff9e1c89cb;e57011537d230b14e790f6666dc00816f7b371ebbd7da8a12491e51086fec278		RESOLVED_DECLARATION_AND_TEXT
salsa20@0.10.2	registry+https://github.com/rust-lang/crates.io-index	97a22f5af31f73a954c10289c93e8a50cc23d971e80ee446f1f6f7137a088213	Cargo.lock	MIT OR Apache-2.0	RustCrypto Developers	https://github.com/RustCrypto/stream-ciphers	crates.io/salsa20/0.10.2	5f48cbaa21c857be3080d8e7bca0f55633a09c5fb7ba1ab3aa1360345a2bf525;a9040321c3712d8fd0b09cf52b17445de04a23a10165049ae187cd39e5c86be5		RESOLVED_DECLARATION_AND_TEXT
same-file@1.0.6	registry+https://github.com/rust-lang/crates.io-index	93fc1dc3aaa9bfed95e02e6eadabb4baf7e3078b0bd1b4d7b6b0b68378900502	Cargo.lock	Unlicense/MIT	Andrew Gallant <jamslam@gmail.com>	https://github.com/BurntSushi/same-file	crates.io/same-file/1.0.6	01c266bced4a434da0051174d6bee16a4c82cf634e2679b6155d40d75012390f;cb3c929a05e6cbc9de9ab06a4c57eeb60ca8c724bef6c138c87d3a577e27aa14		RESOLVED_DECLARATION_AND_TEXT
sc-allocator@32.0.0	git+https://github.com/paritytech/polkadot-sdk?tag=polkadot-v1.19.1#f3969c7ddd34985e6e709ed458bcc519f651682a	NO_CHECKSUM	Cargo.lock	Apache-2.0	Parity Technologies <admin@parity.io>	https://github.com/paritytech/polkadot-sdk.git	polkadot-sdk@f3969c7ddd34985e6e709ed458bcc519f651682a/substrate/client/allocator/Cargo.toml	aab56b4a581fc1c50b7c782eacf2fc8be05a47cd98e4bf4d836dd9b6dd9c86f4;e93d18cb209947d5e75300c9cd9043e1e680034bcd7df0635e1012cc8d8311ab		RESOLVED_DECLARATION_AND_TEXT
sc-authority-discovery@0.51.0	git+https://github.com/paritytech/polkadot-sdk?tag=polkadot-v1.19.1#f3969c7ddd34985e6e709ed458bcc519f651682a	NO_CHECKSUM	Cargo.lock	GPL-3.0-or-later WITH Classpath-exception-2.0	Parity Technologies <admin@parity.io>	https://github.com/paritytech/polkadot-sdk.git	polkadot-sdk@f3969c7ddd34985e6e709ed458bcc519f651682a/substrate/client/authority-discovery/Cargo.toml	aab56b4a581fc1c50b7c782eacf2fc8be05a47cd98e4bf4d836dd9b6dd9c86f4;e93d18cb209947d5e75300c9cd9043e1e680034bcd7df0635e1012cc8d8311ab		RESOLVED_DECLARATION_AND_TEXT
sc-basic-authorship@0.50.0	git+https://github.com/paritytech/polkadot-sdk?tag=polkadot-v1.19.1#f3969c7ddd34985e6e709ed458bcc519f651682a	NO_CHECKSUM	Cargo.lock	GPL-3.0-or-later WITH Classpath-exception-2.0	Parity Technologies <admin@parity.io>	https://github.com/paritytech/polkadot-sdk.git	polkadot-sdk@f3969c7ddd34985e6e709ed458bcc519f651682a/substrate/client/basic-authorship/Cargo.toml	aab56b4a581fc1c50b7c782eacf2fc8be05a47cd98e4bf4d836dd9b6dd9c86f4;e93d18cb209947d5e75300c9cd9043e1e680034bcd7df0635e1012cc8d8311ab		RESOLVED_DECLARATION_AND_TEXT
sc-block-builder@0.45.0	git+https://github.com/paritytech/polkadot-sdk?tag=polkadot-v1.19.1#f3969c7ddd34985e6e709ed458bcc519f651682a	NO_CHECKSUM	Cargo.lock	GPL-3.0-or-later WITH Classpath-exception-2.0	Parity Technologies <admin@parity.io>	https://github.com/paritytech/polkadot-sdk.git	polkadot-sdk@f3969c7ddd34985e6e709ed458bcc519f651682a/substrate/client/block-builder/Cargo.toml	aab56b4a581fc1c50b7c782eacf2fc8be05a47cd98e4bf4d836dd9b6dd9c86f4;e93d18cb209947d5e75300c9cd9043e1e680034bcd7df0635e1012cc8d8311ab		RESOLVED_DECLARATION_AND_TEXT
sc-chain-spec-derive@12.0.0	git+https://github.com/paritytech/polkadot-sdk?tag=polkadot-v1.19.1#f3969c7ddd34985e6e709ed458bcc519f651682a	NO_CHECKSUM	Cargo.lock	GPL-3.0-or-later WITH Classpath-exception-2.0	Parity Technologies <admin@parity.io>	https://github.com/paritytech/polkadot-sdk.git	polkadot-sdk@f3969c7ddd34985e6e709ed458bcc519f651682a/substrate/client/chain-spec/derive/Cargo.toml	aab56b4a581fc1c50b7c782eacf2fc8be05a47cd98e4bf4d836dd9b6dd9c86f4;e93d18cb209947d5e75300c9cd9043e1e680034bcd7df0635e1012cc8d8311ab		RESOLVED_DECLARATION_AND_TEXT
sc-chain-spec@44.0.0	git+https://github.com/paritytech/polkadot-sdk?tag=polkadot-v1.19.1#f3969c7ddd34985e6e709ed458bcc519f651682a	NO_CHECKSUM	Cargo.lock	GPL-3.0-or-later WITH Classpath-exception-2.0	Parity Technologies <admin@parity.io>	https://github.com/paritytech/polkadot-sdk.git	polkadot-sdk@f3969c7ddd34985e6e709ed458bcc519f651682a/substrate/client/chain-spec/Cargo.toml	aab56b4a581fc1c50b7c782eacf2fc8be05a47cd98e4bf4d836dd9b6dd9c86f4;e93d18cb209947d5e75300c9cd9043e1e680034bcd7df0635e1012cc8d8311ab		RESOLVED_DECLARATION_AND_TEXT
sc-cli@0.53.1	git+https://github.com/paritytech/polkadot-sdk?tag=polkadot-v1.19.1#f3969c7ddd34985e6e709ed458bcc519f651682a	NO_CHECKSUM	Cargo.lock	GPL-3.0-or-later WITH Classpath-exception-2.0	Parity Technologies <admin@parity.io>	https://github.com/paritytech/polkadot-sdk.git	polkadot-sdk@f3969c7ddd34985e6e709ed458bcc519f651682a/substrate/client/cli/Cargo.toml	aab56b4a581fc1c50b7c782eacf2fc8be05a47cd98e4bf4d836dd9b6dd9c86f4;e93d18cb209947d5e75300c9cd9043e1e680034bcd7df0635e1012cc8d8311ab		RESOLVED_DECLARATION_AND_TEXT
sc-client-api@40.0.0	git+https://github.com/paritytech/polkadot-sdk?tag=polkadot-v1.19.1#f3969c7ddd34985e6e709ed458bcc519f651682a	NO_CHECKSUM	Cargo.lock	GPL-3.0-or-later WITH Classpath-exception-2.0	Parity Technologies <admin@parity.io>	https://github.com/paritytech/polkadot-sdk.git	polkadot-sdk@f3969c7ddd34985e6e709ed458bcc519f651682a/substrate/client/api/Cargo.toml	aab56b4a581fc1c50b7c782eacf2fc8be05a47cd98e4bf4d836dd9b6dd9c86f4;e93d18cb209947d5e75300c9cd9043e1e680034bcd7df0635e1012cc8d8311ab		RESOLVED_DECLARATION_AND_TEXT
sc-client-db@0.47.0	git+https://github.com/paritytech/polkadot-sdk?tag=polkadot-v1.19.1#f3969c7ddd34985e6e709ed458bcc519f651682a	NO_CHECKSUM	Cargo.lock	GPL-3.0-or-later WITH Classpath-exception-2.0	Parity Technologies <admin@parity.io>	https://github.com/paritytech/polkadot-sdk.git	polkadot-sdk@f3969c7ddd34985e6e709ed458bcc519f651682a/substrate/client/db/Cargo.toml	aab56b4a581fc1c50b7c782eacf2fc8be05a47cd98e4bf4d836dd9b6dd9c86f4;e93d18cb209947d5e75300c9cd9043e1e680034bcd7df0635e1012cc8d8311ab		RESOLVED_DECLARATION_AND_TEXT
sc-consensus-babe@0.51.0	git+https://github.com/paritytech/polkadot-sdk?tag=polkadot-v1.19.1#f3969c7ddd34985e6e709ed458bcc519f651682a	NO_CHECKSUM	Cargo.lock	GPL-3.0-or-later WITH Classpath-exception-2.0	Parity Technologies <admin@parity.io>	https://github.com/paritytech/polkadot-sdk.git	polkadot-sdk@f3969c7ddd34985e6e709ed458bcc519f651682a/substrate/client/consensus/babe/Cargo.toml	aab56b4a581fc1c50b7c782eacf2fc8be05a47cd98e4bf4d836dd9b6dd9c86f4;e93d18cb209947d5e75300c9cd9043e1e680034bcd7df0635e1012cc8d8311ab		RESOLVED_DECLARATION_AND_TEXT
sc-consensus-epochs@0.50.0	git+https://github.com/paritytech/polkadot-sdk?tag=polkadot-v1.19.1#f3969c7ddd34985e6e709ed458bcc519f651682a	NO_CHECKSUM	Cargo.lock	GPL-3.0-or-later WITH Classpath-exception-2.0	Parity Technologies <admin@parity.io>	https://github.com/paritytech/polkadot-sdk.git	polkadot-sdk@f3969c7ddd34985e6e709ed458bcc519f651682a/substrate/client/consensus/epochs/Cargo.toml	aab56b4a581fc1c50b7c782eacf2fc8be05a47cd98e4bf4d836dd9b6dd9c86f4;e93d18cb209947d5e75300c9cd9043e1e680034bcd7df0635e1012cc8d8311ab		RESOLVED_DECLARATION_AND_TEXT
sc-consensus-grandpa@0.36.0	git+https://github.com/paritytech/polkadot-sdk?tag=polkadot-v1.19.1#f3969c7ddd34985e6e709ed458bcc519f651682a	NO_CHECKSUM	Cargo.lock	GPL-3.0-or-later WITH Classpath-exception-2.0	Parity Technologies <admin@parity.io>	https://github.com/paritytech/polkadot-sdk.git	polkadot-sdk@f3969c7ddd34985e6e709ed458bcc519f651682a/substrate/client/consensus/grandpa/Cargo.toml	aab56b4a581fc1c50b7c782eacf2fc8be05a47cd98e4bf4d836dd9b6dd9c86f4;e93d18cb209947d5e75300c9cd9043e1e680034bcd7df0635e1012cc8d8311ab		RESOLVED_DECLARATION_AND_TEXT
sc-consensus-slots@0.50.0	git+https://github.com/paritytech/polkadot-sdk?tag=polkadot-v1.19.1#f3969c7ddd34985e6e709ed458bcc519f651682a	NO_CHECKSUM	Cargo.lock	GPL-3.0-or-later WITH Classpath-exception-2.0	Parity Technologies <admin@parity.io>	https://github.com/paritytech/polkadot-sdk.git	polkadot-sdk@f3969c7ddd34985e6e709ed458bcc519f651682a/substrate/client/consensus/slots/Cargo.toml	aab56b4a581fc1c50b7c782eacf2fc8be05a47cd98e4bf4d836dd9b6dd9c86f4;e93d18cb209947d5e75300c9cd9043e1e680034bcd7df0635e1012cc8d8311ab		RESOLVED_DECLARATION_AND_TEXT
sc-consensus@0.50.0	git+https://github.com/paritytech/polkadot-sdk?tag=polkadot-v1.19.1#f3969c7ddd34985e6e709ed458bcc519f651682a	NO_CHECKSUM	Cargo.lock	GPL-3.0-or-later WITH Classpath-exception-2.0	Parity Technologies <admin@parity.io>	https://github.com/paritytech/polkadot-sdk.git	polkadot-sdk@f3969c7ddd34985e6e709ed458bcc519f651682a/substrate/client/consensus/common/Cargo.toml	aab56b4a581fc1c50b7c782eacf2fc8be05a47cd98e4bf4d836dd9b6dd9c86f4;e93d18cb209947d5e75300c9cd9043e1e680034bcd7df0635e1012cc8d8311ab		RESOLVED_DECLARATION_AND_TEXT
sc-executor-common@0.39.0	git+https://github.com/paritytech/polkadot-sdk?tag=polkadot-v1.19.1#f3969c7ddd34985e6e709ed458bcc519f651682a	NO_CHECKSUM	Cargo.lock	GPL-3.0-or-later WITH Classpath-exception-2.0	Parity Technologies <admin@parity.io>	https://github.com/paritytech/polkadot-sdk.git	polkadot-sdk@f3969c7ddd34985e6e709ed458bcc519f651682a/substrate/client/executor/common/Cargo.toml	aab56b4a581fc1c50b7c782eacf2fc8be05a47cd98e4bf4d836dd9b6dd9c86f4;e93d18cb209947d5e75300c9cd9043e1e680034bcd7df0635e1012cc8d8311ab		RESOLVED_DECLARATION_AND_TEXT
sc-executor-polkavm@0.36.0	git+https://github.com/paritytech/polkadot-sdk?tag=polkadot-v1.19.1#f3969c7ddd34985e6e709ed458bcc519f651682a	NO_CHECKSUM	Cargo.lock	GPL-3.0-or-later WITH Classpath-exception-2.0	Parity Technologies <admin@parity.io>	https://github.com/paritytech/polkadot-sdk.git	polkadot-sdk@f3969c7ddd34985e6e709ed458bcc519f651682a/substrate/client/executor/polkavm/Cargo.toml	aab56b4a581fc1c50b7c782eacf2fc8be05a47cd98e4bf4d836dd9b6dd9c86f4;e93d18cb209947d5e75300c9cd9043e1e680034bcd7df0635e1012cc8d8311ab		RESOLVED_DECLARATION_AND_TEXT
sc-executor-wasmtime@0.39.0	git+https://github.com/paritytech/polkadot-sdk?tag=polkadot-v1.19.1#f3969c7ddd34985e6e709ed458bcc519f651682a	NO_CHECKSUM	Cargo.lock	GPL-3.0-or-later WITH Classpath-exception-2.0	Parity Technologies <admin@parity.io>	https://github.com/paritytech/polkadot-sdk.git	polkadot-sdk@f3969c7ddd34985e6e709ed458bcc519f651682a/substrate/client/executor/wasmtime/Cargo.toml	aab56b4a581fc1c50b7c782eacf2fc8be05a47cd98e4bf4d836dd9b6dd9c86f4;e93d18cb209947d5e75300c9cd9043e1e680034bcd7df0635e1012cc8d8311ab		RESOLVED_DECLARATION_AND_TEXT
sc-executor@0.43.0	git+https://github.com/paritytech/polkadot-sdk?tag=polkadot-v1.19.1#f3969c7ddd34985e6e709ed458bcc519f651682a	NO_CHECKSUM	Cargo.lock	GPL-3.0-or-later WITH Classpath-exception-2.0	Parity Technologies <admin@parity.io>	https://github.com/paritytech/polkadot-sdk.git	polkadot-sdk@f3969c7ddd34985e6e709ed458bcc519f651682a/substrate/client/executor/Cargo.toml	aab56b4a581fc1c50b7c782eacf2fc8be05a47cd98e4bf4d836dd9b6dd9c86f4;e93d18cb209947d5e75300c9cd9043e1e680034bcd7df0635e1012cc8d8311ab		RESOLVED_DECLARATION_AND_TEXT
sc-informant@0.50.0	git+https://github.com/paritytech/polkadot-sdk?tag=polkadot-v1.19.1#f3969c7ddd34985e6e709ed458bcc519f651682a	NO_CHECKSUM	Cargo.lock	GPL-3.0-or-later WITH Classpath-exception-2.0	Parity Technologies <admin@parity.io>	https://github.com/paritytech/polkadot-sdk.git	polkadot-sdk@f3969c7ddd34985e6e709ed458bcc519f651682a/substrate/client/informant/Cargo.toml	aab56b4a581fc1c50b7c782eacf2fc8be05a47cd98e4bf4d836dd9b6dd9c86f4;e93d18cb209947d5e75300c9cd9043e1e680034bcd7df0635e1012cc8d8311ab		RESOLVED_DECLARATION_AND_TEXT
sc-keystore@36.0.0	git+https://github.com/paritytech/polkadot-sdk?tag=polkadot-v1.19.1#f3969c7ddd34985e6e709ed458bcc519f651682a	NO_CHECKSUM	Cargo.lock	GPL-3.0-or-later WITH Classpath-exception-2.0	Parity Technologies <admin@parity.io>	https://github.com/paritytech/polkadot-sdk.git	polkadot-sdk@f3969c7ddd34985e6e709ed458bcc519f651682a/substrate/client/keystore/Cargo.toml	aab56b4a581fc1c50b7c782eacf2fc8be05a47cd98e4bf4d836dd9b6dd9c86f4;e93d18cb209947d5e75300c9cd9043e1e680034bcd7df0635e1012cc8d8311ab		RESOLVED_DECLARATION_AND_TEXT
sc-mixnet@0.21.0	git+https://github.com/paritytech/polkadot-sdk?tag=polkadot-v1.19.1#f3969c7ddd34985e6e709ed458bcc519f651682a	NO_CHECKSUM	Cargo.lock	GPL-3.0-or-later WITH Classpath-exception-2.0	Parity Technologies <admin@parity.io>	https://github.com/paritytech/substrate/	polkadot-sdk@f3969c7ddd34985e6e709ed458bcc519f651682a/substrate/client/mixnet/Cargo.toml	aab56b4a581fc1c50b7c782eacf2fc8be05a47cd98e4bf4d836dd9b6dd9c86f4;e93d18cb209947d5e75300c9cd9043e1e680034bcd7df0635e1012cc8d8311ab		RESOLVED_DECLARATION_AND_TEXT
sc-network-common@0.49.0	git+https://github.com/paritytech/polkadot-sdk?tag=polkadot-v1.19.1#f3969c7ddd34985e6e709ed458bcc519f651682a	NO_CHECKSUM	Cargo.lock	GPL-3.0-or-later WITH Classpath-exception-2.0	Parity Technologies <admin@parity.io>	https://github.com/paritytech/polkadot-sdk.git	polkadot-sdk@f3969c7ddd34985e6e709ed458bcc519f651682a/substrate/client/network/common/Cargo.toml	aab56b4a581fc1c50b7c782eacf2fc8be05a47cd98e4bf4d836dd9b6dd9c86f4;e93d18cb209947d5e75300c9cd9043e1e680034bcd7df0635e1012cc8d8311ab		RESOLVED_DECLARATION_AND_TEXT
sc-network-gossip@0.51.0	git+https://github.com/paritytech/polkadot-sdk?tag=polkadot-v1.19.1#f3969c7ddd34985e6e709ed458bcc519f651682a	NO_CHECKSUM	Cargo.lock	GPL-3.0-or-later WITH Classpath-exception-2.0	Parity Technologies <admin@parity.io>	https://github.com/paritytech/polkadot-sdk.git	polkadot-sdk@f3969c7ddd34985e6e709ed458bcc519f651682a/substrate/client/network-gossip/Cargo.toml	aab56b4a581fc1c50b7c782eacf2fc8be05a47cd98e4bf4d836dd9b6dd9c86f4;e93d18cb209947d5e75300c9cd9043e1e680034bcd7df0635e1012cc8d8311ab		RESOLVED_DECLARATION_AND_TEXT
sc-network-light@0.50.0	git+https://github.com/paritytech/polkadot-sdk?tag=polkadot-v1.19.1#f3969c7ddd34985e6e709ed458bcc519f651682a	NO_CHECKSUM	Cargo.lock	GPL-3.0-or-later WITH Classpath-exception-2.0	Parity Technologies <admin@parity.io>	https://github.com/paritytech/polkadot-sdk.git	polkadot-sdk@f3969c7ddd34985e6e709ed458bcc519f651682a/substrate/client/network/light/Cargo.toml	aab56b4a581fc1c50b7c782eacf2fc8be05a47cd98e4bf4d836dd9b6dd9c86f4;e93d18cb209947d5e75300c9cd9043e1e680034bcd7df0635e1012cc8d8311ab		RESOLVED_DECLARATION_AND_TEXT
sc-network-sync@0.50.0	git+https://github.com/paritytech/polkadot-sdk?tag=polkadot-v1.19.1#f3969c7ddd34985e6e709ed458bcc519f651682a	NO_CHECKSUM	Cargo.lock	GPL-3.0-or-later WITH Classpath-exception-2.0	Parity Technologies <admin@parity.io>	https://github.com/paritytech/polkadot-sdk.git	polkadot-sdk@f3969c7ddd34985e6e709ed458bcc519f651682a/substrate/client/network/sync/Cargo.toml	aab56b4a581fc1c50b7c782eacf2fc8be05a47cd98e4bf4d836dd9b6dd9c86f4;e93d18cb209947d5e75300c9cd9043e1e680034bcd7df0635e1012cc8d8311ab		RESOLVED_DECLARATION_AND_TEXT
sc-network-transactions@0.50.0	git+https://github.com/paritytech/polkadot-sdk?tag=polkadot-v1.19.1#f3969c7ddd34985e6e709ed458bcc519f651682a	NO_CHECKSUM	Cargo.lock	GPL-3.0-or-later WITH Classpath-exception-2.0	Parity Technologies <admin@parity.io>	https://github.com/paritytech/polkadot-sdk.git	polkadot-sdk@f3969c7ddd34985e6e709ed458bcc519f651682a/substrate/client/network/transactions/Cargo.toml	aab56b4a581fc1c50b7c782eacf2fc8be05a47cd98e4bf4d836dd9b6dd9c86f4;e93d18cb209947d5e75300c9cd9043e1e680034bcd7df0635e1012cc8d8311ab		RESOLVED_DECLARATION_AND_TEXT
sc-network-types@0.17.0	git+https://github.com/paritytech/polkadot-sdk?tag=polkadot-v1.19.1#f3969c7ddd34985e6e709ed458bcc519f651682a	NO_CHECKSUM	Cargo.lock	GPL-3.0-or-later WITH Classpath-exception-2.0	Parity Technologies <admin@parity.io>	https://github.com/paritytech/polkadot-sdk.git	polkadot-sdk@f3969c7ddd34985e6e709ed458bcc519f651682a/substrate/client/network/types/Cargo.toml	aab56b4a581fc1c50b7c782eacf2fc8be05a47cd98e4bf4d836dd9b6dd9c86f4;e93d18cb209947d5e75300c9cd9043e1e680034bcd7df0635e1012cc8d8311ab		RESOLVED_DECLARATION_AND_TEXT
sc-network@0.51.1	git+https://github.com/paritytech/polkadot-sdk?tag=polkadot-v1.19.1#f3969c7ddd34985e6e709ed458bcc519f651682a	NO_CHECKSUM	Cargo.lock	GPL-3.0-or-later WITH Classpath-exception-2.0	Parity Technologies <admin@parity.io>	https://github.com/paritytech/polkadot-sdk.git	polkadot-sdk@f3969c7ddd34985e6e709ed458bcc519f651682a/substrate/client/network/Cargo.toml	aab56b4a581fc1c50b7c782eacf2fc8be05a47cd98e4bf4d836dd9b6dd9c86f4;e93d18cb209947d5e75300c9cd9043e1e680034bcd7df0635e1012cc8d8311ab		RESOLVED_DECLARATION_AND_TEXT
sc-offchain@46.0.0	git+https://github.com/paritytech/polkadot-sdk?tag=polkadot-v1.19.1#f3969c7ddd34985e6e709ed458bcc519f651682a	NO_CHECKSUM	Cargo.lock	GPL-3.0-or-later WITH Classpath-exception-2.0	Parity Technologies <admin@parity.io>	https://github.com/paritytech/polkadot-sdk.git	polkadot-sdk@f3969c7ddd34985e6e709ed458bcc519f651682a/substrate/client/offchain/Cargo.toml	aab56b4a581fc1c50b7c782eacf2fc8be05a47cd98e4bf4d836dd9b6dd9c86f4;e93d18cb209947d5e75300c9cd9043e1e680034bcd7df0635e1012cc8d8311ab		RESOLVED_DECLARATION_AND_TEXT
sc-proposer-metrics@0.20.0	git+https://github.com/paritytech/polkadot-sdk?tag=polkadot-v1.19.1#f3969c7ddd34985e6e709ed458bcc519f651682a	NO_CHECKSUM	Cargo.lock	GPL-3.0-or-later WITH Classpath-exception-2.0	Parity Technologies <admin@parity.io>	https://github.com/paritytech/polkadot-sdk.git	polkadot-sdk@f3969c7ddd34985e6e709ed458bcc519f651682a/substrate/client/proposer-metrics/Cargo.toml	aab56b4a581fc1c50b7c782eacf2fc8be05a47cd98e4bf4d836dd9b6dd9c86f4;e93d18cb209947d5e75300c9cd9043e1e680034bcd7df0635e1012cc8d8311ab		RESOLVED_DECLARATION_AND_TEXT
sc-rpc-api@0.50.0	git+https://github.com/paritytech/polkadot-sdk?tag=polkadot-v1.19.1#f3969c7ddd34985e6e709ed458bcc519f651682a	NO_CHECKSUM	Cargo.lock	GPL-3.0-or-later WITH Classpath-exception-2.0	Parity Technologies <admin@parity.io>	https://github.com/paritytech/polkadot-sdk.git	polkadot-sdk@f3969c7ddd34985e6e709ed458bcc519f651682a/substrate/client/rpc-api/Cargo.toml	aab56b4a581fc1c50b7c782eacf2fc8be05a47cd98e4bf4d836dd9b6dd9c86f4;e93d18cb209947d5e75300c9cd9043e1e680034bcd7df0635e1012cc8d8311ab		RESOLVED_DECLARATION_AND_TEXT
sc-rpc-server@23.0.0	git+https://github.com/paritytech/polkadot-sdk?tag=polkadot-v1.19.1#f3969c7ddd34985e6e709ed458bcc519f651682a	NO_CHECKSUM	Cargo.lock	GPL-3.0-or-later WITH Classpath-exception-2.0	Parity Technologies <admin@parity.io>	https://github.com/paritytech/polkadot-sdk.git	polkadot-sdk@f3969c7ddd34985e6e709ed458bcc519f651682a/substrate/client/rpc-servers/Cargo.toml	aab56b4a581fc1c50b7c782eacf2fc8be05a47cd98e4bf4d836dd9b6dd9c86f4;e93d18cb209947d5e75300c9cd9043e1e680034bcd7df0635e1012cc8d8311ab		RESOLVED_DECLARATION_AND_TEXT
sc-rpc-spec-v2@0.51.0	git+https://github.com/paritytech/polkadot-sdk?tag=polkadot-v1.19.1#f3969c7ddd34985e6e709ed458bcc519f651682a	NO_CHECKSUM	Cargo.lock	GPL-3.0-or-later WITH Classpath-exception-2.0	Parity Technologies <admin@parity.io>	https://github.com/paritytech/polkadot-sdk.git	polkadot-sdk@f3969c7ddd34985e6e709ed458bcc519f651682a/substrate/client/rpc-spec-v2/Cargo.toml	aab56b4a581fc1c50b7c782eacf2fc8be05a47cd98e4bf4d836dd9b6dd9c86f4;e93d18cb209947d5e75300c9cd9043e1e680034bcd7df0635e1012cc8d8311ab		RESOLVED_DECLARATION_AND_TEXT
sc-rpc@46.0.0	git+https://github.com/paritytech/polkadot-sdk?tag=polkadot-v1.19.1#f3969c7ddd34985e6e709ed458bcc519f651682a	NO_CHECKSUM	Cargo.lock	GPL-3.0-or-later WITH Classpath-exception-2.0	Parity Technologies <admin@parity.io>	https://github.com/paritytech/polkadot-sdk.git	polkadot-sdk@f3969c7ddd34985e6e709ed458bcc519f651682a/substrate/client/rpc/Cargo.toml	aab56b4a581fc1c50b7c782eacf2fc8be05a47cd98e4bf4d836dd9b6dd9c86f4;e93d18cb209947d5e75300c9cd9043e1e680034bcd7df0635e1012cc8d8311ab		RESOLVED_DECLARATION_AND_TEXT
sc-runtime-utilities@0.3.0	git+https://github.com/paritytech/polkadot-sdk?tag=polkadot-v1.19.1#f3969c7ddd34985e6e709ed458bcc519f651682a	NO_CHECKSUM	Cargo.lock	GPL-3.0-or-later WITH Classpath-exception-2.0	Era Contributors	{'workspace': True}	polkadot-sdk@f3969c7ddd34985e6e709ed458bcc519f651682a/substrate/client/runtime-utilities/Cargo.toml	aab56b4a581fc1c50b7c782eacf2fc8be05a47cd98e4bf4d836dd9b6dd9c86f4;e93d18cb209947d5e75300c9cd9043e1e680034bcd7df0635e1012cc8d8311ab		RESOLVED_DECLARATION_AND_TEXT
sc-service@0.52.0	git+https://github.com/paritytech/polkadot-sdk?tag=polkadot-v1.19.1#f3969c7ddd34985e6e709ed458bcc519f651682a	NO_CHECKSUM	Cargo.lock	GPL-3.0-or-later WITH Classpath-exception-2.0	Parity Technologies <admin@parity.io>	https://github.com/paritytech/polkadot-sdk.git	polkadot-sdk@f3969c7ddd34985e6e709ed458bcc519f651682a/substrate/client/service/Cargo.toml	aab56b4a581fc1c50b7c782eacf2fc8be05a47cd98e4bf4d836dd9b6dd9c86f4;e93d18cb209947d5e75300c9cd9043e1e680034bcd7df0635e1012cc8d8311ab		RESOLVED_DECLARATION_AND_TEXT
sc-state-db@0.39.0	git+https://github.com/paritytech/polkadot-sdk?tag=polkadot-v1.19.1#f3969c7ddd34985e6e709ed458bcc519f651682a	NO_CHECKSUM	Cargo.lock	GPL-3.0-or-later WITH Classpath-exception-2.0	Parity Technologies <admin@parity.io>	https://github.com/paritytech/polkadot-sdk.git	polkadot-sdk@f3969c7ddd34985e6e709ed458bcc519f651682a/substrate/client/state-db/Cargo.toml	aab56b4a581fc1c50b7c782eacf2fc8be05a47cd98e4bf4d836dd9b6dd9c86f4;e93d18cb209947d5e75300c9cd9043e1e680034bcd7df0635e1012cc8d8311ab		RESOLVED_DECLARATION_AND_TEXT
sc-sysinfo@43.0.0	git+https://github.com/paritytech/polkadot-sdk?tag=polkadot-v1.19.1#f3969c7ddd34985e6e709ed458bcc519f651682a	NO_CHECKSUM	Cargo.lock	GPL-3.0-or-later WITH Classpath-exception-2.0	Parity Technologies <admin@parity.io>	https://github.com/paritytech/polkadot-sdk.git	polkadot-sdk@f3969c7ddd34985e6e709ed458bcc519f651682a/substrate/client/sysinfo/Cargo.toml	aab56b4a581fc1c50b7c782eacf2fc8be05a47cd98e4bf4d836dd9b6dd9c86f4;e93d18cb209947d5e75300c9cd9043e1e680034bcd7df0635e1012cc8d8311ab		RESOLVED_DECLARATION_AND_TEXT
sc-telemetry@29.0.0	git+https://github.com/paritytech/polkadot-sdk?tag=polkadot-v1.19.1#f3969c7ddd34985e6e709ed458bcc519f651682a	NO_CHECKSUM	Cargo.lock	GPL-3.0-or-later WITH Classpath-exception-2.0	Parity Technologies <admin@parity.io>	https://github.com/paritytech/polkadot-sdk.git	polkadot-sdk@f3969c7ddd34985e6e709ed458bcc519f651682a/substrate/client/telemetry/Cargo.toml	aab56b4a581fc1c50b7c782eacf2fc8be05a47cd98e4bf4d836dd9b6dd9c86f4;e93d18cb209947d5e75300c9cd9043e1e680034bcd7df0635e1012cc8d8311ab		RESOLVED_DECLARATION_AND_TEXT
sc-tracing-proc-macro@11.1.0	git+https://github.com/paritytech/polkadot-sdk?tag=polkadot-v1.19.1#f3969c7ddd34985e6e709ed458bcc519f651682a	NO_CHECKSUM	Cargo.lock	Apache-2.0	Parity Technologies <admin@parity.io>	https://github.com/paritytech/polkadot-sdk.git	polkadot-sdk@f3969c7ddd34985e6e709ed458bcc519f651682a/substrate/client/tracing/proc-macro/Cargo.toml	aab56b4a581fc1c50b7c782eacf2fc8be05a47cd98e4bf4d836dd9b6dd9c86f4;e93d18cb209947d5e75300c9cd9043e1e680034bcd7df0635e1012cc8d8311ab		RESOLVED_DECLARATION_AND_TEXT
sc-tracing@40.0.0	git+https://github.com/paritytech/polkadot-sdk?tag=polkadot-v1.19.1#f3969c7ddd34985e6e709ed458bcc519f651682a	NO_CHECKSUM	Cargo.lock	GPL-3.0-or-later WITH Classpath-exception-2.0	Parity Technologies <admin@parity.io>	https://github.com/paritytech/polkadot-sdk.git	polkadot-sdk@f3969c7ddd34985e6e709ed458bcc519f651682a/substrate/client/tracing/Cargo.toml	aab56b4a581fc1c50b7c782eacf2fc8be05a47cd98e4bf4d836dd9b6dd9c86f4;e93d18cb209947d5e75300c9cd9043e1e680034bcd7df0635e1012cc8d8311ab		RESOLVED_DECLARATION_AND_TEXT
sc-transaction-pool-api@40.0.0	git+https://github.com/paritytech/polkadot-sdk?tag=polkadot-v1.19.1#f3969c7ddd34985e6e709ed458bcc519f651682a	NO_CHECKSUM	Cargo.lock	GPL-3.0-or-later WITH Classpath-exception-2.0	Parity Technologies <admin@parity.io>	https://github.com/paritytech/polkadot-sdk.git	polkadot-sdk@f3969c7ddd34985e6e709ed458bcc519f651682a/substrate/client/transaction-pool/api/Cargo.toml	aab56b4a581fc1c50b7c782eacf2fc8be05a47cd98e4bf4d836dd9b6dd9c86f4;e93d18cb209947d5e75300c9cd9043e1e680034bcd7df0635e1012cc8d8311ab		RESOLVED_DECLARATION_AND_TEXT
sc-transaction-pool@40.1.0	git+https://github.com/paritytech/polkadot-sdk?tag=polkadot-v1.19.1#f3969c7ddd34985e6e709ed458bcc519f651682a	NO_CHECKSUM	Cargo.lock	GPL-3.0-or-later WITH Classpath-exception-2.0	Parity Technologies <admin@parity.io>	https://github.com/paritytech/polkadot-sdk.git	polkadot-sdk@f3969c7ddd34985e6e709ed458bcc519f651682a/substrate/client/transaction-pool/Cargo.toml	aab56b4a581fc1c50b7c782eacf2fc8be05a47cd98e4bf4d836dd9b6dd9c86f4;e93d18cb209947d5e75300c9cd9043e1e680034bcd7df0635e1012cc8d8311ab		RESOLVED_DECLARATION_AND_TEXT
sc-utils@19.0.0	git+https://github.com/paritytech/polkadot-sdk?tag=polkadot-v1.19.1#f3969c7ddd34985e6e709ed458bcc519f651682a	NO_CHECKSUM	Cargo.lock	Apache-2.0	Parity Technologies <admin@parity.io>	https://github.com/paritytech/polkadot-sdk.git	polkadot-sdk@f3969c7ddd34985e6e709ed458bcc519f651682a/substrate/client/utils/Cargo.toml	aab56b4a581fc1c50b7c782eacf2fc8be05a47cd98e4bf4d836dd9b6dd9c86f4;e93d18cb209947d5e75300c9cd9043e1e680034bcd7df0635e1012cc8d8311ab		RESOLVED_DECLARATION_AND_TEXT
scale-bits@0.7.0	registry+https://github.com/rust-lang/crates.io-index	27243ab0d2d6235072b017839c5f0cd1a3b1ce45c0f7a715363b0c7d36c76c94	Cargo.lock	Apache-2.0	Parity Technologies <admin@parity.io>	https://github.com/paritytech/scale-bits	crates.io/scale-bits/0.7.0	c95bae1d1ce0235ecccd3560b772ec1efb97f348a79f0fbe0a634f0c2ccefe2c		RESOLVED_DECLARATION_AND_TEXT
scale-decode-derive@0.16.0	registry+https://github.com/rust-lang/crates.io-index	2f4b54a1211260718b92832b661025d1f1a4b6930fbadd6908e00edd265fa5f7	Cargo.lock	Apache-2.0	Parity Technologies <admin@parity.io>	https://github.com/paritytech/scale-decode	crates.io/scale-decode-derive/0.16.0			RESOLVED_MANIFEST_DECLARATION_NO_ADJACENT_TEXT
scale-decode@0.16.0	registry+https://github.com/rust-lang/crates.io-index	4d78196772d25b90a98046794ce0fe2588b39ebdfbdc1e45b4c6c85dd43bebad	Cargo.lock	Apache-2.0	Parity Technologies <admin@parity.io>	https://github.com/paritytech/scale-decode	crates.io/scale-decode/0.16.0			RESOLVED_MANIFEST_DECLARATION_NO_ADJACENT_TEXT
scale-encode-derive@0.10.0	registry+https://github.com/rust-lang/crates.io-index	78a3993a13b4eafa89350604672c8757b7ea84c7c5947d4b3691e3169c96379b	Cargo.lock	Apache-2.0	Parity Technologies <admin@parity.io>	https://github.com/paritytech/scale-encode	crates.io/scale-encode-derive/0.10.0			RESOLVED_MANIFEST_DECLARATION_NO_ADJACENT_TEXT
scale-encode@0.10.0	registry+https://github.com/rust-lang/crates.io-index	64901733157f9d25ef86843bd783eda439fac7efb0ad5a615d12d2cf3a29464b	Cargo.lock	Apache-2.0	Parity Technologies <admin@parity.io>	https://github.com/paritytech/scale-encode	crates.io/scale-encode/0.10.0			RESOLVED_MANIFEST_DECLARATION_NO_ADJACENT_TEXT
scale-info-derive@2.11.6	registry+https://github.com/rust-lang/crates.io-index	c6630024bf739e2179b91fb424b28898baf819414262c5d376677dbff1fe7ebf	Cargo.lock	Apache-2.0	Parity Technologies <admin@parity.io>;Centrality Developers <support@centrality.ai>	https://github.com/paritytech/scale-info	crates.io/scale-info-derive/2.11.6			RESOLVED_MANIFEST_DECLARATION_NO_ADJACENT_TEXT
scale-info@2.11.6	registry+https://github.com/rust-lang/crates.io-index	346a3b32eba2640d17a9cb5927056b08f3de90f65b72fe09402c2ad07d684d0b	Cargo.lock	Apache-2.0	Parity Technologies <admin@parity.io>;Centrality Developers <support@centrality.ai>	https://github.com/paritytech/scale-info	crates.io/scale-info/2.11.6	c95bae1d1ce0235ecccd3560b772ec1efb97f348a79f0fbe0a634f0c2ccefe2c		RESOLVED_DECLARATION_AND_TEXT
scale-type-resolver@0.2.0	registry+https://github.com/rust-lang/crates.io-index	f0cded6518aa0bd6c1be2b88ac81bf7044992f0f154bfbabd5ad34f43512abcb	Cargo.lock	Apache-2.0	Parity Technologies <admin@parity.io>	https://github.com/paritytech/scale-type-resolver	crates.io/scale-type-resolver/0.2.0	c95bae1d1ce0235ecccd3560b772ec1efb97f348a79f0fbe0a634f0c2ccefe2c		RESOLVED_DECLARATION_AND_TEXT
scale-typegen@0.11.1	registry+https://github.com/rust-lang/crates.io-index	05c61b6b706a3eaad63b506ab50a1d2319f817ae01cf753adcc3f055f9f0fcd6	Cargo.lock	Apache-2.0	Parity Technologies <admin@parity.io>	https://github.com/paritytech/scale-typegen	crates.io/scale-typegen/0.11.1			RESOLVED_MANIFEST_DECLARATION_NO_ADJACENT_TEXT
scale-value@0.18.1	registry+https://github.com/rust-lang/crates.io-index	884aab179aba344c67ddcd1d7dd8e3f8fee202f2e570d97ec34ec8688442a5b3	Cargo.lock	Apache-2.0	Parity Technologies <admin@parity.io>	https://github.com/paritytech/scale-value	crates.io/scale-value/0.18.1	c95bae1d1ce0235ecccd3560b772ec1efb97f348a79f0fbe0a634f0c2ccefe2c		RESOLVED_DECLARATION_AND_TEXT
schannel@0.1.28	registry+https://github.com/rust-lang/crates.io-index	891d81b926048e76efe18581bf793546b4c0eaf8448d72be8de2bbee5fd166e1	Cargo.lock	MIT	Steven Fackler <sfackler@gmail.com>;Steffen Butzer <steffen.butzer@outlook.com>	https://github.com/steffengy/schannel-rs	crates.io/schannel/0.1.28	aa72991ac35b4de0034da0afe943e62b48c4092fc2ba13ae47806d8e9a4ad551		RESOLVED_DECLARATION_AND_TEXT
schnellru@0.2.4	registry+https://github.com/rust-lang/crates.io-index	356285bbf17bea63d9e52e96bd18f039672ac92b55b8cb997d6162a2a37d1649	Cargo.lock	MIT/Apache-2.0	Jan Bujak <j@exia.io>	https://github.com/koute/schnellru	crates.io/schnellru/0.2.4	23f18e03dc49df91622fe2a76176497404e46ced8a715d9d2b67a7446571cca3;a60eea817514531668d7e00765731449fe14d059d3249e0bc93b36de45f759f2		RESOLVED_DECLARATION_AND_TEXT
schnorrkel@0.11.5	registry+https://github.com/rust-lang/crates.io-index	6e9fcb6c2e176e86ec703e22560d99d65a5ee9056ae45a08e13e84ebf796296f	Cargo.lock	BSD-3-Clause	Jeff Burdges <jeff@web3.foundation>	https://github.com/w3f/schnorrkel	crates.io/schnorrkel/0.11.5	0dbd33ed5e59b14e45a73183ceafea7fa3785822afe2e1b849bfd328050fbc7e		RESOLVED_DECLARATION_AND_TEXT
scopeguard@1.2.0	registry+https://github.com/rust-lang/crates.io-index	94143f37725109f92c262ed2cf5e59bce7498c01bcc1502d7b9afe439a4e9f49	Cargo.lock	MIT OR Apache-2.0	bluss	https://github.com/bluss/scopeguard	crates.io/scopeguard/1.2.0	a60eea817514531668d7e00765731449fe14d059d3249e0bc93b36de45f759f2;fb77f0a9c53e473abe5103c8632ef9f0f2874d4fb3f17cb2d8c661aab9cee9d7		RESOLVED_DECLARATION_AND_TEXT
scratch@1.0.9	registry+https://github.com/rust-lang/crates.io-index	d68f2ec51b097e4c1a75b681a8bec621909b5e91f15bb7b840c4f2f7b01148b2	Cargo.lock	MIT OR Apache-2.0	David Tolnay <dtolnay@gmail.com>	https://github.com/dtolnay/scratch	crates.io/scratch/1.0.9	23f18e03dc49df91622fe2a76176497404e46ced8a715d9d2b67a7446571cca3;62c7a1e35f56406896d7aa7ca52d0cc0d272ac022b5d2796e7d6905db8a3636a		RESOLVED_DECLARATION_AND_TEXT
scrypt@0.11.0	registry+https://github.com/rust-lang/crates.io-index	0516a385866c09368f0b5bcd1caff3366aace790fcd46e2bb032697bb172fd1f	Cargo.lock	MIT OR Apache-2.0	RustCrypto Developers	https://github.com/RustCrypto/password-hashes/tree/master/scrypt	crates.io/scrypt/0.11.0	a9040321c3712d8fd0b09cf52b17445de04a23a10165049ae187cd39e5c86be5;c995204cc6bad2ed67dd41f7d89bb9f1a9d48e0edd745732b30640d7912089a4		RESOLVED_DECLARATION_AND_TEXT
sec1@0.7.3	registry+https://github.com/rust-lang/crates.io-index	d3e97a565f76233a6003f9f5c54be1d9c5bdfa3eccfb189469f11ec4901c47dc	Cargo.lock	Apache-2.0 OR MIT	RustCrypto Developers	https://github.com/RustCrypto/formats/tree/master/sec1	crates.io/sec1/0.7.3	4a883ecc3bb1010faed542bf63d53e530fea5e5e12cf676aed588784298ba929;a9040321c3712d8fd0b09cf52b17445de04a23a10165049ae187cd39e5c86be5		RESOLVED_DECLARATION_AND_TEXT
secp256k1-sys@0.10.1	registry+https://github.com/rust-lang/crates.io-index	d4387882333d3aa8cb20530a17c69a3752e97837832f34f6dccc760e715001d9	Cargo.lock	CC0-1.0	Dawid Ciężarkiewicz <dpc@ucore.info>;Andrew Poelstra <apoelstra@wpsoftware.net>;Steven Roose <steven@stevenroose.org>	https://github.com/rust-bitcoin/rust-secp256k1/	crates.io/secp256k1-sys/0.10.1	7179683e8000e6bdc9bbc60d85edf0a4ac8e76f951857f54fcb775d5886f1309		RESOLVED_DECLARATION_AND_TEXT
secp256k1-sys@0.8.2	registry+https://github.com/rust-lang/crates.io-index	4473013577ec77b4ee3668179ef1186df3146e2cf2d927bd200974c6fe60fd99	Cargo.lock	CC0-1.0	Dawid Ciężarkiewicz <dpc@ucore.info>;Andrew Poelstra <apoelstra@wpsoftware.net>;Steven Roose <steven@stevenroose.org>	https://github.com/rust-bitcoin/rust-secp256k1/	crates.io/secp256k1-sys/0.8.2	7179683e8000e6bdc9bbc60d85edf0a4ac8e76f951857f54fcb775d5886f1309		RESOLVED_DECLARATION_AND_TEXT
secp256k1-sys@0.9.2	registry+https://github.com/rust-lang/crates.io-index	e5d1746aae42c19d583c3c1a8c646bfad910498e2051c551a7f2e3c0c9fbb7eb	Cargo.lock	CC0-1.0	Dawid Ciężarkiewicz <dpc@ucore.info>;Andrew Poelstra <apoelstra@wpsoftware.net>;Steven Roose <steven@stevenroose.org>	https://github.com/rust-bitcoin/rust-secp256k1/	crates.io/secp256k1-sys/0.9.2	7179683e8000e6bdc9bbc60d85edf0a4ac8e76f951857f54fcb775d5886f1309		RESOLVED_DECLARATION_AND_TEXT
secp256k1@0.27.0	registry+https://github.com/rust-lang/crates.io-index	25996b82292a7a57ed3508f052cfff8640d38d32018784acd714758b43da9c8f	Cargo.lock	CC0-1.0	Dawid Ciężarkiewicz <dpc@ucore.info>;Andrew Poelstra <apoelstra@wpsoftware.net>	https://github.com/rust-bitcoin/rust-secp256k1/	crates.io/secp256k1/0.27.0	7179683e8000e6bdc9bbc60d85edf0a4ac8e76f951857f54fcb775d5886f1309		RESOLVED_DECLARATION_AND_TEXT
secp256k1@0.28.2	registry+https://github.com/rust-lang/crates.io-index	d24b59d129cdadea20aea4fb2352fa053712e5d713eee47d700cd4b2bc002f10	Cargo.lock	CC0-1.0	Dawid Ciężarkiewicz <dpc@ucore.info>;Andrew Poelstra <apoelstra@wpsoftware.net>	https://github.com/rust-bitcoin/rust-secp256k1/	crates.io/secp256k1/0.28.2	7179683e8000e6bdc9bbc60d85edf0a4ac8e76f951857f54fcb775d5886f1309		RESOLVED_DECLARATION_AND_TEXT
secp256k1@0.30.0	registry+https://github.com/rust-lang/crates.io-index	b50c5943d326858130af85e049f2661ba3c78b26589b8ab98e65e80ae44a1252	Cargo.lock	CC0-1.0	Dawid Ciężarkiewicz <dpc@ucore.info>;Andrew Poelstra <apoelstra@wpsoftware.net>	https://github.com/rust-bitcoin/rust-secp256k1/	crates.io/secp256k1/0.30.0	7179683e8000e6bdc9bbc60d85edf0a4ac8e76f951857f54fcb775d5886f1309		RESOLVED_DECLARATION_AND_TEXT
secrecy@0.10.3	registry+https://github.com/rust-lang/crates.io-index	e891af845473308773346dc847b2c23ee78fe442e0472ac50e22a18a93d3ae5a	Cargo.lock	Apache-2.0 OR MIT	Tony Arcieri <tony@iqlusion.io>	https://github.com/iqlusioninc/crates/tree/main/secrecy	crates.io/secrecy/0.10.3	1264c45618bccf48df48b9e9beefdc704dc094ddedccf5ddef0243a031b9e114;cfc7749b96f63bd31c3c42b5c471bf756814053e847c10f3eb003417bc523d30		RESOLVED_DECLARATION_AND_TEXT
secrecy@0.8.0	registry+https://github.com/rust-lang/crates.io-index	9bd1c54ea06cfd2f6b63219704de0b9b4f72dcc2b8fdef820be6cd799780e91e	Cargo.lock	Apache-2.0 OR MIT	Tony Arcieri <tony@iqlusion.io>	https://github.com/iqlusioninc/crates/tree/main/secrecy	crates.io/secrecy/0.8.0	8f5848430ef93afc7f261a3eda00306f1b1e16d46cc6a6fc5dba342d65fd7cdd;cfc7749b96f63bd31c3c42b5c471bf756814053e847c10f3eb003417bc523d30		RESOLVED_DECLARATION_AND_TEXT
security-framework-sys@2.15.0	registry+https://github.com/rust-lang/crates.io-index	cc1f0cbffaac4852523ce30d8bd3c5cdc873501d96ff467ca09b6767bb8cd5c0	Cargo.lock	MIT OR Apache-2.0	Steven Fackler <sfackler@gmail.com>;Kornel <kornel@geekhood.net>	https://github.com/kornelski/rust-security-framework	crates.io/security-framework-sys/2.15.0	91e934255ba3b2f21103d68c5581c23ef34aa95c4628e4405b8c901935e11c69;a60eea817514531668d7e00765731449fe14d059d3249e0bc93b36de45f759f2		RESOLVED_DECLARATION_AND_TEXT
security-framework@3.5.1	registry+https://github.com/rust-lang/crates.io-index	b3297343eaf830f66ede390ea39da1d462b6b0c1b000f420d0a83f898bbbe6ef	Cargo.lock	MIT OR Apache-2.0	Steven Fackler <sfackler@gmail.com>;Kornel <kornel@geekhood.net>	https://github.com/kornelski/rust-security-framework	crates.io/security-framework/3.5.1	91e934255ba3b2f21103d68c5581c23ef34aa95c4628e4405b8c901935e11c69;a60eea817514531668d7e00765731449fe14d059d3249e0bc93b36de45f759f2		RESOLVED_DECLARATION_AND_TEXT
semver-parser@0.10.2	registry+https://github.com/rust-lang/crates.io-index	00b0bef5b7f9e0df16536d3961cfb6e84331c065b4066afb39768d0e319411f7	Cargo.lock	MIT/Apache-2.0	Steve Klabnik <steve@steveklabnik.com>	https://github.com/steveklabnik/semver-parser	crates.io/semver-parser/0.10.2	7cfd738c53d61c79f07e348f622bf7707c9084237054d37fbe07788a75f5881c;c3ac7d3fc08995eb37c123b2d68200a64024b211f09a5fa651097dee4f05ceb9		RESOLVED_DECLARATION_AND_TEXT
semver-parser@0.7.0	registry+https://github.com/rust-lang/crates.io-index	388a1df253eca08550bef6c72392cfe7c30914bf41df5269b68cbd6ff8f570a3	Cargo.lock	MIT/Apache-2.0	Steve Klabnik <steve@steveklabnik.com>	https://github.com/steveklabnik/semver-parser	crates.io/semver-parser/0.7.0	a60eea817514531668d7e00765731449fe14d059d3249e0bc93b36de45f759f2;d38feaa4f9468cd1e0ece22e0ad2eadfe6195a9a0a3843b7c722d5c7d81804fb		RESOLVED_DECLARATION_AND_TEXT
semver@0.11.0	registry+https://github.com/rust-lang/crates.io-index	f301af10236f6df4160f7c3f04eec6dbc70ace82d23326abad5edee88801c6b6	Cargo.lock	MIT/Apache-2.0	Steve Klabnik <steve@steveklabnik.com>;The Rust Project Developers	https://github.com/steveklabnik/semver	crates.io/semver/0.11.0	705aaaaecefa087c187bd2eacdb01b8ac1c5ee95b1d5d04d8d7efe0363207df8;7cfd738c53d61c79f07e348f622bf7707c9084237054d37fbe07788a75f5881c		RESOLVED_DECLARATION_AND_TEXT
semver@0.6.0	registry+https://github.com/rust-lang/crates.io-index	7a3186ec9e65071a2095434b1f5bb24838d4e8e130f584c790f6033c79943537	Cargo.lock	MIT/Apache-2.0	Steve Klabnik <steve@steveklabnik.com>;The Rust Project Developers	https://github.com/steveklabnik/semver	crates.io/semver/0.6.0	6485b8ed310d3f0340bf1ad1f47645069ce4069dcc6bb46c7d5c6faf41de1fdb;a60eea817514531668d7e00765731449fe14d059d3249e0bc93b36de45f759f2		RESOLVED_DECLARATION_AND_TEXT
semver@1.0.27	registry+https://github.com/rust-lang/crates.io-index	d767eb0aabc880b29956c35734170f26ed551a859dbd361d140cdbeca61ab1e2	Cargo.lock	MIT OR Apache-2.0	David Tolnay <dtolnay@gmail.com>	https://github.com/dtolnay/semver	crates.io/semver/1.0.27	23f18e03dc49df91622fe2a76176497404e46ced8a715d9d2b67a7446571cca3;62c7a1e35f56406896d7aa7ca52d0cc0d272ac022b5d2796e7d6905db8a3636a		RESOLVED_DECLARATION_AND_TEXT
serde@1.0.228	registry+https://github.com/rust-lang/crates.io-index	9a8e94ea7f378bd32cbbd37198a4a91436180c5bb472411e48b5ec2e2124ae9e	Cargo.lock	MIT OR Apache-2.0	Erick Tryzelaar <erick.tryzelaar@gmail.com>;David Tolnay <dtolnay@gmail.com>	https://github.com/serde-rs/serde	crates.io/serde/1.0.228	23f18e03dc49df91622fe2a76176497404e46ced8a715d9d2b67a7446571cca3;62c7a1e35f56406896d7aa7ca52d0cc0d272ac022b5d2796e7d6905db8a3636a		RESOLVED_DECLARATION_AND_TEXT
serde_bytes@0.11.19	registry+https://github.com/rust-lang/crates.io-index	a5d440709e79d88e51ac01c4b72fc6cb7314017bb7da9eeff678aa94c10e3ea8	Cargo.lock	MIT OR Apache-2.0	David Tolnay <dtolnay@gmail.com>	https://github.com/serde-rs/bytes	crates.io/serde_bytes/0.11.19	23f18e03dc49df91622fe2a76176497404e46ced8a715d9d2b67a7446571cca3;62c7a1e35f56406896d7aa7ca52d0cc0d272ac022b5d2796e7d6905db8a3636a		RESOLVED_DECLARATION_AND_TEXT
serde_core@1.0.228	registry+https://github.com/rust-lang/crates.io-index	41d385c7d4ca58e59fc732af25c3983b67ac852c1a25000afe1175de458b67ad	Cargo.lock	MIT OR Apache-2.0	Erick Tryzelaar <erick.tryzelaar@gmail.com>;David Tolnay <dtolnay@gmail.com>	https://github.com/serde-rs/serde	crates.io/serde_core/1.0.228	23f18e03dc49df91622fe2a76176497404e46ced8a715d9d2b67a7446571cca3;62c7a1e35f56406896d7aa7ca52d0cc0d272ac022b5d2796e7d6905db8a3636a		RESOLVED_DECLARATION_AND_TEXT
serde_derive@1.0.228	registry+https://github.com/rust-lang/crates.io-index	d540f220d3187173da220f885ab66608367b6574e925011a9353e4badda91d79	Cargo.lock	MIT OR Apache-2.0	Erick Tryzelaar <erick.tryzelaar@gmail.com>;David Tolnay <dtolnay@gmail.com>	https://github.com/serde-rs/serde	crates.io/serde_derive/1.0.228	23f18e03dc49df91622fe2a76176497404e46ced8a715d9d2b67a7446571cca3;62c7a1e35f56406896d7aa7ca52d0cc0d272ac022b5d2796e7d6905db8a3636a		RESOLVED_DECLARATION_AND_TEXT
serde_json@1.0.145	registry+https://github.com/rust-lang/crates.io-index	402a6f66d8c709116cf22f558eab210f5a50187f702eb4d7e5ef38d9a7f1c79c	Cargo.lock	MIT OR Apache-2.0	Erick Tryzelaar <erick.tryzelaar@gmail.com>;David Tolnay <dtolnay@gmail.com>	https://github.com/serde-rs/json	crates.io/serde_json/1.0.145	23f18e03dc49df91622fe2a76176497404e46ced8a715d9d2b67a7446571cca3;62c7a1e35f56406896d7aa7ca52d0cc0d272ac022b5d2796e7d6905db8a3636a		RESOLVED_DECLARATION_AND_TEXT
serde_spanned@0.6.9	registry+https://github.com/rust-lang/crates.io-index	bf41e0cfaf7226dca15e8197172c295a782857fcb97fad1808a166870dee75a3	Cargo.lock	MIT OR Apache-2.0		https://github.com/toml-rs/toml	crates.io/serde_spanned/0.6.9	6efb0476a1cc085077ed49357026d8c173bf33017278ef440f222fb9cbcb66e6;c6596eb7be8581c18be736c846fb9173b69eccf6ef94c5135893ec56bd92ba08		RESOLVED_DECLARATION_AND_TEXT
serde_with@3.15.1	registry+https://github.com/rust-lang/crates.io-index	aa66c845eee442168b2c8134fec70ac50dc20e760769c8ba0ad1319ca1959b04	Cargo.lock	MIT OR Apache-2.0	Jonas Bushart;Marcin Kaźmierczak	https://github.com/jonasbb/serde_with/	crates.io/serde_with/3.15.1	7576269ea71f767b99297934c0b2367532690f8c4badc695edf8e04ab6a1e545;a60eea817514531668d7e00765731449fe14d059d3249e0bc93b36de45f759f2		RESOLVED_DECLARATION_AND_TEXT
serde_with_macros@3.15.1	registry+https://github.com/rust-lang/crates.io-index	b91a903660542fced4e99881aa481bdbaec1634568ee02e0b8bd57c64cb38955	Cargo.lock	MIT OR Apache-2.0	Jonas Bushart	https://github.com/jonasbb/serde_with/	crates.io/serde_with_macros/3.15.1	7576269ea71f767b99297934c0b2367532690f8c4badc695edf8e04ab6a1e545;a60eea817514531668d7e00765731449fe14d059d3249e0bc93b36de45f759f2		RESOLVED_DECLARATION_AND_TEXT
serdect@0.2.0	registry+https://github.com/rust-lang/crates.io-index	a84f14a19e9a014bb9f4512488d9829a68e04ecabffb0f9904cd1ace94598177	Cargo.lock	Apache-2.0 OR MIT	RustCrypto Developers	https://github.com/RustCrypto/formats/tree/master/serdect	crates.io/serdect/0.2.0	8510ba89044a4985037330b8a1a4a2fe291b2cb781e6b9f7fd391399e88be09b;cfc7749b96f63bd31c3c42b5c471bf756814053e847c10f3eb003417bc523d30		RESOLVED_DECLARATION_AND_TEXT
sha1@0.10.6	registry+https://github.com/rust-lang/crates.io-index	e3bf829a2d51ab4a5ddf1352d8470c140cadc8301b2ae1789db023f01cedd6ba	Cargo.lock	MIT OR Apache-2.0	RustCrypto Developers	https://github.com/RustCrypto/hashes	crates.io/sha1/0.10.6	a9040321c3712d8fd0b09cf52b17445de04a23a10165049ae187cd39e5c86be5;b4eb00df6e2a4d22518fcaa6a2b4646f249b3a3c9814509b22bd2091f1392ff1		RESOLVED_DECLARATION_AND_TEXT
sha2@0.10.9	registry+https://github.com/rust-lang/crates.io-index	a7507d819769d01a365ab707794a4084392c824f54a7a6a7862f8c3d0892b283	Cargo.lock	MIT OR Apache-2.0	RustCrypto Developers	https://github.com/RustCrypto/hashes	crates.io/sha2/0.10.9	a9040321c3712d8fd0b09cf52b17445de04a23a10165049ae187cd39e5c86be5;b4eb00df6e2a4d22518fcaa6a2b4646f249b3a3c9814509b22bd2091f1392ff1		RESOLVED_DECLARATION_AND_TEXT
sha2@0.9.9	registry+https://github.com/rust-lang/crates.io-index	4d58a1e1bf39749807d89cf2d98ac2dfa0ff1cb3faa38fbb64dd88ac8013d800	Cargo.lock	MIT OR Apache-2.0	RustCrypto Developers	https://github.com/RustCrypto/hashes	crates.io/sha2/0.9.9	a9040321c3712d8fd0b09cf52b17445de04a23a10165049ae187cd39e5c86be5;b4eb00df6e2a4d22518fcaa6a2b4646f249b3a3c9814509b22bd2091f1392ff1		RESOLVED_DECLARATION_AND_TEXT
sha3-asm@0.1.4	registry+https://github.com/rust-lang/crates.io-index	c28efc5e327c837aa837c59eae585fc250715ef939ac32881bcc11677cd02d46	Cargo.lock	BSD-3-Clause	DaniPopes <57450786+DaniPopes@users.noreply.github.com>	https://github.com/danipopes/keccak-asm	crates.io/sha3-asm/0.1.4			RESOLVED_MANIFEST_DECLARATION_NO_ADJACENT_TEXT
sha3@0.10.8	registry+https://github.com/rust-lang/crates.io-index	75872d278a8f37ef87fa0ddbda7802605cb18344497949862c0d4dcb291eba60	Cargo.lock	MIT OR Apache-2.0	RustCrypto Developers	https://github.com/RustCrypto/hashes	crates.io/sha3/0.10.8	a9040321c3712d8fd0b09cf52b17445de04a23a10165049ae187cd39e5c86be5;f18f6229547ab07f0b7b3e1f83acad8bb436f5f4c95a8a98b44f876caa00f04e		RESOLVED_DECLARATION_AND_TEXT
sharded-slab@0.1.7	registry+https://github.com/rust-lang/crates.io-index	f40ca3c46823713e0d4209592e8d6e826aa57e928f09752619fc696c499637f6	Cargo.lock	MIT	Eliza Weisman <eliza@buoyant.io>	https://github.com/hawkw/sharded-slab	crates.io/sharded-slab/0.1.7	eafbfa606bc005ed7fd2f623d65af17ffe4ef7c017221ac14405bf4140771ea9		RESOLVED_DECLARATION_AND_TEXT
shlex@1.3.0	registry+https://github.com/rust-lang/crates.io-index	0fda2ff0d084019ba4d7c6f371c95d8fd75ce3524c3cb8fb653a3023f6323e64	Cargo.lock	MIT OR Apache-2.0	comex <comexk@gmail.com>;Fenhl <fenhl@fenhl.net>;Adrian Taylor <adetaylor@chromium.org>;Alex Touchet <alextouchet@outlook.com>;Daniel Parks <dp+git@oxidized.org>;Garrett Berg <googberg@gmail.com>	https://github.com/comex/rust-shlex	crates.io/shlex/1.3.0	4455bf75a91154108304cb283e0fea9948c14f13e20d60887cf2552449dea3b1;553fffcd9b1cb158bc3e9edc35da85ca5c3b3d7d2e61c883ebcfa8a65814b583		RESOLVED_DECLARATION_AND_TEXT
signal-hook-registry@1.4.6	registry+https://github.com/rust-lang/crates.io-index	b2a4719bff48cee6b39d12c020eeb490953ad2443b7055bd0b21fca26bd8c28b	Cargo.lock	Apache-2.0/MIT	Michal 'vorner' Vaner <vorner@vorner.cz>;Masaki Hara <ackie.h.gmai@gmail.com>	https://github.com/vorner/signal-hook	crates.io/signal-hook-registry/1.4.6	503558bfefe66ca15e4e3f7955b3cb0ec87fd52f29bf24b336af7bd00e946d5c;a60eea817514531668d7e00765731449fe14d059d3249e0bc93b36de45f759f2		RESOLVED_DECLARATION_AND_TEXT
signature@2.2.0	registry+https://github.com/rust-lang/crates.io-index	77549399552de45a898a580c1b41d445bf730df867cc44e6c0233bbc4b8329de	Cargo.lock	Apache-2.0 OR MIT	RustCrypto Developers	https://github.com/RustCrypto/traits/tree/master/signature	crates.io/signature/2.2.0	a9040321c3712d8fd0b09cf52b17445de04a23a10165049ae187cd39e5c86be5;b3470648aff02beb36d7a53240fc9260ed80ed93bd43bace6b67d7ef7336ee33		RESOLVED_DECLARATION_AND_TEXT
simba@0.9.1	registry+https://github.com/rust-lang/crates.io-index	c99284beb21666094ba2b75bbceda012e610f5479dfcc2d6e2426f53197ffd95	Cargo.lock	Apache-2.0	sebcrozet <developer@crozet.re>	https://github.com/dimforge/simba	crates.io/simba/0.9.1	ceacfa4d7fa67df64ab09a56fe248c50a3bfc9bc00374d69bd74ad763b14b89c		RESOLVED_DECLARATION_AND_TEXT
simple-dns@0.9.3	registry+https://github.com/rust-lang/crates.io-index	dee851d0e5e7af3721faea1843e8015e820a234f81fda3dea9247e15bac9a86a	Cargo.lock	MIT	Ilson Roberto Balliego Junior <ilson.balliego@gmail.com>	https://github.com/balliegojr/simple-dns	crates.io/simple-dns/0.9.3			RESOLVED_MANIFEST_DECLARATION_NO_ADJACENT_TEXT
simple-mermaid@0.1.1	registry+https://github.com/rust-lang/crates.io-index	620a1d43d70e142b1d46a929af51d44f383db9c7a2ec122de2cd992ccfcf3c18	Cargo.lock	MIT		https://github.com/glueball/simple-mermaid	crates.io/simple-mermaid/0.1.1	7580e7a18637851995b37d394964c7470f7622b6677106cbf6797a292f9e963b		RESOLVED_DECLARATION_AND_TEXT
siphasher@0.3.11	registry+https://github.com/rust-lang/crates.io-index	38b58827f4464d87d377d175e90bf58eb00fd8716ff0a62f80356b5e61555d0d	Cargo.lock	MIT/Apache-2.0	Frank Denis <github@pureftpd.org>	https://github.com/jedisct1/rust-siphash	crates.io/siphasher/0.3.11	306b56d1a86d1ff32cffdf3bd26d809354f7f06bcc8c4c1697fcb5e28aeedb7a		RESOLVED_DECLARATION_AND_TEXT
siphasher@1.0.1	registry+https://github.com/rust-lang/crates.io-index	56199f7ddabf13fe5074ce809e7d3f42b42ae711800501b5b16ea82ad029c39d	Cargo.lock	MIT/Apache-2.0	Frank Denis <github@pureftpd.org>	https://github.com/jedisct1/rust-siphash	crates.io/siphasher/1.0.1	4d40ffd1478e61d103063fe87b133d13b6784688b8855acd7ebc2aeb64095c6d		RESOLVED_DECLARATION_AND_TEXT
slab@0.4.11	registry+https://github.com/rust-lang/crates.io-index	7a2ae44ef20feb57a68b23d846850f861394c2e02dc425a50098ae8c90267589	Cargo.lock	MIT	Carl Lerche <me@carllerche.com>	https://github.com/tokio-rs/slab	crates.io/slab/0.4.11	8ce0830173fdac609dfb4ea603fdc002c2f4af0dc9b1a005653f5da9cf534b18		RESOLVED_DECLARATION_AND_TEXT
slice-group-by@0.3.1	registry+https://github.com/rust-lang/crates.io-index	826167069c09b99d56f31e9ae5c99049e932a98c9dc2dac47645b08dbbf76ba7	Cargo.lock	MIT	Kerollmops <renault.cle@gmail.com>	https://github.com/Kerollmops/slice-group-by	crates.io/slice-group-by/0.3.1	c02073b800e34e61458f6da5de0e952f584f609c85fa65f6eb7a92b0c3c14fd2		RESOLVED_DECLARATION_AND_TEXT
smallvec@1.15.1	registry+https://github.com/rust-lang/crates.io-index	67b1b7a3b5fe4f1376887184045fcf45c69e92af734b7aaddc05fb777b6fbd03	Cargo.lock	MIT OR Apache-2.0	The Servo Project Developers	https://github.com/servo/rust-smallvec	crates.io/smallvec/1.15.1	0b28172679e0009b655da42797c03fd163a3379d5cfa67ba1f1655e974a2a1a9;a60eea817514531668d7e00765731449fe14d059d3249e0bc93b36de45f759f2		RESOLVED_DECLARATION_AND_TEXT
smol@2.0.2	registry+https://github.com/rust-lang/crates.io-index	a33bd3e260892199c3ccfc487c88b2da2265080acb316cd920da72fdfd7c599f	Cargo.lock	Apache-2.0 OR MIT	Stjepan Glavina <stjepang@gmail.com>	https://github.com/smol-rs/smol	crates.io/smol/2.0.2	23f18e03dc49df91622fe2a76176497404e46ced8a715d9d2b67a7446571cca3;a60eea817514531668d7e00765731449fe14d059d3249e0bc93b36de45f759f2		RESOLVED_DECLARATION_AND_TEXT
smol_str@0.2.0	registry+https://github.com/rust-lang/crates.io-index	74212e6bbe9a4352329b2f68ba3130c15a3f26fe88ff22dbdc6cdd58fa85e99c	Cargo.lock	MIT OR Apache-2.0	Aleksey Kladov <aleksey.kladov@gmail.com>	https://github.com/rust-analyzer/smol_str	crates.io/smol_str/0.2.0	23f18e03dc49df91622fe2a76176497404e46ced8a715d9d2b67a7446571cca3;a60eea817514531668d7e00765731449fe14d059d3249e0bc93b36de45f759f2		RESOLVED_DECLARATION_AND_TEXT
smoldot-light@0.16.2	registry+https://github.com/rust-lang/crates.io-index	2a33b06891f687909632ce6a4e3fd7677b24df930365af3d0bcb078310129f3f	Cargo.lock	GPL-3.0-or-later WITH Classpath-exception-2.0	Parity Technologies <admin@parity.io>;Pierre Krieger <pierre.krieger1708@gmail.com>	https://github.com/smol-dot/smoldot	crates.io/smoldot-light/0.16.2			RESOLVED_MANIFEST_DECLARATION_NO_ADJACENT_TEXT
smoldot@0.18.0	registry+https://github.com/rust-lang/crates.io-index	966e72d77a3b2171bb7461d0cb91f43670c63558c62d7cf42809cae6c8b6b818	Cargo.lock	GPL-3.0-or-later WITH Classpath-exception-2.0	Parity Technologies <admin@parity.io>;Pierre Krieger <pierre.krieger1708@gmail.com>	https://github.com/smol-dot/smoldot	crates.io/smoldot/0.18.0			RESOLVED_MANIFEST_DECLARATION_NO_ADJACENT_TEXT
snap@1.1.1	registry+https://github.com/rust-lang/crates.io-index	1b6b67fb9a61334225b5b790716f609cd58395f895b3fe8b328786812a40bc3b	Cargo.lock	BSD-3-Clause	Andrew Gallant <jamslam@gmail.com>	https://github.com/BurntSushi/rust-snappy	crates.io/snap/1.1.1	7ca1297d23644e30bd489193a82a33f324e5fe33f25df4195649b91b883df967		RESOLVED_DECLARATION_AND_TEXT
snow@0.9.6	registry+https://github.com/rust-lang/crates.io-index	850948bee068e713b8ab860fe1adc4d109676ab4c3b621fd8147f06b261f2f85	Cargo.lock	Apache-2.0 OR MIT	Jake McGinty <me@jakebot.org>;trevp	https://github.com/mcginty/snow	crates.io/snow/0.9.6	25a9014ab0838dec94e22f7598e115e9e55b8360044ef6e30dcda5679d268275;dd6a6177e441f98b36c8e0e92e399a90e94fe09c3fed92d8bf21fe00a840a6ed		RESOLVED_DECLARATION_AND_TEXT
socket2@0.5.10	registry+https://github.com/rust-lang/crates.io-index	e22376abed350d73dd1cd119b57ffccad95b4e585a7cda43e286245ce23c0678	Cargo.lock	MIT OR Apache-2.0	Alex Crichton <alex@alexcrichton.com>;Thomas de Zeeuw <thomasdezeeuw@gmail.com>	https://github.com/rust-lang/socket2	crates.io/socket2/0.5.10	378f5840b258e2779c39418f3f2d7b2ba96f1c7917dd6be0713f88305dbda397;a60eea817514531668d7e00765731449fe14d059d3249e0bc93b36de45f759f2		RESOLVED_DECLARATION_AND_TEXT
socket2@0.6.1	registry+https://github.com/rust-lang/crates.io-index	17129e116933cf371d018bb80ae557e889637989d8638274fb25622827b03881	Cargo.lock	MIT OR Apache-2.0	Alex Crichton <alex@alexcrichton.com>;Thomas de Zeeuw <thomasdezeeuw@gmail.com>	https://github.com/rust-lang/socket2	crates.io/socket2/0.6.1	378f5840b258e2779c39418f3f2d7b2ba96f1c7917dd6be0713f88305dbda397;a60eea817514531668d7e00765731449fe14d059d3249e0bc93b36de45f759f2		RESOLVED_DECLARATION_AND_TEXT
soketto@0.8.1	registry+https://github.com/rust-lang/crates.io-index	2e859df029d160cb88608f5d7df7fb4753fd20fdfb4de5644f3d8b8440841721	Cargo.lock	Apache-2.0 OR MIT	Parity Technologies <admin@parity.io>;Jason Ozias <jason.g.ozias@gmail.com>	https://github.com/paritytech/soketto	crates.io/soketto/0.8.1	a60eea817514531668d7e00765731449fe14d059d3249e0bc93b36de45f759f2;b611b692ad9b66a7d9654464084d98a6a454990025908bd0bd70360737e5ee2a		RESOLVED_DECLARATION_AND_TEXT
sp-api-proc-macro@23.0.0	git+https://github.com/paritytech/polkadot-sdk?tag=polkadot-v1.19.1#f3969c7ddd34985e6e709ed458bcc519f651682a	NO_CHECKSUM	Cargo.lock	Apache-2.0	Parity Technologies <admin@parity.io>	https://github.com/paritytech/polkadot-sdk.git	polkadot-sdk@f3969c7ddd34985e6e709ed458bcc519f651682a/substrate/primitives/api/proc-macro/Cargo.toml	aab56b4a581fc1c50b7c782eacf2fc8be05a47cd98e4bf4d836dd9b6dd9c86f4;e93d18cb209947d5e75300c9cd9043e1e680034bcd7df0635e1012cc8d8311ab		RESOLVED_DECLARATION_AND_TEXT
sp-api@37.0.0	git+https://github.com/paritytech/polkadot-sdk?tag=polkadot-v1.19.1#f3969c7ddd34985e6e709ed458bcc519f651682a	NO_CHECKSUM	Cargo.lock	Apache-2.0	Parity Technologies <admin@parity.io>	https://github.com/paritytech/polkadot-sdk.git	polkadot-sdk@f3969c7ddd34985e6e709ed458bcc519f651682a/substrate/primitives/api/Cargo.toml	aab56b4a581fc1c50b7c782eacf2fc8be05a47cd98e4bf4d836dd9b6dd9c86f4;e93d18cb209947d5e75300c9cd9043e1e680034bcd7df0635e1012cc8d8311ab		RESOLVED_DECLARATION_AND_TEXT
sp-application-crypto@41.0.0	git+https://github.com/paritytech/polkadot-sdk?tag=polkadot-v1.19.1#f3969c7ddd34985e6e709ed458bcc519f651682a	NO_CHECKSUM	Cargo.lock	Apache-2.0	Parity Technologies <admin@parity.io>	https://github.com/paritytech/polkadot-sdk.git	polkadot-sdk@f3969c7ddd34985e6e709ed458bcc519f651682a/substrate/primitives/application-crypto/Cargo.toml	aab56b4a581fc1c50b7c782eacf2fc8be05a47cd98e4bf4d836dd9b6dd9c86f4;e93d18cb209947d5e75300c9cd9043e1e680034bcd7df0635e1012cc8d8311ab		RESOLVED_DECLARATION_AND_TEXT
sp-arithmetic@27.0.0	git+https://github.com/paritytech/polkadot-sdk?tag=polkadot-v1.19.1#f3969c7ddd34985e6e709ed458bcc519f651682a	NO_CHECKSUM	Cargo.lock	Apache-2.0	Parity Technologies <admin@parity.io>	https://github.com/paritytech/polkadot-sdk.git	polkadot-sdk@f3969c7ddd34985e6e709ed458bcc519f651682a/substrate/primitives/arithmetic/Cargo.toml	aab56b4a581fc1c50b7c782eacf2fc8be05a47cd98e4bf4d836dd9b6dd9c86f4;e93d18cb209947d5e75300c9cd9043e1e680034bcd7df0635e1012cc8d8311ab		RESOLVED_DECLARATION_AND_TEXT
sp-authority-discovery@37.0.0	git+https://github.com/paritytech/polkadot-sdk?tag=polkadot-v1.19.1#f3969c7ddd34985e6e709ed458bcc519f651682a	NO_CHECKSUM	Cargo.lock	Apache-2.0	Parity Technologies <admin@parity.io>	https://github.com/paritytech/polkadot-sdk.git	polkadot-sdk@f3969c7ddd34985e6e709ed458bcc519f651682a/substrate/primitives/authority-discovery/Cargo.toml	aab56b4a581fc1c50b7c782eacf2fc8be05a47cd98e4bf4d836dd9b6dd9c86f4;e93d18cb209947d5e75300c9cd9043e1e680034bcd7df0635e1012cc8d8311ab		RESOLVED_DECLARATION_AND_TEXT
sp-block-builder@37.0.0	git+https://github.com/paritytech/polkadot-sdk?tag=polkadot-v1.19.1#f3969c7ddd34985e6e709ed458bcc519f651682a	NO_CHECKSUM	Cargo.lock	Apache-2.0	Parity Technologies <admin@parity.io>	https://github.com/paritytech/polkadot-sdk.git	polkadot-sdk@f3969c7ddd34985e6e709ed458bcc519f651682a/substrate/primitives/block-builder/Cargo.toml	aab56b4a581fc1c50b7c782eacf2fc8be05a47cd98e4bf4d836dd9b6dd9c86f4;e93d18cb209947d5e75300c9cd9043e1e680034bcd7df0635e1012cc8d8311ab		RESOLVED_DECLARATION_AND_TEXT
sp-blockchain@40.0.0	git+https://github.com/paritytech/polkadot-sdk?tag=polkadot-v1.19.1#f3969c7ddd34985e6e709ed458bcc519f651682a	NO_CHECKSUM	Cargo.lock	Apache-2.0	Parity Technologies <admin@parity.io>	https://github.com/paritytech/polkadot-sdk.git	polkadot-sdk@f3969c7ddd34985e6e709ed458bcc519f651682a/substrate/primitives/blockchain/Cargo.toml	aab56b4a581fc1c50b7c782eacf2fc8be05a47cd98e4bf4d836dd9b6dd9c86f4;e93d18cb209947d5e75300c9cd9043e1e680034bcd7df0635e1012cc8d8311ab		RESOLVED_DECLARATION_AND_TEXT
sp-consensus-aura@0.43.0	git+https://github.com/paritytech/polkadot-sdk?tag=polkadot-v1.19.1#f3969c7ddd34985e6e709ed458bcc519f651682a	NO_CHECKSUM	Cargo.lock	Apache-2.0	Parity Technologies <admin@parity.io>	https://github.com/paritytech/polkadot-sdk.git	polkadot-sdk@f3969c7ddd34985e6e709ed458bcc519f651682a/substrate/primitives/consensus/aura/Cargo.toml	aab56b4a581fc1c50b7c782eacf2fc8be05a47cd98e4bf4d836dd9b6dd9c86f4;e93d18cb209947d5e75300c9cd9043e1e680034bcd7df0635e1012cc8d8311ab		RESOLVED_DECLARATION_AND_TEXT
sp-consensus-babe@0.43.0	git+https://github.com/paritytech/polkadot-sdk?tag=polkadot-v1.19.1#f3969c7ddd34985e6e709ed458bcc519f651682a	NO_CHECKSUM	Cargo.lock	Apache-2.0	Parity Technologies <admin@parity.io>	https://github.com/paritytech/polkadot-sdk.git	polkadot-sdk@f3969c7ddd34985e6e709ed458bcc519f651682a/substrate/primitives/consensus/babe/Cargo.toml	aab56b4a581fc1c50b7c782eacf2fc8be05a47cd98e4bf4d836dd9b6dd9c86f4;e93d18cb209947d5e75300c9cd9043e1e680034bcd7df0635e1012cc8d8311ab		RESOLVED_DECLARATION_AND_TEXT
sp-consensus-grandpa@24.0.0	git+https://github.com/paritytech/polkadot-sdk?tag=polkadot-v1.19.1#f3969c7ddd34985e6e709ed458bcc519f651682a	NO_CHECKSUM	Cargo.lock	Apache-2.0	Parity Technologies <admin@parity.io>	https://github.com/paritytech/polkadot-sdk.git	polkadot-sdk@f3969c7ddd34985e6e709ed458bcc519f651682a/substrate/primitives/consensus/grandpa/Cargo.toml	aab56b4a581fc1c50b7c782eacf2fc8be05a47cd98e4bf4d836dd9b6dd9c86f4;e93d18cb209947d5e75300c9cd9043e1e680034bcd7df0635e1012cc8d8311ab		RESOLVED_DECLARATION_AND_TEXT
sp-consensus-slots@0.43.0	git+https://github.com/paritytech/polkadot-sdk?tag=polkadot-v1.19.1#f3969c7ddd34985e6e709ed458bcc519f651682a	NO_CHECKSUM	Cargo.lock	Apache-2.0	Parity Technologies <admin@parity.io>	https://github.com/paritytech/polkadot-sdk.git	polkadot-sdk@f3969c7ddd34985e6e709ed458bcc519f651682a/substrate/primitives/consensus/slots/Cargo.toml	aab56b4a581fc1c50b7c782eacf2fc8be05a47cd98e4bf4d836dd9b6dd9c86f4;e93d18cb209947d5e75300c9cd9043e1e680034bcd7df0635e1012cc8d8311ab		RESOLVED_DECLARATION_AND_TEXT
sp-consensus@0.43.0	git+https://github.com/paritytech/polkadot-sdk?tag=polkadot-v1.19.1#f3969c7ddd34985e6e709ed458bcc519f651682a	NO_CHECKSUM	Cargo.lock	Apache-2.0	Parity Technologies <admin@parity.io>	https://github.com/paritytech/polkadot-sdk.git	polkadot-sdk@f3969c7ddd34985e6e709ed458bcc519f651682a/substrate/primitives/consensus/common/Cargo.toml	aab56b4a581fc1c50b7c782eacf2fc8be05a47cd98e4bf4d836dd9b6dd9c86f4;e93d18cb209947d5e75300c9cd9043e1e680034bcd7df0635e1012cc8d8311ab		RESOLVED_DECLARATION_AND_TEXT
sp-core@37.0.0	git+https://github.com/paritytech/polkadot-sdk?tag=polkadot-v1.19.1#f3969c7ddd34985e6e709ed458bcc519f651682a	NO_CHECKSUM	Cargo.lock	Apache-2.0	Parity Technologies <admin@parity.io>	https://github.com/paritytech/polkadot-sdk.git	polkadot-sdk@f3969c7ddd34985e6e709ed458bcc519f651682a/substrate/primitives/core/Cargo.toml	aab56b4a581fc1c50b7c782eacf2fc8be05a47cd98e4bf4d836dd9b6dd9c86f4;e93d18cb209947d5e75300c9cd9043e1e680034bcd7df0635e1012cc8d8311ab		RESOLVED_DECLARATION_AND_TEXT
sp-crypto-hashing-proc-macro@0.1.0	git+https://github.com/paritytech/polkadot-sdk?tag=polkadot-v1.19.1#f3969c7ddd34985e6e709ed458bcc519f651682a	NO_CHECKSUM	Cargo.lock	Apache-2.0	Parity Technologies <admin@parity.io>	https://github.com/paritytech/polkadot-sdk.git	polkadot-sdk@f3969c7ddd34985e6e709ed458bcc519f651682a/substrate/primitives/crypto/hashing/proc-macro/Cargo.toml	aab56b4a581fc1c50b7c782eacf2fc8be05a47cd98e4bf4d836dd9b6dd9c86f4;e93d18cb209947d5e75300c9cd9043e1e680034bcd7df0635e1012cc8d8311ab		RESOLVED_DECLARATION_AND_TEXT
sp-crypto-hashing@0.1.0	git+https://github.com/paritytech/polkadot-sdk?tag=polkadot-v1.19.1#f3969c7ddd34985e6e709ed458bcc519f651682a	NO_CHECKSUM	Cargo.lock	Apache-2.0	Parity Technologies <admin@parity.io>	https://github.com/paritytech/polkadot-sdk.git	polkadot-sdk@f3969c7ddd34985e6e709ed458bcc519f651682a/substrate/primitives/crypto/hashing/Cargo.toml	aab56b4a581fc1c50b7c782eacf2fc8be05a47cd98e4bf4d836dd9b6dd9c86f4;e93d18cb209947d5e75300c9cd9043e1e680034bcd7df0635e1012cc8d8311ab		RESOLVED_DECLARATION_AND_TEXT
sp-crypto-hashing@0.1.0	registry+https://github.com/rust-lang/crates.io-index	bc9927a7f81334ed5b8a98a4a978c81324d12bd9713ec76b5c68fd410174c5eb	Cargo.lock	Apache-2.0	Parity Technologies <admin@parity.io>	https://github.com/paritytech/polkadot-sdk.git	crates.io/sp-crypto-hashing/0.1.0			RESOLVED_MANIFEST_DECLARATION_NO_ADJACENT_TEXT
sp-database@10.0.0	git+https://github.com/paritytech/polkadot-sdk?tag=polkadot-v1.19.1#f3969c7ddd34985e6e709ed458bcc519f651682a	NO_CHECKSUM	Cargo.lock	Apache-2.0	Parity Technologies <admin@parity.io>	https://github.com/paritytech/polkadot-sdk.git	polkadot-sdk@f3969c7ddd34985e6e709ed458bcc519f651682a/substrate/primitives/database/Cargo.toml	aab56b4a581fc1c50b7c782eacf2fc8be05a47cd98e4bf4d836dd9b6dd9c86f4;e93d18cb209947d5e75300c9cd9043e1e680034bcd7df0635e1012cc8d8311ab		RESOLVED_DECLARATION_AND_TEXT
sp-debug-derive@14.0.0	git+https://github.com/paritytech/polkadot-sdk?tag=polkadot-v1.19.1#f3969c7ddd34985e6e709ed458bcc519f651682a	NO_CHECKSUM	Cargo.lock	Apache-2.0	Parity Technologies <admin@parity.io>	https://github.com/paritytech/polkadot-sdk.git	polkadot-sdk@f3969c7ddd34985e6e709ed458bcc519f651682a/substrate/primitives/debug-derive/Cargo.toml	aab56b4a581fc1c50b7c782eacf2fc8be05a47cd98e4bf4d836dd9b6dd9c86f4;e93d18cb209947d5e75300c9cd9043e1e680034bcd7df0635e1012cc8d8311ab		RESOLVED_DECLARATION_AND_TEXT
sp-externalities@0.30.0	git+https://github.com/paritytech/polkadot-sdk?tag=polkadot-v1.19.1#f3969c7ddd34985e6e709ed458bcc519f651682a	NO_CHECKSUM	Cargo.lock	Apache-2.0	Parity Technologies <admin@parity.io>	https://github.com/paritytech/polkadot-sdk.git	polkadot-sdk@f3969c7ddd34985e6e709ed458bcc519f651682a/substrate/primitives/externalities/Cargo.toml	aab56b4a581fc1c50b7c782eacf2fc8be05a47cd98e4bf4d836dd9b6dd9c86f4;e93d18cb209947d5e75300c9cd9043e1e680034bcd7df0635e1012cc8d8311ab		RESOLVED_DECLARATION_AND_TEXT
sp-genesis-builder@0.18.0	git+https://github.com/paritytech/polkadot-sdk?tag=polkadot-v1.19.1#f3969c7ddd34985e6e709ed458bcc519f651682a	NO_CHECKSUM	Cargo.lock	Apache-2.0	Parity Technologies <admin@parity.io>	https://github.com/paritytech/polkadot-sdk.git	polkadot-sdk@f3969c7ddd34985e6e709ed458bcc519f651682a/substrate/primitives/genesis-builder/Cargo.toml	aab56b4a581fc1c50b7c782eacf2fc8be05a47cd98e4bf4d836dd9b6dd9c86f4;e93d18cb209947d5e75300c9cd9043e1e680034bcd7df0635e1012cc8d8311ab		RESOLVED_DECLARATION_AND_TEXT
sp-inherents@37.0.0	git+https://github.com/paritytech/polkadot-sdk?tag=polkadot-v1.19.1#f3969c7ddd34985e6e709ed458bcc519f651682a	NO_CHECKSUM	Cargo.lock	Apache-2.0	Parity Technologies <admin@parity.io>	https://github.com/paritytech/polkadot-sdk.git	polkadot-sdk@f3969c7ddd34985e6e709ed458bcc519f651682a/substrate/primitives/inherents/Cargo.toml	aab56b4a581fc1c50b7c782eacf2fc8be05a47cd98e4bf4d836dd9b6dd9c86f4;e93d18cb209947d5e75300c9cd9043e1e680034bcd7df0635e1012cc8d8311ab		RESOLVED_DECLARATION_AND_TEXT
sp-io@41.0.1	git+https://github.com/paritytech/polkadot-sdk?tag=polkadot-v1.19.1#f3969c7ddd34985e6e709ed458bcc519f651682a	NO_CHECKSUM	Cargo.lock	Apache-2.0	Parity Technologies <admin@parity.io>	https://github.com/paritytech/polkadot-sdk.git	polkadot-sdk@f3969c7ddd34985e6e709ed458bcc519f651682a/substrate/primitives/io/Cargo.toml	aab56b4a581fc1c50b7c782eacf2fc8be05a47cd98e4bf4d836dd9b6dd9c86f4;e93d18cb209947d5e75300c9cd9043e1e680034bcd7df0635e1012cc8d8311ab		RESOLVED_DECLARATION_AND_TEXT
sp-keyring@42.0.0	git+https://github.com/paritytech/polkadot-sdk?tag=polkadot-v1.19.1#f3969c7ddd34985e6e709ed458bcc519f651682a	NO_CHECKSUM	Cargo.lock	Apache-2.0	Parity Technologies <admin@parity.io>	https://github.com/paritytech/polkadot-sdk.git	polkadot-sdk@f3969c7ddd34985e6e709ed458bcc519f651682a/substrate/primitives/keyring/Cargo.toml	aab56b4a581fc1c50b7c782eacf2fc8be05a47cd98e4bf4d836dd9b6dd9c86f4;e93d18cb209947d5e75300c9cd9043e1e680034bcd7df0635e1012cc8d8311ab		RESOLVED_DECLARATION_AND_TEXT
sp-keystore@0.43.0	git+https://github.com/paritytech/polkadot-sdk?tag=polkadot-v1.19.1#f3969c7ddd34985e6e709ed458bcc519f651682a	NO_CHECKSUM	Cargo.lock	Apache-2.0	Parity Technologies <admin@parity.io>	https://github.com/paritytech/polkadot-sdk.git	polkadot-sdk@f3969c7ddd34985e6e709ed458bcc519f651682a/substrate/primitives/keystore/Cargo.toml	aab56b4a581fc1c50b7c782eacf2fc8be05a47cd98e4bf4d836dd9b6dd9c86f4;e93d18cb209947d5e75300c9cd9043e1e680034bcd7df0635e1012cc8d8311ab		RESOLVED_DECLARATION_AND_TEXT
sp-maybe-compressed-blob@11.0.0	git+https://github.com/paritytech/polkadot-sdk?tag=polkadot-v1.19.1#f3969c7ddd34985e6e709ed458bcc519f651682a	NO_CHECKSUM	Cargo.lock	Apache-2.0	Parity Technologies <admin@parity.io>	https://github.com/paritytech/polkadot-sdk.git	polkadot-sdk@f3969c7ddd34985e6e709ed458bcc519f651682a/substrate/primitives/maybe-compressed-blob/Cargo.toml	aab56b4a581fc1c50b7c782eacf2fc8be05a47cd98e4bf4d836dd9b6dd9c86f4;e93d18cb209947d5e75300c9cd9043e1e680034bcd7df0635e1012cc8d8311ab		RESOLVED_DECLARATION_AND_TEXT
sp-metadata-ir@0.11.0	git+https://github.com/paritytech/polkadot-sdk?tag=polkadot-v1.19.1#f3969c7ddd34985e6e709ed458bcc519f651682a	NO_CHECKSUM	Cargo.lock	Apache-2.0	Parity Technologies <admin@parity.io>	https://github.com/paritytech/polkadot-sdk.git	polkadot-sdk@f3969c7ddd34985e6e709ed458bcc519f651682a/substrate/primitives/metadata-ir/Cargo.toml	aab56b4a581fc1c50b7c782eacf2fc8be05a47cd98e4bf4d836dd9b6dd9c86f4;e93d18cb209947d5e75300c9cd9043e1e680034bcd7df0635e1012cc8d8311ab		RESOLVED_DECLARATION_AND_TEXT
sp-mixnet@0.15.0	git+https://github.com/paritytech/polkadot-sdk?tag=polkadot-v1.19.1#f3969c7ddd34985e6e709ed458bcc519f651682a	NO_CHECKSUM	Cargo.lock	Apache-2.0	Parity Technologies <admin@parity.io>	https://github.com/paritytech/substrate/	polkadot-sdk@f3969c7ddd34985e6e709ed458bcc519f651682a/substrate/primitives/mixnet/Cargo.toml	aab56b4a581fc1c50b7c782eacf2fc8be05a47cd98e4bf4d836dd9b6dd9c86f4;e93d18cb209947d5e75300c9cd9043e1e680034bcd7df0635e1012cc8d8311ab		RESOLVED_DECLARATION_AND_TEXT
sp-mmr-primitives@37.0.0	git+https://github.com/paritytech/polkadot-sdk?tag=polkadot-v1.19.1#f3969c7ddd34985e6e709ed458bcc519f651682a	NO_CHECKSUM	Cargo.lock	Apache-2.0	Era Contributors	{'workspace': True}	polkadot-sdk@f3969c7ddd34985e6e709ed458bcc519f651682a/substrate/primitives/merkle-mountain-range/Cargo.toml	aab56b4a581fc1c50b7c782eacf2fc8be05a47cd98e4bf4d836dd9b6dd9c86f4;e93d18cb209947d5e75300c9cd9043e1e680034bcd7df0635e1012cc8d8311ab		RESOLVED_DECLARATION_AND_TEXT
sp-npos-elections@37.0.0	git+https://github.com/paritytech/polkadot-sdk?tag=polkadot-v1.19.1#f3969c7ddd34985e6e709ed458bcc519f651682a	NO_CHECKSUM	Cargo.lock	Apache-2.0	Parity Technologies <admin@parity.io>	https://github.com/paritytech/polkadot-sdk.git	polkadot-sdk@f3969c7ddd34985e6e709ed458bcc519f651682a/substrate/primitives/npos-elections/Cargo.toml	aab56b4a581fc1c50b7c782eacf2fc8be05a47cd98e4bf4d836dd9b6dd9c86f4;e93d18cb209947d5e75300c9cd9043e1e680034bcd7df0635e1012cc8d8311ab		RESOLVED_DECLARATION_AND_TEXT
sp-offchain@37.0.0	git+https://github.com/paritytech/polkadot-sdk?tag=polkadot-v1.19.1#f3969c7ddd34985e6e709ed458bcc519f651682a	NO_CHECKSUM	Cargo.lock	Apache-2.0	Parity Technologies <admin@parity.io>	https://github.com/paritytech/polkadot-sdk.git	polkadot-sdk@f3969c7ddd34985e6e709ed458bcc519f651682a/substrate/primitives/offchain/Cargo.toml	aab56b4a581fc1c50b7c782eacf2fc8be05a47cd98e4bf4d836dd9b6dd9c86f4;e93d18cb209947d5e75300c9cd9043e1e680034bcd7df0635e1012cc8d8311ab		RESOLVED_DECLARATION_AND_TEXT
sp-panic-handler@13.0.2	git+https://github.com/paritytech/polkadot-sdk?tag=polkadot-v1.19.1#f3969c7ddd34985e6e709ed458bcc519f651682a	NO_CHECKSUM	Cargo.lock	Apache-2.0	Parity Technologies <admin@parity.io>	https://github.com/paritytech/polkadot-sdk.git	polkadot-sdk@f3969c7ddd34985e6e709ed458bcc519f651682a/substrate/primitives/panic-handler/Cargo.toml	aab56b4a581fc1c50b7c782eacf2fc8be05a47cd98e4bf4d836dd9b6dd9c86f4;e93d18cb209947d5e75300c9cd9043e1e680034bcd7df0635e1012cc8d8311ab		RESOLVED_DECLARATION_AND_TEXT
sp-rpc@35.0.0	git+https://github.com/paritytech/polkadot-sdk?tag=polkadot-v1.19.1#f3969c7ddd34985e6e709ed458bcc519f651682a	NO_CHECKSUM	Cargo.lock	Apache-2.0	Parity Technologies <admin@parity.io>	https://github.com/paritytech/polkadot-sdk.git	polkadot-sdk@f3969c7ddd34985e6e709ed458bcc519f651682a/substrate/primitives/rpc/Cargo.toml	aab56b4a581fc1c50b7c782eacf2fc8be05a47cd98e4bf4d836dd9b6dd9c86f4;e93d18cb209947d5e75300c9cd9043e1e680034bcd7df0635e1012cc8d8311ab		RESOLVED_DECLARATION_AND_TEXT
sp-runtime-interface-proc-macro@19.0.0	git+https://github.com/paritytech/polkadot-sdk?tag=polkadot-v1.19.1#f3969c7ddd34985e6e709ed458bcc519f651682a	NO_CHECKSUM	Cargo.lock	Apache-2.0	Parity Technologies <admin@parity.io>	https://github.com/paritytech/polkadot-sdk.git	polkadot-sdk@f3969c7ddd34985e6e709ed458bcc519f651682a/substrate/primitives/runtime-interface/proc-macro/Cargo.toml	aab56b4a581fc1c50b7c782eacf2fc8be05a47cd98e4bf4d836dd9b6dd9c86f4;e93d18cb209947d5e75300c9cd9043e1e680034bcd7df0635e1012cc8d8311ab		RESOLVED_DECLARATION_AND_TEXT
sp-runtime-interface@30.0.0	git+https://github.com/paritytech/polkadot-sdk?tag=polkadot-v1.19.1#f3969c7ddd34985e6e709ed458bcc519f651682a	NO_CHECKSUM	Cargo.lock	Apache-2.0	Parity Technologies <admin@parity.io>	https://github.com/paritytech/polkadot-sdk.git	polkadot-sdk@f3969c7ddd34985e6e709ed458bcc519f651682a/substrate/primitives/runtime-interface/Cargo.toml	aab56b4a581fc1c50b7c782eacf2fc8be05a47cd98e4bf4d836dd9b6dd9c86f4;e93d18cb209947d5e75300c9cd9043e1e680034bcd7df0635e1012cc8d8311ab		RESOLVED_DECLARATION_AND_TEXT
sp-runtime@42.0.0	git+https://github.com/paritytech/polkadot-sdk?tag=polkadot-v1.19.1#f3969c7ddd34985e6e709ed458bcc519f651682a	NO_CHECKSUM	Cargo.lock	Apache-2.0	Parity Technologies <admin@parity.io>	https://github.com/paritytech/polkadot-sdk.git	polkadot-sdk@f3969c7ddd34985e6e709ed458bcc519f651682a/substrate/primitives/runtime/Cargo.toml	aab56b4a581fc1c50b7c782eacf2fc8be05a47cd98e4bf4d836dd9b6dd9c86f4;e93d18cb209947d5e75300c9cd9043e1e680034bcd7df0635e1012cc8d8311ab		RESOLVED_DECLARATION_AND_TEXT
sp-session@39.0.0	git+https://github.com/paritytech/polkadot-sdk?tag=polkadot-v1.19.1#f3969c7ddd34985e6e709ed458bcc519f651682a	NO_CHECKSUM	Cargo.lock	Apache-2.0	Parity Technologies <admin@parity.io>	https://github.com/paritytech/polkadot-sdk.git	polkadot-sdk@f3969c7ddd34985e6e709ed458bcc519f651682a/substrate/primitives/session/Cargo.toml	aab56b4a581fc1c50b7c782eacf2fc8be05a47cd98e4bf4d836dd9b6dd9c86f4;e93d18cb209947d5e75300c9cd9043e1e680034bcd7df0635e1012cc8d8311ab		RESOLVED_DECLARATION_AND_TEXT
sp-staking@39.0.0	git+https://github.com/paritytech/polkadot-sdk?tag=polkadot-v1.19.1#f3969c7ddd34985e6e709ed458bcc519f651682a	NO_CHECKSUM	Cargo.lock	Apache-2.0	Parity Technologies <admin@parity.io>	https://github.com/paritytech/polkadot-sdk.git	polkadot-sdk@f3969c7ddd34985e6e709ed458bcc519f651682a/substrate/primitives/staking/Cargo.toml	aab56b4a581fc1c50b7c782eacf2fc8be05a47cd98e4bf4d836dd9b6dd9c86f4;e93d18cb209947d5e75300c9cd9043e1e680034bcd7df0635e1012cc8d8311ab		RESOLVED_DECLARATION_AND_TEXT
sp-state-machine@0.46.0	git+https://github.com/paritytech/polkadot-sdk?tag=polkadot-v1.19.1#f3969c7ddd34985e6e709ed458bcc519f651682a	NO_CHECKSUM	Cargo.lock	Apache-2.0	Parity Technologies <admin@parity.io>	https://github.com/paritytech/polkadot-sdk.git	polkadot-sdk@f3969c7ddd34985e6e709ed458bcc519f651682a/substrate/primitives/state-machine/Cargo.toml	aab56b4a581fc1c50b7c782eacf2fc8be05a47cd98e4bf4d836dd9b6dd9c86f4;e93d18cb209947d5e75300c9cd9043e1e680034bcd7df0635e1012cc8d8311ab		RESOLVED_DECLARATION_AND_TEXT
sp-statement-store@21.0.0	git+https://github.com/paritytech/polkadot-sdk?tag=polkadot-v1.19.1#f3969c7ddd34985e6e709ed458bcc519f651682a	NO_CHECKSUM	Cargo.lock	Apache-2.0	Parity Technologies <admin@parity.io>	https://github.com/paritytech/polkadot-sdk.git	polkadot-sdk@f3969c7ddd34985e6e709ed458bcc519f651682a/substrate/primitives/statement-store/Cargo.toml	aab56b4a581fc1c50b7c782eacf2fc8be05a47cd98e4bf4d836dd9b6dd9c86f4;e93d18cb209947d5e75300c9cd9043e1e680034bcd7df0635e1012cc8d8311ab		RESOLVED_DECLARATION_AND_TEXT
sp-std@14.0.0	git+https://github.com/paritytech/polkadot-sdk?tag=polkadot-v1.19.1#f3969c7ddd34985e6e709ed458bcc519f651682a	NO_CHECKSUM	Cargo.lock	Apache-2.0	Parity Technologies <admin@parity.io>	https://github.com/paritytech/polkadot-sdk.git	polkadot-sdk@f3969c7ddd34985e6e709ed458bcc519f651682a/substrate/primitives/std/Cargo.toml	aab56b4a581fc1c50b7c782eacf2fc8be05a47cd98e4bf4d836dd9b6dd9c86f4;e93d18cb209947d5e75300c9cd9043e1e680034bcd7df0635e1012cc8d8311ab		RESOLVED_DECLARATION_AND_TEXT
sp-storage@22.0.0	git+https://github.com/paritytech/polkadot-sdk?tag=polkadot-v1.19.1#f3969c7ddd34985e6e709ed458bcc519f651682a	NO_CHECKSUM	Cargo.lock	Apache-2.0	Parity Technologies <admin@parity.io>	https://github.com/paritytech/polkadot-sdk.git	polkadot-sdk@f3969c7ddd34985e6e709ed458bcc519f651682a/substrate/primitives/storage/Cargo.toml	aab56b4a581fc1c50b7c782eacf2fc8be05a47cd98e4bf4d836dd9b6dd9c86f4;e93d18cb209947d5e75300c9cd9043e1e680034bcd7df0635e1012cc8d8311ab		RESOLVED_DECLARATION_AND_TEXT
sp-timestamp@37.0.0	git+https://github.com/paritytech/polkadot-sdk?tag=polkadot-v1.19.1#f3969c7ddd34985e6e709ed458bcc519f651682a	NO_CHECKSUM	Cargo.lock	Apache-2.0	Parity Technologies <admin@parity.io>	https://github.com/paritytech/polkadot-sdk.git	polkadot-sdk@f3969c7ddd34985e6e709ed458bcc519f651682a/substrate/primitives/timestamp/Cargo.toml	aab56b4a581fc1c50b7c782eacf2fc8be05a47cd98e4bf4d836dd9b6dd9c86f4;e93d18cb209947d5e75300c9cd9043e1e680034bcd7df0635e1012cc8d8311ab		RESOLVED_DECLARATION_AND_TEXT
sp-tracing@17.1.0	git+https://github.com/paritytech/polkadot-sdk?tag=polkadot-v1.19.1#f3969c7ddd34985e6e709ed458bcc519f651682a	NO_CHECKSUM	Cargo.lock	Apache-2.0	Parity Technologies <admin@parity.io>	https://github.com/paritytech/polkadot-sdk.git	polkadot-sdk@f3969c7ddd34985e6e709ed458bcc519f651682a/substrate/primitives/tracing/Cargo.toml	aab56b4a581fc1c50b7c782eacf2fc8be05a47cd98e4bf4d836dd9b6dd9c86f4;e93d18cb209947d5e75300c9cd9043e1e680034bcd7df0635e1012cc8d8311ab		RESOLVED_DECLARATION_AND_TEXT
sp-transaction-pool@37.0.0	git+https://github.com/paritytech/polkadot-sdk?tag=polkadot-v1.19.1#f3969c7ddd34985e6e709ed458bcc519f651682a	NO_CHECKSUM	Cargo.lock	Apache-2.0	Parity Technologies <admin@parity.io>	https://github.com/paritytech/polkadot-sdk.git	polkadot-sdk@f3969c7ddd34985e6e709ed458bcc519f651682a/substrate/primitives/transaction-pool/Cargo.toml	aab56b4a581fc1c50b7c782eacf2fc8be05a47cd98e4bf4d836dd9b6dd9c86f4;e93d18cb209947d5e75300c9cd9043e1e680034bcd7df0635e1012cc8d8311ab		RESOLVED_DECLARATION_AND_TEXT
sp-transaction-storage-proof@37.0.0	git+https://github.com/paritytech/polkadot-sdk?tag=polkadot-v1.19.1#f3969c7ddd34985e6e709ed458bcc519f651682a	NO_CHECKSUM	Cargo.lock	Apache-2.0	Parity Technologies <admin@parity.io>	https://github.com/paritytech/polkadot-sdk.git	polkadot-sdk@f3969c7ddd34985e6e709ed458bcc519f651682a/substrate/primitives/transaction-storage-proof/Cargo.toml	aab56b4a581fc1c50b7c782eacf2fc8be05a47cd98e4bf4d836dd9b6dd9c86f4;e93d18cb209947d5e75300c9cd9043e1e680034bcd7df0635e1012cc8d8311ab		RESOLVED_DECLARATION_AND_TEXT
sp-trie@40.0.0	git+https://github.com/paritytech/polkadot-sdk?tag=polkadot-v1.19.1#f3969c7ddd34985e6e709ed458bcc519f651682a	NO_CHECKSUM	Cargo.lock	Apache-2.0	Parity Technologies <admin@parity.io>	https://github.com/paritytech/polkadot-sdk.git	polkadot-sdk@f3969c7ddd34985e6e709ed458bcc519f651682a/substrate/primitives/trie/Cargo.toml	aab56b4a581fc1c50b7c782eacf2fc8be05a47cd98e4bf4d836dd9b6dd9c86f4;e93d18cb209947d5e75300c9cd9043e1e680034bcd7df0635e1012cc8d8311ab		RESOLVED_DECLARATION_AND_TEXT
sp-version-proc-macro@15.0.0	git+https://github.com/paritytech/polkadot-sdk?tag=polkadot-v1.19.1#f3969c7ddd34985e6e709ed458bcc519f651682a	NO_CHECKSUM	Cargo.lock	Apache-2.0	Parity Technologies <admin@parity.io>	https://github.com/paritytech/polkadot-sdk.git	polkadot-sdk@f3969c7ddd34985e6e709ed458bcc519f651682a/substrate/primitives/version/proc-macro/Cargo.toml	aab56b4a581fc1c50b7c782eacf2fc8be05a47cd98e4bf4d836dd9b6dd9c86f4;e93d18cb209947d5e75300c9cd9043e1e680034bcd7df0635e1012cc8d8311ab		RESOLVED_DECLARATION_AND_TEXT
sp-version@40.0.0	git+https://github.com/paritytech/polkadot-sdk?tag=polkadot-v1.19.1#f3969c7ddd34985e6e709ed458bcc519f651682a	NO_CHECKSUM	Cargo.lock	Apache-2.0	Parity Technologies <admin@parity.io>	https://github.com/paritytech/polkadot-sdk.git	polkadot-sdk@f3969c7ddd34985e6e709ed458bcc519f651682a/substrate/primitives/version/Cargo.toml	aab56b4a581fc1c50b7c782eacf2fc8be05a47cd98e4bf4d836dd9b6dd9c86f4;e93d18cb209947d5e75300c9cd9043e1e680034bcd7df0635e1012cc8d8311ab		RESOLVED_DECLARATION_AND_TEXT
sp-wasm-interface@22.0.0	git+https://github.com/paritytech/polkadot-sdk?tag=polkadot-v1.19.1#f3969c7ddd34985e6e709ed458bcc519f651682a	NO_CHECKSUM	Cargo.lock	Apache-2.0	Parity Technologies <admin@parity.io>	https://github.com/paritytech/polkadot-sdk.git	polkadot-sdk@f3969c7ddd34985e6e709ed458bcc519f651682a/substrate/primitives/wasm-interface/Cargo.toml	aab56b4a581fc1c50b7c782eacf2fc8be05a47cd98e4bf4d836dd9b6dd9c86f4;e93d18cb209947d5e75300c9cd9043e1e680034bcd7df0635e1012cc8d8311ab		RESOLVED_DECLARATION_AND_TEXT
sp-weights@32.0.0	git+https://github.com/paritytech/polkadot-sdk?tag=polkadot-v1.19.1#f3969c7ddd34985e6e709ed458bcc519f651682a	NO_CHECKSUM	Cargo.lock	Apache-2.0	Parity Technologies <admin@parity.io>	https://github.com/paritytech/polkadot-sdk.git	polkadot-sdk@f3969c7ddd34985e6e709ed458bcc519f651682a/substrate/primitives/weights/Cargo.toml	aab56b4a581fc1c50b7c782eacf2fc8be05a47cd98e4bf4d836dd9b6dd9c86f4;e93d18cb209947d5e75300c9cd9043e1e680034bcd7df0635e1012cc8d8311ab		RESOLVED_DECLARATION_AND_TEXT
spin@0.5.2	registry+https://github.com/rust-lang/crates.io-index	6e63cff320ae2c57904679ba7cb63280a3dc4613885beafb148ee7bf9aa9042d	Cargo.lock	MIT	Mathijs van de Nes <git@mathijs.vd-nes.nl>;John Ericson <git@JohnEricson.me>	https://github.com/mvdnes/spin-rs.git	crates.io/spin/0.5.2	6ac8711fb340c62ce0a4ecd463342d3fa0e8e70de697c863a2e1c0c53006003c		RESOLVED_DECLARATION_AND_TEXT
spin@0.9.8	registry+https://github.com/rust-lang/crates.io-index	6980e8d7511241f8acf4aebddbb1ff938df5eebe98691418c4468d0b72a96a67	Cargo.lock	MIT	Mathijs van de Nes <git@mathijs.vd-nes.nl>;John Ericson <git@JohnEricson.me>;Joshua Barretto <joshua.s.barretto@gmail.com>	https://github.com/mvdnes/spin-rs.git	crates.io/spin/0.9.8	6ac8711fb340c62ce0a4ecd463342d3fa0e8e70de697c863a2e1c0c53006003c		RESOLVED_DECLARATION_AND_TEXT
spinning_top@0.3.0	registry+https://github.com/rust-lang/crates.io-index	d96d2d1d716fb500937168cc09353ffdc7a012be8475ac7308e1bdf0e3923300	Cargo.lock	MIT/Apache-2.0	Philipp Oppermann <dev@phil-opp.com>	https://github.com/rust-osdev/spinning_top	crates.io/spinning_top/0.3.0	984f3c74e72da2ffd0b10715e2e5e85307f30fb0ed41d08e88b37e7fac4f2d03;c71d239df91726fc519c6eb72d318ec65820627232b2f796219e87dcf35d0ab4		RESOLVED_DECLARATION_AND_TEXT
spki@0.7.3	registry+https://github.com/rust-lang/crates.io-index	d91ed6c858b01f942cd56b37a94b3e0a1798290327d1236e4d9cf4eaca44d29d	Cargo.lock	Apache-2.0 OR MIT	RustCrypto Developers	https://github.com/RustCrypto/formats/tree/master/spki	crates.io/spki/0.7.3	a9040321c3712d8fd0b09cf52b17445de04a23a10165049ae187cd39e5c86be5;c995204cc6bad2ed67dd41f7d89bb9f1a9d48e0edd745732b30640d7912089a4		RESOLVED_DECLARATION_AND_TEXT
ss58-registry@1.51.0	registry+https://github.com/rust-lang/crates.io-index	19409f13998e55816d1c728395af0b52ec066206341d939e22e7766df9b494b8	Cargo.lock	Apache-2.0	Parity Technologies <admin@parity.io>	https://github.com/paritytech/ss58-registry/	crates.io/ss58-registry/1.51.0	c71d239df91726fc519c6eb72d318ec65820627232b2f796219e87dcf35d0ab4		RESOLVED_DECLARATION_AND_TEXT
stable_deref_trait@1.2.1	registry+https://github.com/rust-lang/crates.io-index	6ce2be8dc25455e1f91df71bfa12ad37d7af1092ae736f3a6cd0e37bc7810596	Cargo.lock	MIT OR Apache-2.0	Robert Grosse <n210241048576@gmail.com>	https://github.com/storyyeller/stable_deref_trait	crates.io/stable_deref_trait/1.2.1	5e05b024f653a5ce199e77cbbbd42fb5553562ec714b819421ed0c3e552a75d7;a60eea817514531668d7e00765731449fe14d059d3249e0bc93b36de45f759f2		RESOLVED_DECLARATION_AND_TEXT
staging-xcm-builder@21.1.0	git+https://github.com/paritytech/polkadot-sdk?tag=polkadot-v1.19.1#f3969c7ddd34985e6e709ed458bcc519f651682a	NO_CHECKSUM	Cargo.lock	Apache-2.0	Era Contributors	{'workspace': True}	polkadot-sdk@f3969c7ddd34985e6e709ed458bcc519f651682a/polkadot/xcm/xcm-builder/Cargo.toml	d62f065830aa3739cc031156b9690805c7b2e811b4a178c8b4acd8725d561c94		RESOLVED_DECLARATION_AND_TEXT
staging-xcm-executor@20.0.1	git+https://github.com/paritytech/polkadot-sdk?tag=polkadot-v1.19.1#f3969c7ddd34985e6e709ed458bcc519f651682a	NO_CHECKSUM	Cargo.lock	Apache-2.0	Era Contributors	{'workspace': True}	polkadot-sdk@f3969c7ddd34985e6e709ed458bcc519f651682a/polkadot/xcm/xcm-executor/Cargo.toml	d62f065830aa3739cc031156b9690805c7b2e811b4a178c8b4acd8725d561c94		RESOLVED_DECLARATION_AND_TEXT
staging-xcm@17.0.0	git+https://github.com/paritytech/polkadot-sdk?tag=polkadot-v1.19.1#f3969c7ddd34985e6e709ed458bcc519f651682a	NO_CHECKSUM	Cargo.lock	Apache-2.0	Era Contributors	{'workspace': True}	polkadot-sdk@f3969c7ddd34985e6e709ed458bcc519f651682a/polkadot/xcm/Cargo.toml	d62f065830aa3739cc031156b9690805c7b2e811b4a178c8b4acd8725d561c94		RESOLVED_DECLARATION_AND_TEXT
static_assertions@1.1.0	registry+https://github.com/rust-lang/crates.io-index	a2eb9349b6444b326872e140eb1cf5e7c522154d69e7a0ffb0fb81c06b37543f	Cargo.lock	MIT OR Apache-2.0	Nikolai Vazquez	https://github.com/nvzqz/static-assertions-rs	crates.io/static_assertions/1.1.0	cfc7749b96f63bd31c3c42b5c471bf756814053e847c10f3eb003417bc523d30;ea084a2373ebc1f0902c09266e7bf25a05ab3814c1805bb017ffa7308f90c061		RESOLVED_DECLARATION_AND_TEXT
static_init@1.0.4	registry+https://github.com/rust-lang/crates.io-index	8bae1df58c5fea7502e8e352ec26b5579f6178e1fdb311e088580c980dee25ed	Cargo.lock	MIT OR Apache-2.0	Olivier Kannengieser <okannen@gmail.com>	https://gitlab.com/okannen/static_init	crates.io/static_init/1.0.4			RESOLVED_MANIFEST_DECLARATION_NO_ADJACENT_TEXT
static_init_macro@1.0.4	registry+https://github.com/rust-lang/crates.io-index	1389c88ddd739ec6d3f8f83343764a0e944cd23cfbf126a9796a714b0b6edd6f	Cargo.lock	MIT OR Apache-2.0	Olivier Kannengieser <okannen@gmail.com>	https://gitlab.com/okannen/static_init	crates.io/static_init_macro/1.0.4			RESOLVED_MANIFEST_DECLARATION_NO_ADJACENT_TEXT
string-interner@0.17.0	registry+https://github.com/rust-lang/crates.io-index	1c6a0d765f5807e98a091107bae0a56ea3799f66a5de47b2c84c94a39c09974e	Cargo.lock	MIT/Apache-2.0	Robbepop	https://github.com/robbepop/string-interner	crates.io/string-interner/0.17.0	1129d26272a056e37e5e7bd2985b8c72e6acd8f55c899c7a2bc136d13ee172b6;7f304506d28acecccba0e2ee0bb6aebdf46385d4a7cd602e18dd1a2f123bba75		RESOLVED_DECLARATION_AND_TEXT
strsim@0.11.1	registry+https://github.com/rust-lang/crates.io-index	7da8b5736845d9f2fcb837ea5d9e2628564b3b043a70948a3f0b778838c5fb4f	Cargo.lock	MIT	Danny Guo <danny@dannyguo.com>;maxbachmann <oss@maxbachmann.de>	https://github.com/rapidfuzz/strsim-rs	crates.io/strsim/0.11.1	1e697ce8d21401fbf1bddd9b5c3fd4c4c79ae1e3bdf51f81761c85e11d5a89cd		RESOLVED_DECLARATION_AND_TEXT
strum@0.24.1	registry+https://github.com/rust-lang/crates.io-index	063e6045c0e62079840579a7e47a355ae92f60eb74daaf156fb1e84ba164e63f	Cargo.lock	MIT	Peter Glotfelty <peter.glotfelty@microsoft.com>	https://github.com/Peternator7/strum	crates.io/strum/0.24.1	8bce3b45e49ecd1461f223b46de133d8f62cd39f745cfdaf81bee554b908bd42		RESOLVED_DECLARATION_AND_TEXT
strum@0.26.3	registry+https://github.com/rust-lang/crates.io-index	8fec0f0aef304996cf250b31b5a10dee7980c85da9d759361292b8bca5a18f06	Cargo.lock	MIT	Peter Glotfelty <peter.glotfelty@microsoft.com>	https://github.com/Peternator7/strum	crates.io/strum/0.26.3	8bce3b45e49ecd1461f223b46de133d8f62cd39f745cfdaf81bee554b908bd42		RESOLVED_DECLARATION_AND_TEXT
strum_macros@0.24.3	registry+https://github.com/rust-lang/crates.io-index	1e385be0d24f186b4ce2f9982191e7101bb737312ad61c1f2f984f34bcf85d59	Cargo.lock	MIT	Peter Glotfelty <peter.glotfelty@microsoft.com>	https://github.com/Peternator7/strum	crates.io/strum_macros/0.24.3	8bce3b45e49ecd1461f223b46de133d8f62cd39f745cfdaf81bee554b908bd42		RESOLVED_DECLARATION_AND_TEXT
strum_macros@0.26.4	registry+https://github.com/rust-lang/crates.io-index	4c6bee85a5a24955dc440386795aa378cd9cf82acd5f764469152d2270e581be	Cargo.lock	MIT	Peter Glotfelty <peter.glotfelty@microsoft.com>	https://github.com/Peternator7/strum	crates.io/strum_macros/0.26.4	8bce3b45e49ecd1461f223b46de133d8f62cd39f745cfdaf81bee554b908bd42		RESOLVED_DECLARATION_AND_TEXT
substrate-bip39@0.6.0	git+https://github.com/paritytech/polkadot-sdk?tag=polkadot-v1.19.1#f3969c7ddd34985e6e709ed458bcc519f651682a	NO_CHECKSUM	Cargo.lock	Apache-2.0	Parity Technologies <admin@parity.io>	https://github.com/paritytech/polkadot-sdk.git	polkadot-sdk@f3969c7ddd34985e6e709ed458bcc519f651682a/substrate/utils/substrate-bip39/Cargo.toml	aab56b4a581fc1c50b7c782eacf2fc8be05a47cd98e4bf4d836dd9b6dd9c86f4;e93d18cb209947d5e75300c9cd9043e1e680034bcd7df0635e1012cc8d8311ab		RESOLVED_DECLARATION_AND_TEXT
substrate-bn@0.6.0	registry+https://github.com/rust-lang/crates.io-index	72b5bbfa79abbae15dd642ea8176a21a635ff3c00059961d1ea27ad04e5b441c	Cargo.lock	MIT OR Apache-2.0	Sean Bowe <ewillbefull@gmail.com>;Parity Technologies <admin@parity.io>	https://github.com/paritytech/bn	crates.io/substrate-bn/0.6.0	3dbb64ac56641dc191cfb2ddcb1033b77eeae4f05aa8f2bb455c4d90c237c206;bce26ed04503813b48f87529a987820ee2f51e4a4387003fc90d10f6aeb73d60		RESOLVED_DECLARATION_AND_TEXT
substrate-build-script-utils@11.0.0	git+https://github.com/paritytech/polkadot-sdk?tag=polkadot-v1.19.1#f3969c7ddd34985e6e709ed458bcc519f651682a	NO_CHECKSUM	Cargo.lock	Apache-2.0	Parity Technologies <admin@parity.io>	https://github.com/paritytech/polkadot-sdk.git	polkadot-sdk@f3969c7ddd34985e6e709ed458bcc519f651682a/substrate/utils/build-script-utils/Cargo.toml	aab56b4a581fc1c50b7c782eacf2fc8be05a47cd98e4bf4d836dd9b6dd9c86f4;e93d18cb209947d5e75300c9cd9043e1e680034bcd7df0635e1012cc8d8311ab		RESOLVED_DECLARATION_AND_TEXT
substrate-frame-rpc-system@45.0.0	git+https://github.com/paritytech/polkadot-sdk?tag=polkadot-v1.19.1#f3969c7ddd34985e6e709ed458bcc519f651682a	NO_CHECKSUM	Cargo.lock	Apache-2.0	Parity Technologies <admin@parity.io>	https://github.com/paritytech/polkadot-sdk.git	polkadot-sdk@f3969c7ddd34985e6e709ed458bcc519f651682a/substrate/utils/frame/rpc/system/Cargo.toml	aab56b4a581fc1c50b7c782eacf2fc8be05a47cd98e4bf4d836dd9b6dd9c86f4;e93d18cb209947d5e75300c9cd9043e1e680034bcd7df0635e1012cc8d8311ab		RESOLVED_DECLARATION_AND_TEXT
substrate-prometheus-endpoint@0.17.6	git+https://github.com/paritytech/polkadot-sdk?tag=polkadot-v1.19.1#f3969c7ddd34985e6e709ed458bcc519f651682a	NO_CHECKSUM	Cargo.lock	Apache-2.0	Parity Technologies <admin@parity.io>	https://github.com/paritytech/polkadot-sdk.git	polkadot-sdk@f3969c7ddd34985e6e709ed458bcc519f651682a/substrate/utils/prometheus/Cargo.toml	aab56b4a581fc1c50b7c782eacf2fc8be05a47cd98e4bf4d836dd9b6dd9c86f4;e93d18cb209947d5e75300c9cd9043e1e680034bcd7df0635e1012cc8d8311ab		RESOLVED_DECLARATION_AND_TEXT
substrate-wasm-builder@27.0.0	git+https://github.com/paritytech/polkadot-sdk?tag=polkadot-v1.19.1#f3969c7ddd34985e6e709ed458bcc519f651682a	NO_CHECKSUM	Cargo.lock	Apache-2.0	Parity Technologies <admin@parity.io>	https://github.com/paritytech/polkadot-sdk.git	polkadot-sdk@f3969c7ddd34985e6e709ed458bcc519f651682a/substrate/utils/wasm-builder/Cargo.toml	aab56b4a581fc1c50b7c782eacf2fc8be05a47cd98e4bf4d836dd9b6dd9c86f4;e93d18cb209947d5e75300c9cd9043e1e680034bcd7df0635e1012cc8d8311ab		RESOLVED_DECLARATION_AND_TEXT
subtle@1.0.0	registry+https://github.com/rust-lang/crates.io-index	2d67a5a62ba6e01cb2192ff309324cb4875d0c451d55fe2319433abe7a05a8ee	Cargo.lock	BSD-3-Clause	Isis Lovecruft <isis@patternsinthevoid.net>;Henry de Valence <hdevalence@hdevalence.ca>	https://github.com/dalek-cryptography/subtle	crates.io/subtle/1.0.0	36c48715a280d334a995f26fc38103f21cb92425a20c8eeaa368b229b49b6d4d		RESOLVED_DECLARATION_AND_TEXT
subtle@2.6.1	registry+https://github.com/rust-lang/crates.io-index	13c2bddecc57b384dee18652358fb23172facb8a2c51ccc10d74c157bdea3292	Cargo.lock	BSD-3-Clause	Isis Lovecruft <isis@patternsinthevoid.net>;Henry de Valence <hdevalence@hdevalence.ca>	https://github.com/dalek-cryptography/subtle	crates.io/subtle/2.6.1	d1fc1bc0d155df60b2e7705b6b2ae02a05c96f948e1cec6e2fb86360b09f346b		RESOLVED_DECLARATION_AND_TEXT
subxt-codegen@0.41.0	registry+https://github.com/rust-lang/crates.io-index	324c52c09919fec8c22a4b572a466878322e99fe14a9e3d50d6c3700a226ec25	Cargo.lock	Apache-2.0 OR GPL-3.0	Parity Technologies <admin@parity.io>	https://github.com/paritytech/subxt	crates.io/subxt-codegen/0.41.0			RESOLVED_MANIFEST_DECLARATION_NO_ADJACENT_TEXT
subxt-core@0.41.0	registry+https://github.com/rust-lang/crates.io-index	66ef00be9d64885ec94e478a58e4e39d222024b20013ae7df4fc6ece545391aa	Cargo.lock	Apache-2.0 OR GPL-3.0	Parity Technologies <admin@parity.io>	https://github.com/paritytech/subxt	crates.io/subxt-core/0.41.0			RESOLVED_MANIFEST_DECLARATION_NO_ADJACENT_TEXT
subxt-lightclient@0.41.0	registry+https://github.com/rust-lang/crates.io-index	ce07c2515b2e63b85ec3043fe4461b287af0615d4832c2fe6e81ba780b906bc0	Cargo.lock	Apache-2.0 OR GPL-3.0	Parity Technologies <admin@parity.io>	https://github.com/paritytech/subxt	crates.io/subxt-lightclient/0.41.0			RESOLVED_MANIFEST_DECLARATION_NO_ADJACENT_TEXT
subxt-macro@0.41.0	registry+https://github.com/rust-lang/crates.io-index	7c2c8da275a620dd676381d72395dfea91f0a6cd849665b4f1d0919371850701	Cargo.lock	Apache-2.0 OR GPL-3.0	Parity Technologies <admin@parity.io>	https://github.com/paritytech/subxt	crates.io/subxt-macro/0.41.0			RESOLVED_MANIFEST_DECLARATION_NO_ADJACENT_TEXT
subxt-metadata@0.41.0	registry+https://github.com/rust-lang/crates.io-index	fff4591673600c4388e21305788282414d26c791b4dee21b7cb0b19c10076f98	Cargo.lock	Apache-2.0 OR GPL-3.0	Parity Technologies <admin@parity.io>	https://github.com/paritytech/subxt	crates.io/subxt-metadata/0.41.0			RESOLVED_MANIFEST_DECLARATION_NO_ADJACENT_TEXT
subxt-rpcs@0.41.0	registry+https://github.com/rust-lang/crates.io-index	4ba7494d250d65dc3439365ac5e8e0fbb9c3992e6e84b7aa01d69e082249b8b8	Cargo.lock	Apache-2.0 OR GPL-3.0	Parity Technologies <admin@parity.io>	https://github.com/paritytech/subxt	crates.io/subxt-rpcs/0.41.0			RESOLVED_MANIFEST_DECLARATION_NO_ADJACENT_TEXT
subxt-signer@0.41.0	registry+https://github.com/rust-lang/crates.io-index	4a2370298a210ed1df26152db7209a85e0ed8cfbce035309c3b37f7b61755377	Cargo.lock	Apache-2.0 OR GPL-3.0	Parity Technologies <admin@parity.io>	https://github.com/paritytech/subxt	crates.io/subxt-signer/0.41.0			RESOLVED_MANIFEST_DECLARATION_NO_ADJACENT_TEXT
subxt-utils-fetchmetadata@0.41.0	registry+https://github.com/rust-lang/crates.io-index	fc868b55fe2303788dc7703457af390111940c3da4714b510983284501780ed5	Cargo.lock	Apache-2.0 OR GPL-3.0	Parity Technologies <admin@parity.io>	https://github.com/paritytech/subxt	crates.io/subxt-utils-fetchmetadata/0.41.0			RESOLVED_MANIFEST_DECLARATION_NO_ADJACENT_TEXT
subxt@0.41.0	registry+https://github.com/rust-lang/crates.io-index	03459d84546def5e1d0d22b162754609f18e031522b0319b53306f5829de9c09	Cargo.lock	Apache-2.0 OR GPL-3.0	Parity Technologies <admin@parity.io>	https://github.com/paritytech/subxt	crates.io/subxt/0.41.0			RESOLVED_MANIFEST_DECLARATION_NO_ADJACENT_TEXT
syn-solidity@1.4.1	registry+https://github.com/rust-lang/crates.io-index	ff790eb176cc81bb8936aed0f7b9f14fc4670069a2d371b3e3b0ecce908b2cb3	Cargo.lock	MIT OR Apache-2.0	Alloy Contributors	https://github.com/alloy-rs/core	crates.io/syn-solidity/1.4.1			RESOLVED_MANIFEST_DECLARATION_NO_ADJACENT_TEXT
syn@1.0.109	registry+https://github.com/rust-lang/crates.io-index	72b64191b275b66ffe2469e8af2c1cfe3bafa67b529ead792a6d0160888b4237	Cargo.lock	MIT OR Apache-2.0	David Tolnay <dtolnay@gmail.com>	https://github.com/dtolnay/syn	crates.io/syn/1.0.109	23f18e03dc49df91622fe2a76176497404e46ced8a715d9d2b67a7446571cca3;a60eea817514531668d7e00765731449fe14d059d3249e0bc93b36de45f759f2		RESOLVED_DECLARATION_AND_TEXT
syn@2.0.107	registry+https://github.com/rust-lang/crates.io-index	2a26dbd934e5451d21ef060c018dae56fc073894c5a7896f882928a76e6d081b	Cargo.lock	MIT OR Apache-2.0	David Tolnay <dtolnay@gmail.com>	https://github.com/dtolnay/syn	crates.io/syn/2.0.107	23f18e03dc49df91622fe2a76176497404e46ced8a715d9d2b67a7446571cca3;62c7a1e35f56406896d7aa7ca52d0cc0d272ac022b5d2796e7d6905db8a3636a		RESOLVED_DECLARATION_AND_TEXT
synstructure@0.12.6	registry+https://github.com/rust-lang/crates.io-index	f36bdaa60a83aca3921b5259d5400cbf5e90fc51931376a9bd4a0eb79aa7210f	Cargo.lock	MIT	Nika Layzell <nika@thelayzells.com>	https://github.com/mystor/synstructure	crates.io/synstructure/0.12.6	219920e865eee70b7dcfc948a86b099e7f4fe2de01bcca2ca9a20c0a033f2b59		RESOLVED_DECLARATION_AND_TEXT
synstructure@0.13.2	registry+https://github.com/rust-lang/crates.io-index	728a70f3dbaf5bab7f0c4b1ac8d7ae5ea60a4b5549c8a5914361c99147a709d2	Cargo.lock	MIT	Nika Layzell <nika@thelayzells.com>	https://github.com/mystor/synstructure	crates.io/synstructure/0.13.2	219920e865eee70b7dcfc948a86b099e7f4fe2de01bcca2ca9a20c0a033f2b59		RESOLVED_DECLARATION_AND_TEXT
sysinfo@0.30.13	registry+https://github.com/rust-lang/crates.io-index	0a5b4ddaee55fb2bea2bf0e5000747e5f5c0de765e5a5ff87f4cd106439f4bb3	Cargo.lock	MIT	Guillaume Gomez <guillaume1.gomez@gmail.com>	https://github.com/GuillaumeGomez/sysinfo	crates.io/sysinfo/0.30.13	1f14f9ce70a5fdedab449bb32cd7d3f20e6e9d18c2a2b74221fc203db8684d43		RESOLVED_DECLARATION_AND_TEXT
system-configuration-sys@0.6.0	registry+https://github.com/rust-lang/crates.io-index	8e1d1b10ced5ca923a1fcb8d03e96b8d3268065d724548c0211415ff6ac6bac4	Cargo.lock	MIT OR Apache-2.0	Mullvad VPN	https://github.com/mullvad/system-configuration-rs	crates.io/system-configuration-sys/0.6.0	000cbb5bea6f21829c8f0d9e1fe87410bd5ef0453412ffc017845982a3e19824;a60eea817514531668d7e00765731449fe14d059d3249e0bc93b36de45f759f2		RESOLVED_DECLARATION_AND_TEXT
system-configuration@0.6.1	registry+https://github.com/rust-lang/crates.io-index	3c879d448e9d986b661742763247d3693ed13609438cf3d006f51f5368a5ba6b	Cargo.lock	MIT OR Apache-2.0	Mullvad VPN	https://github.com/mullvad/system-configuration-rs	crates.io/system-configuration/0.6.1	000cbb5bea6f21829c8f0d9e1fe87410bd5ef0453412ffc017845982a3e19824;a60eea817514531668d7e00765731449fe14d059d3249e0bc93b36de45f759f2		RESOLVED_DECLARATION_AND_TEXT
tagptr@0.2.0	registry+https://github.com/rust-lang/crates.io-index	7b2093cf4c8eb1e67749a6762251bc9cd836b6fc171623bd0a9d324d37af2417	Cargo.lock	MIT/Apache-2.0	Oliver Giersch	https://github.com/oliver-giersch/tagptr.git	crates.io/tagptr/0.2.0	175d33d2e88fc3944f1f54125e886e7232a85380b73dce505e9088fe4e91c576;a2b15e1e900414317d0e00d887dd2747d4abd00382c6addeb5daf746bed4b52b		RESOLVED_DECLARATION_AND_TEXT
tap@1.0.1	registry+https://github.com/rust-lang/crates.io-index	55937e1799185b12863d447f42597ed69d9928686b8d88a1df17376a097d8369	Cargo.lock	MIT	Elliott Linder <elliott.darfink@gmail.com>;myrrlyn <self@myrrlyn.dev>	https://github.com/myrrlyn/tap	crates.io/tap/1.0.1	8b4e95f5cf0dc40269c99f7b787203ffe04ded245ca2427422c196efa2b2f42a		RESOLVED_DECLARATION_AND_TEXT
target-lexicon@0.12.16	registry+https://github.com/rust-lang/crates.io-index	61c41af27dd6d1e27b1b16b489db798443478cef1f06a660c96db617ba5de3b1	Cargo.lock	Apache-2.0 WITH LLVM-exception	Dan Gohman <sunfish@mozilla.com>	https://github.com/bytecodealliance/target-lexicon	crates.io/target-lexicon/0.12.16	268872b9816f90fd8e85db5a28d33f8150ebb8dd016653fb39ef1f94f2686bc5		RESOLVED_DECLARATION_AND_TEXT
tempfile@3.23.0	registry+https://github.com/rust-lang/crates.io-index	2d31c77bdf42a745371d260a26ca7163f1e0924b64afa0b688e61b5a9fa02f16	Cargo.lock	MIT OR Apache-2.0	Steven Allen <steven@stebalien.com>;The Rust Project Developers;Ashley Mannix <ashleymannix@live.com.au>;Jason White <me@jasonwhite.io>	https://github.com/Stebalien/tempfile	crates.io/tempfile/3.23.0	8b427f5bc501764575e52ba4f9d95673cf8f6d80a86d0d06599852e1a9a20a36;a60eea817514531668d7e00765731449fe14d059d3249e0bc93b36de45f759f2		RESOLVED_DECLARATION_AND_TEXT
termcolor@1.4.1	registry+https://github.com/rust-lang/crates.io-index	06794f8f6c5c898b3275aebefa6b8a1cb24cd2c6c79397ab15774837a0bc5755	Cargo.lock	Unlicense OR MIT	Andrew Gallant <jamslam@gmail.com>	https://github.com/BurntSushi/termcolor	crates.io/termcolor/1.4.1	01c266bced4a434da0051174d6bee16a4c82cf634e2679b6155d40d75012390f;0f96a83840e146e43c0ec96a22ec1f392e0680e6c1226e6f3ba87e0740af850f		RESOLVED_DECLARATION_AND_TEXT
terminal_size@0.4.3	registry+https://github.com/rust-lang/crates.io-index	60b8cb979cb11c32ce1603f8137b22262a9d131aaa5c37b5678025f22b8becd0	Cargo.lock	MIT OR Apache-2.0	Andrew Chin <achin@eminence32.net>	https://github.com/eminence/terminal-size	crates.io/terminal_size/0.4.3	bc8dcbbd559a61b8a8c0c89d5c3e15d0dc47c6fae94e78ac428d6a7b7da3c4f9;c6596eb7be8581c18be736c846fb9173b69eccf6ef94c5135893ec56bd92ba08		RESOLVED_DECLARATION_AND_TEXT
termtree@0.5.1	registry+https://github.com/rust-lang/crates.io-index	8f50febec83f5ee1df3015341d8bd429f2d1cc62bcba7ea2076759d315084683	Cargo.lock	MIT		https://github.com/rust-cli/termtree	crates.io/termtree/0.5.1	6efb0476a1cc085077ed49357026d8c173bf33017278ef440f222fb9cbcb66e6		RESOLVED_DECLARATION_AND_TEXT
thiserror-impl@1.0.69	registry+https://github.com/rust-lang/crates.io-index	4fee6c4efc90059e10f81e6d42c60a18f76588c3d74cb83a0b242a2b6c7504c1	Cargo.lock	MIT OR Apache-2.0	David Tolnay <dtolnay@gmail.com>	https://github.com/dtolnay/thiserror	crates.io/thiserror-impl/1.0.69	23f18e03dc49df91622fe2a76176497404e46ced8a715d9d2b67a7446571cca3;62c7a1e35f56406896d7aa7ca52d0cc0d272ac022b5d2796e7d6905db8a3636a		RESOLVED_DECLARATION_AND_TEXT
thiserror-impl@2.0.17	registry+https://github.com/rust-lang/crates.io-index	3ff15c8ecd7de3849db632e14d18d2571fa09dfc5ed93479bc4485c7a517c913	Cargo.lock	MIT OR Apache-2.0	David Tolnay <dtolnay@gmail.com>	https://github.com/dtolnay/thiserror	crates.io/thiserror-impl/2.0.17	23f18e03dc49df91622fe2a76176497404e46ced8a715d9d2b67a7446571cca3;62c7a1e35f56406896d7aa7ca52d0cc0d272ac022b5d2796e7d6905db8a3636a		RESOLVED_DECLARATION_AND_TEXT
thiserror@1.0.69	registry+https://github.com/rust-lang/crates.io-index	b6aaf5339b578ea85b50e080feb250a3e8ae8cfcdff9a461c9ec2904bc923f52	Cargo.lock	MIT OR Apache-2.0	David Tolnay <dtolnay@gmail.com>	https://github.com/dtolnay/thiserror	crates.io/thiserror/1.0.69	23f18e03dc49df91622fe2a76176497404e46ced8a715d9d2b67a7446571cca3;62c7a1e35f56406896d7aa7ca52d0cc0d272ac022b5d2796e7d6905db8a3636a		RESOLVED_DECLARATION_AND_TEXT
thiserror@2.0.17	registry+https://github.com/rust-lang/crates.io-index	f63587ca0f12b72a0600bcba1d40081f830876000bb46dd2337a3051618f4fc8	Cargo.lock	MIT OR Apache-2.0	David Tolnay <dtolnay@gmail.com>	https://github.com/dtolnay/thiserror	crates.io/thiserror/2.0.17	23f18e03dc49df91622fe2a76176497404e46ced8a715d9d2b67a7446571cca3;62c7a1e35f56406896d7aa7ca52d0cc0d272ac022b5d2796e7d6905db8a3636a		RESOLVED_DECLARATION_AND_TEXT
thousands@0.2.0	registry+https://github.com/rust-lang/crates.io-index	3bf63baf9f5039dadc247375c29eb13706706cfde997d0330d05aa63a77d8820	Cargo.lock	MIT/Apache-2.0	Jesse A. Tov <jesse.tov@gmail.com>	https://github.com/tov/thousands-rs	crates.io/thousands/0.2.0	a60eea817514531668d7e00765731449fe14d059d3249e0bc93b36de45f759f2;c6f6e439e7e93bcd1e9f434f31eb8fc7db4f462d95d8652a180033c3d396b4e2		RESOLVED_DECLARATION_AND_TEXT
thread_local@1.1.9	registry+https://github.com/rust-lang/crates.io-index	f60246a4944f24f6e018aa17cdeffb7818b76356965d03b07d6a9886e8962185	Cargo.lock	MIT OR Apache-2.0	Amanieu d'Antras <amanieu@gmail.com>	https://github.com/Amanieu/thread_local-rs	crates.io/thread_local/1.1.9	a60eea817514531668d7e00765731449fe14d059d3249e0bc93b36de45f759f2;c9a75f18b9ab2927829a208fc6aa2cf4e63b8420887ba29cdb265d6619ae82d5		RESOLVED_DECLARATION_AND_TEXT
threadpool@1.8.1	registry+https://github.com/rust-lang/crates.io-index	d050e60b33d41c19108b32cea32164033a9013fe3b46cbd4457559bfbf77afaa	Cargo.lock	MIT/Apache-2.0	The Rust Project Developers;Corey Farwell <coreyf@rwell.org>;Stefan Schindler <dns2utf8@estada.ch>	https://github.com/rust-threadpool/rust-threadpool	crates.io/threadpool/1.8.1	6485b8ed310d3f0340bf1ad1f47645069ce4069dcc6bb46c7d5c6faf41de1fdb;a60eea817514531668d7e00765731449fe14d059d3249e0bc93b36de45f759f2		RESOLVED_DECLARATION_AND_TEXT
tikv-jemalloc-ctl@0.5.4	registry+https://github.com/rust-lang/crates.io-index	619bfed27d807b54f7f776b9430d4f8060e66ee138a28632ca898584d462c31c	Cargo.lock	MIT/Apache-2.0	Steven Fackler <sfackler@gmail.com>;Gonzalo Brito Gadeschi <gonzalobg88@gmail.com>;The TiKV Project Developers	https://github.com/tikv/jemallocator	crates.io/tikv-jemalloc-ctl/0.5.4	c6596eb7be8581c18be736c846fb9173b69eccf6ef94c5135893ec56bd92ba08;e08a94e086f2b8c2070347f5f86b26d861c605acf8d9870f28ac75af2ecbb1d4		RESOLVED_DECLARATION_AND_TEXT
tikv-jemalloc-sys@0.5.4+5.3.0-patched	registry+https://github.com/rust-lang/crates.io-index	9402443cb8fd499b6f327e40565234ff34dbda27460c5b47db0db77443dd85d1	Cargo.lock	MIT/Apache-2.0	Alex Crichton <alex@alexcrichton.com>;Gonzalo Brito Gadeschi <gonzalobg88@gmail.com>;The TiKV Project Developers	https://github.com/tikv/jemallocator	crates.io/tikv-jemalloc-sys/0.5.4+5.3.0-patched	378f5840b258e2779c39418f3f2d7b2ba96f1c7917dd6be0713f88305dbda397;a60eea817514531668d7e00765731449fe14d059d3249e0bc93b36de45f759f2		RESOLVED_DECLARATION_AND_TEXT
time-core@0.1.6	registry+https://github.com/rust-lang/crates.io-index	40868e7c1d2f0b8d73e4a8c7f0ff63af4f6d19be117e90bd73eb1d62cf831c6b	Cargo.lock	MIT OR Apache-2.0	Jacob Pratt <open-source@jhpratt.dev>;Time contributors	https://github.com/time-rs/time	crates.io/time-core/0.1.6	0d542e0c8804e39aa7f37eb00da5a762149dc682d7829451287e11b938e94594;2537228d9a1b44a5dc595241349cae7090b326c8de165aaf89bfddef4a00d0fc		RESOLVED_DECLARATION_AND_TEXT
time-macros@0.2.24	registry+https://github.com/rust-lang/crates.io-index	30cfb0125f12d9c277f35663a0a33f8c30190f4e4574868a330595412d34ebf3	Cargo.lock	MIT OR Apache-2.0	Jacob Pratt <open-source@jhpratt.dev>;Time contributors	https://github.com/time-rs/time	crates.io/time-macros/0.2.24	0d542e0c8804e39aa7f37eb00da5a762149dc682d7829451287e11b938e94594;2537228d9a1b44a5dc595241349cae7090b326c8de165aaf89bfddef4a00d0fc		RESOLVED_DECLARATION_AND_TEXT
time@0.3.44	PATH	NO_CHECKSUM	Cargo.lock	MIT OR Apache-2.0	Jacob Pratt <open-source@jhpratt.dev>;Time contributors	https://github.com/time-rs/time	vendor/time-0.3.44-security/Cargo.toml	0d542e0c8804e39aa7f37eb00da5a762149dc682d7829451287e11b938e94594;2537228d9a1b44a5dc595241349cae7090b326c8de165aaf89bfddef4a00d0fc		RESOLVED_DECLARATION_AND_TEXT
tiny-keccak@2.0.2	registry+https://github.com/rust-lang/crates.io-index	2c9d3793400a45f954c52e73d068316d76b6f4e36977e3fcebb13a2721e80237	Cargo.lock	CC0-1.0	debris <marek.kotewicz@gmail.com>	NONE	crates.io/tiny-keccak/2.0.2	a2010f343487d3f7618affe54f789f5487602331c0a8d03f49e9a7c547cf0499		RESOLVED_DECLARATION_AND_TEXT
tinystr@0.8.1	registry+https://github.com/rust-lang/crates.io-index	5d4f6d1145dcb577acf783d4e601bc1d76a13337bb54e6233add580b07344c8b	Cargo.lock	Unicode-3.0	The ICU4X Project Developers	https://github.com/unicode-org/icu4x	crates.io/tinystr/0.8.1	f367c1b8e1aa262435251e442901da4607b4650e0e63a026f5044473ecfb90f2		RESOLVED_DECLARATION_AND_TEXT
tinyvec@1.10.0	registry+https://github.com/rust-lang/crates.io-index	bfa5fdc3bce6191a1dbc8c02d5c8bffcf557bafa17c124c5264a458f1b0613fa	Cargo.lock	Zlib OR Apache-2.0 OR MIT	Lokathor <zefria@gmail.com>	https://github.com/Lokathor/tinyvec	crates.io/tinyvec/1.10.0	84b34dd7608f7fb9b17bd588a6bf392bf7de504e2716f024a77d89f1b145a151;cfc7749b96f63bd31c3c42b5c471bf756814053e847c10f3eb003417bc523d30;fd80a26fbb3f644af1fa994134446702932968519797227e07a1368dea80f0bc		RESOLVED_DECLARATION_AND_TEXT
tinyvec_macros@0.1.1	registry+https://github.com/rust-lang/crates.io-index	1f3ccbac311fea05f86f61904b462b55fb3df8837a366dfc601a0161d0532f20	Cargo.lock	MIT OR Apache-2.0 OR Zlib	Soveu <marx.tomasz@gmail.com>	https://github.com/Soveu/tinyvec_macros	crates.io/tinyvec_macros/0.1.1	1dd8eca0f83669e75fa119e34fb9e1be9d16e3e9b6368962b8019db6e8ae5f7b;41ace205715d9f19a3214218cc1c01d57c533e02cd0fef7c8e51a49a7fce5ac5;4f44572785f35152c1fd2eadf565b7e079c0f300b4324f0af653419f9d76b735		RESOLVED_DECLARATION_AND_TEXT
tokio-macros@2.6.0	registry+https://github.com/rust-lang/crates.io-index	af407857209536a95c8e56f8231ef2c2e2aff839b22e07a1ffcbc617e9db9fa5	Cargo.lock	MIT	Tokio Contributors <team@tokio.rs>	https://github.com/tokio-rs/tokio	crates.io/tokio-macros/2.6.0	0b83dc40cba89b9922bb84b0a9c7d2768ce37c1d7e138b7424fd4549915778c9		RESOLVED_DECLARATION_AND_TEXT
tokio-rustls@0.26.4	registry+https://github.com/rust-lang/crates.io-index	1729aa945f29d91ba541258c8df89027d5792d85a8841fb65e8bf0f4ede4ef61	Cargo.lock	MIT OR Apache-2.0		https://github.com/rustls/tokio-rustls	crates.io/tokio-rustls/0.26.4	cc117d90b498b32b11a886f279b359da16a73c3b01efbb2f5cc004b20262334e;e20fa2b8e0a2565f24a792b94b4bf4b6c2b9d36f781d8a9516e218a036e6677a		RESOLVED_DECLARATION_AND_TEXT
tokio-stream@0.1.17	registry+https://github.com/rust-lang/crates.io-index	eca58d7bba4a75707817a2c44174253f9236b2d5fbd055602e9d5c07c139a047	Cargo.lock	MIT	Tokio Contributors <team@tokio.rs>	https://github.com/tokio-rs/tokio	crates.io/tokio-stream/0.1.17	253cd04c6714889df2d32f3f64d669179a1c95c76ac43c40882c52eb06bc3552		RESOLVED_DECLARATION_AND_TEXT
tokio-tungstenite@0.26.2	registry+https://github.com/rust-lang/crates.io-index	7a9daff607c6d2bf6c16fd681ccb7eecc83e4e2cdc1ca067ffaadfca5de7f084	Cargo.lock	MIT	Daniel Abramov <dabramov@snapview.de>;Alexey Galakhov <agalakhov@snapview.de>	https://github.com/snapview/tokio-tungstenite	crates.io/tokio-tungstenite/0.26.2	fdd55e2b2da854b0fbdc1e607df7c2ba1e1ebf91ecb77c515511ebeef972bc8f		RESOLVED_DECLARATION_AND_TEXT
tokio-util@0.7.16	registry+https://github.com/rust-lang/crates.io-index	14307c986784f72ef81c89db7d9e28d6ac26d16213b109ea501696195e6e3ce5	Cargo.lock	MIT	Tokio Contributors <team@tokio.rs>	https://github.com/tokio-rs/tokio	crates.io/tokio-util/0.7.16	253cd04c6714889df2d32f3f64d669179a1c95c76ac43c40882c52eb06bc3552		RESOLVED_DECLARATION_AND_TEXT
tokio@1.48.0	registry+https://github.com/rust-lang/crates.io-index	ff360e02eab121e0bc37a2d3b4d4dc622e6eda3a8e5253d5435ecf5bd4c68408	Cargo.lock	MIT	Tokio Contributors <team@tokio.rs>	https://github.com/tokio-rs/tokio	crates.io/tokio/1.48.0	253cd04c6714889df2d32f3f64d669179a1c95c76ac43c40882c52eb06bc3552		RESOLVED_DECLARATION_AND_TEXT
toml@0.5.11	registry+https://github.com/rust-lang/crates.io-index	f4f7f0dd8d50a853a531c426359045b1998f04219d88799810762cd4ad314234	Cargo.lock	MIT/Apache-2.0	Alex Crichton <alex@alexcrichton.com>	https://github.com/toml-rs/toml	crates.io/toml/0.5.11	378f5840b258e2779c39418f3f2d7b2ba96f1c7917dd6be0713f88305dbda397;a60eea817514531668d7e00765731449fe14d059d3249e0bc93b36de45f759f2		RESOLVED_DECLARATION_AND_TEXT
toml@0.8.23	registry+https://github.com/rust-lang/crates.io-index	dc1beb996b9d83529a9e75c17a1686767d148d70663143c7854d8b4a09ced362	Cargo.lock	MIT OR Apache-2.0		https://github.com/toml-rs/toml	crates.io/toml/0.8.23	6efb0476a1cc085077ed49357026d8c173bf33017278ef440f222fb9cbcb66e6;c6596eb7be8581c18be736c846fb9173b69eccf6ef94c5135893ec56bd92ba08		RESOLVED_DECLARATION_AND_TEXT
toml_datetime@0.6.11	registry+https://github.com/rust-lang/crates.io-index	22cddaf88f4fbc13c51aebbf5f8eceb5c7c5a9da2ac40a13519eb5b0a0e8f11c	Cargo.lock	MIT OR Apache-2.0		https://github.com/toml-rs/toml	crates.io/toml_datetime/0.6.11	6efb0476a1cc085077ed49357026d8c173bf33017278ef440f222fb9cbcb66e6;c6596eb7be8581c18be736c846fb9173b69eccf6ef94c5135893ec56bd92ba08		RESOLVED_DECLARATION_AND_TEXT
toml_datetime@0.7.3	registry+https://github.com/rust-lang/crates.io-index	f2cdb639ebbc97961c51720f858597f7f24c4fc295327923af55b74c3c724533	Cargo.lock	MIT OR Apache-2.0		https://github.com/toml-rs/toml	crates.io/toml_datetime/0.7.3	6efb0476a1cc085077ed49357026d8c173bf33017278ef440f222fb9cbcb66e6;c6596eb7be8581c18be736c846fb9173b69eccf6ef94c5135893ec56bd92ba08		RESOLVED_DECLARATION_AND_TEXT
toml_edit@0.22.27	registry+https://github.com/rust-lang/crates.io-index	41fe8c660ae4257887cf66394862d21dbca4a6ddd26f04a3560410406a2f819a	Cargo.lock	MIT OR Apache-2.0		https://github.com/toml-rs/toml	crates.io/toml_edit/0.22.27	6efb0476a1cc085077ed49357026d8c173bf33017278ef440f222fb9cbcb66e6;c6596eb7be8581c18be736c846fb9173b69eccf6ef94c5135893ec56bd92ba08		RESOLVED_DECLARATION_AND_TEXT
toml_edit@0.23.7	registry+https://github.com/rust-lang/crates.io-index	6485ef6d0d9b5d0ec17244ff7eb05310113c3f316f2d14200d4de56b3cb98f8d	Cargo.lock	MIT OR Apache-2.0		https://github.com/toml-rs/toml	crates.io/toml_edit/0.23.7	6efb0476a1cc085077ed49357026d8c173bf33017278ef440f222fb9cbcb66e6;c6596eb7be8581c18be736c846fb9173b69eccf6ef94c5135893ec56bd92ba08		RESOLVED_DECLARATION_AND_TEXT
toml_parser@1.0.4	registry+https://github.com/rust-lang/crates.io-index	c0cbe268d35bdb4bb5a56a2de88d0ad0eb70af5384a99d648cd4b3d04039800e	Cargo.lock	MIT OR Apache-2.0		https://github.com/toml-rs/toml	crates.io/toml_parser/1.0.4	6efb0476a1cc085077ed49357026d8c173bf33017278ef440f222fb9cbcb66e6;c6596eb7be8581c18be736c846fb9173b69eccf6ef94c5135893ec56bd92ba08		RESOLVED_DECLARATION_AND_TEXT
toml_write@0.1.2	registry+https://github.com/rust-lang/crates.io-index	5d99f8c9a7727884afe522e9bd5edbfc91a3312b36a77b5fb8926e4c31a41801	Cargo.lock	MIT OR Apache-2.0		https://github.com/toml-rs/toml	crates.io/toml_write/0.1.2	6efb0476a1cc085077ed49357026d8c173bf33017278ef440f222fb9cbcb66e6;c6596eb7be8581c18be736c846fb9173b69eccf6ef94c5135893ec56bd92ba08		RESOLVED_DECLARATION_AND_TEXT
tower-http@0.5.2	registry+https://github.com/rust-lang/crates.io-index	1e9cd434a998747dd2c4276bc96ee2e0c7a2eadf3cae88e52be55a05fa9053f5	Cargo.lock	MIT	Tower Maintainers <team@tower-rs.com>	https://github.com/tower-rs/tower-http	crates.io/tower-http/0.5.2	5049cf464977eff4b4fcfa7988d84e74116956a3eb9d5f1d451b3f828f945233		RESOLVED_DECLARATION_AND_TEXT
tower-layer@0.3.3	registry+https://github.com/rust-lang/crates.io-index	121c2a6cda46980bb0fcd1647ffaf6cd3fc79a013de288782836f6df9c48780e	Cargo.lock	MIT	Tower Maintainers <team@tower-rs.com>	https://github.com/tower-rs/tower	crates.io/tower-layer/0.3.3	4249c8e6c5ebb85f97c77e6457c6fafc1066406eb8f1ef61e796fbdc5ff18482		RESOLVED_DECLARATION_AND_TEXT
tower-service@0.3.3	registry+https://github.com/rust-lang/crates.io-index	8df9b6e13f2d32c91b9bd719c00d1958837bc7dec474d94952798cc8e69eeec3	Cargo.lock	MIT	Tower Maintainers <team@tower-rs.com>	https://github.com/tower-rs/tower	crates.io/tower-service/0.3.3	4249c8e6c5ebb85f97c77e6457c6fafc1066406eb8f1ef61e796fbdc5ff18482		RESOLVED_DECLARATION_AND_TEXT
tower@0.4.13	registry+https://github.com/rust-lang/crates.io-index	b8fa9be0de6cf49e536ce1851f987bd21a43b771b09473c3549a6c853db37c1c	Cargo.lock	MIT	Tower Maintainers <team@tower-rs.com>	https://github.com/tower-rs/tower	crates.io/tower/0.4.13	4249c8e6c5ebb85f97c77e6457c6fafc1066406eb8f1ef61e796fbdc5ff18482		RESOLVED_DECLARATION_AND_TEXT
tracing-attributes@0.1.30	registry+https://github.com/rust-lang/crates.io-index	81383ab64e72a7a8b8e13130c49e3dab29def6d0c7d76a03087b3cf71c5c6903	Cargo.lock	MIT	Tokio Contributors <team@tokio.rs>;Eliza Weisman <eliza@buoyant.io>;David Barsky <dbarsky@amazon.com>	https://github.com/tokio-rs/tracing	crates.io/tracing-attributes/0.1.30	898b1ae9821e98daf8964c8d6c7f61641f5f5aa78ad500020771c0939ee0dea1		RESOLVED_DECLARATION_AND_TEXT
tracing-core@0.1.34	registry+https://github.com/rust-lang/crates.io-index	b9d12581f227e93f094d3af2ae690a574abb8a2b9b7a96e7cfe9647b2b617678	Cargo.lock	MIT	Tokio Contributors <team@tokio.rs>	https://github.com/tokio-rs/tracing	crates.io/tracing-core/0.1.34	898b1ae9821e98daf8964c8d6c7f61641f5f5aa78ad500020771c0939ee0dea1		RESOLVED_DECLARATION_AND_TEXT
tracing-futures@0.2.5	registry+https://github.com/rust-lang/crates.io-index	97d095ae15e245a057c8e8451bab9b3ee1e1f68e9ba2b4fbc18d0ac5237835f2	Cargo.lock	MIT	Eliza Weisman <eliza@buoyant.io>;Tokio Contributors <team@tokio.rs>	https://github.com/tokio-rs/tracing	crates.io/tracing-futures/0.2.5	898b1ae9821e98daf8964c8d6c7f61641f5f5aa78ad500020771c0939ee0dea1		RESOLVED_DECLARATION_AND_TEXT
tracing-gum-proc-macro@5.0.0	git+https://github.com/paritytech/polkadot-sdk?tag=polkadot-v1.19.1#f3969c7ddd34985e6e709ed458bcc519f651682a	NO_CHECKSUM	Cargo.lock	GPL-3.0-only	Parity Technologies <admin@parity.io>	https://github.com/paritytech/polkadot-sdk.git	polkadot-sdk@f3969c7ddd34985e6e709ed458bcc519f651682a/polkadot/node/gum/proc-macro/Cargo.toml	d62f065830aa3739cc031156b9690805c7b2e811b4a178c8b4acd8725d561c94		RESOLVED_DECLARATION_AND_TEXT
tracing-gum@20.0.0	git+https://github.com/paritytech/polkadot-sdk?tag=polkadot-v1.19.1#f3969c7ddd34985e6e709ed458bcc519f651682a	NO_CHECKSUM	Cargo.lock	GPL-3.0-only	Parity Technologies <admin@parity.io>	https://github.com/paritytech/polkadot-sdk.git	polkadot-sdk@f3969c7ddd34985e6e709ed458bcc519f651682a/polkadot/node/gum/Cargo.toml	d62f065830aa3739cc031156b9690805c7b2e811b4a178c8b4acd8725d561c94		RESOLVED_DECLARATION_AND_TEXT
tracing-log@0.2.0	registry+https://github.com/rust-lang/crates.io-index	ee855f1f400bd0e5c02d150ae5de3840039a3f54b025156404e34c23c03f47c3	Cargo.lock	MIT	Tokio Contributors <team@tokio.rs>	https://github.com/tokio-rs/tracing	crates.io/tracing-log/0.2.0	898b1ae9821e98daf8964c8d6c7f61641f5f5aa78ad500020771c0939ee0dea1		RESOLVED_DECLARATION_AND_TEXT
tracing-subscriber@0.3.20	registry+https://github.com/rust-lang/crates.io-index	2054a14f5307d601f88daf0553e1cbf472acc4f2c51afab632431cdcd72124d5	Cargo.lock	MIT	Eliza Weisman <eliza@buoyant.io>;David Barsky <me@davidbarsky.com>;Tokio Contributors <team@tokio.rs>	https://github.com/tokio-rs/tracing	crates.io/tracing-subscriber/0.3.20	898b1ae9821e98daf8964c8d6c7f61641f5f5aa78ad500020771c0939ee0dea1		RESOLVED_DECLARATION_AND_TEXT
tracing@0.1.41	registry+https://github.com/rust-lang/crates.io-index	784e0ac535deb450455cbfa28a6f0df145ea1bb7ae51b821cf5e7927fdcfbdd0	Cargo.lock	MIT	Eliza Weisman <eliza@buoyant.io>;Tokio Contributors <team@tokio.rs>	https://github.com/tokio-rs/tracing	crates.io/tracing/0.1.41	898b1ae9821e98daf8964c8d6c7f61641f5f5aa78ad500020771c0939ee0dea1		RESOLVED_DECLARATION_AND_TEXT
trie-db@0.30.0	registry+https://github.com/rust-lang/crates.io-index	6c0670ab45a6b7002c7df369fee950a27cf29ae0474343fd3a15aa15f691e7a6	Cargo.lock	Apache-2.0	Parity Technologies <admin@parity.io>	https://github.com/paritytech/trie	crates.io/trie-db/0.30.0			RESOLVED_MANIFEST_DECLARATION_NO_ADJACENT_TEXT
trie-root@0.18.0	registry+https://github.com/rust-lang/crates.io-index	d4ed310ef5ab98f5fa467900ed906cb9232dd5376597e00fd4cba2a449d06c0b	Cargo.lock	Apache-2.0	Parity Technologies <admin@parity.io>	https://github.com/paritytech/trie	crates.io/trie-root/0.18.0			RESOLVED_MANIFEST_DECLARATION_NO_ADJACENT_TEXT
try-lock@0.2.5	registry+https://github.com/rust-lang/crates.io-index	e421abadd41a4225275504ea4d6566923418b7f05506fbc9c0fe86ba7396114b	Cargo.lock	MIT	Sean McArthur <sean@seanmonstar.com>	https://github.com/seanmonstar/try-lock	crates.io/try-lock/0.2.5	c816a0749cdc6bf062a5111c159723de51b2bfac66a1dac2655abd9e6b1583eb		RESOLVED_DECLARATION_AND_TEXT
tt-call@1.0.9	registry+https://github.com/rust-lang/crates.io-index	f4f195fd851901624eee5a58c4bb2b4f06399148fcd0ed336e6f1cb60a9881df	Cargo.lock	MIT OR Apache-2.0	David Tolnay <dtolnay@gmail.com>	https://github.com/dtolnay/tt-call	crates.io/tt-call/1.0.9	a60eea817514531668d7e00765731449fe14d059d3249e0bc93b36de45f759f2;d59d2723bbc1627b629429a9c779d5dcfde579c9723e6ded1052931c4e8efa0a		RESOLVED_DECLARATION_AND_TEXT
tungstenite@0.26.2	registry+https://github.com/rust-lang/crates.io-index	4793cb5e56680ecbb1d843515b23b6de9a75eb04b66643e256a396d43be33c13	Cargo.lock	MIT OR Apache-2.0	Alexey Galakhov;Daniel Abramov	https://github.com/snapview/tungstenite-rs	crates.io/tungstenite/0.26.2	7fea0ee51a4ca5d5cea7464135fd55e8b09caf3a61da3d451ac8a22af95c033f;a60eea817514531668d7e00765731449fe14d059d3249e0bc93b36de45f759f2		RESOLVED_DECLARATION_AND_TEXT
tuplex@0.1.2	registry+https://github.com/rust-lang/crates.io-index	676ac81d5454c4dcf37955d34fa8626ede3490f744b86ca14a7b90168d2a08aa	Cargo.lock	MIT/Apache-2.0	oooutlk <oooutlk@outlook.com>	https://github.com/oooutlk/tuplex	crates.io/tuplex/0.1.2	23f18e03dc49df91622fe2a76176497404e46ced8a715d9d2b67a7446571cca3;a60eea817514531668d7e00765731449fe14d059d3249e0bc93b36de45f759f2		RESOLVED_DECLARATION_AND_TEXT
twox-hash@1.6.3	registry+https://github.com/rust-lang/crates.io-index	97fee6b57c6a41524a810daee9286c02d7752c4253064d0b05472833a438f675	Cargo.lock	MIT	Jake Goulding <jake.goulding@gmail.com>	https://github.com/shepmaster/twox-hash	crates.io/twox-hash/1.6.3	f59bcb1c02654665f78a5f290bae76b6358137675f6459f51e6d474a4623d8ea		RESOLVED_DECLARATION_AND_TEXT
typenum@1.19.0	registry+https://github.com/rust-lang/crates.io-index	562d481066bde0658276a35467c4af00bdc6ee726305698a55b86e61d7ad82bb	Cargo.lock	MIT OR Apache-2.0	Paho Lurie-Gregg <paho@paholg.com>;Andre Bogus <bogusandre@gmail.com>	https://github.com/paholg/typenum	crates.io/typenum/1.19.0	516b24e051bf5630880ebbd55c40a25ce9552ebaf8970a53e8976eb70e522406;a825bd853ab71619a4923d7b4311221427848070ff44d990da39b0b274c1683f;db11fec9946737df39ca3898d9cd8c10ec6f6c3a884a6802b0ad0b81b4e8f23a		RESOLVED_DECLARATION_AND_TEXT
ucd-trie@0.1.7	registry+https://github.com/rust-lang/crates.io-index	2896d95c02a80c6d6a5d6e953d479f5ddf2dfdb6a244441010e373ac0fb88971	Cargo.lock	MIT OR Apache-2.0	Andrew Gallant <jamslam@gmail.com>	https://github.com/BurntSushi/ucd-generate	crates.io/ucd-trie/0.1.7	0f96a83840e146e43c0ec96a22ec1f392e0680e6c1226e6f3ba87e0740af850f;a60eea817514531668d7e00765731449fe14d059d3249e0bc93b36de45f759f2		RESOLVED_DECLARATION_AND_TEXT
uint@0.10.0	registry+https://github.com/rust-lang/crates.io-index	909988d098b2f738727b161a106cfc7cab00c539c2687a8836f8e565976fb53e	Cargo.lock	MIT OR Apache-2.0	Parity Technologies <admin@parity.io>	https://github.com/paritytech/parity-common	crates.io/uint/0.10.0			RESOLVED_MANIFEST_DECLARATION_NO_ADJACENT_TEXT
uint@0.9.5	registry+https://github.com/rust-lang/crates.io-index	76f64bba2c53b04fcab63c01a7d7427eadc821e3bc48c34dc9ba29c501164b52	Cargo.lock	MIT OR Apache-2.0	Parity Technologies <admin@parity.io>	https://github.com/paritytech/parity-common	crates.io/uint/0.9.5			RESOLVED_MANIFEST_DECLARATION_NO_ADJACENT_TEXT
unarray@0.1.4	registry+https://github.com/rust-lang/crates.io-index	eaea85b334db583fe3274d12b4cd1880032beab409c0d774be044d4480ab9a94	Cargo.lock	MIT OR Apache-2.0		https://github.com/cameron1024/unarray	crates.io/unarray/0.1.4	002c2696d92b5c8cf956c11072baa58eaf9f6ade995c031ea635c6a1ee342ad1;c71d239df91726fc519c6eb72d318ec65820627232b2f796219e87dcf35d0ab4		RESOLVED_DECLARATION_AND_TEXT
unicode-ident@1.0.20	registry+https://github.com/rust-lang/crates.io-index	462eeb75aeb73aea900253ce739c8e18a67423fadf006037cd3ff27e82748a06	Cargo.lock	(MIT OR Apache-2.0) AND Unicode-3.0	David Tolnay <dtolnay@gmail.com>	https://github.com/dtolnay/unicode-ident	crates.io/unicode-ident/1.0.20	23f18e03dc49df91622fe2a76176497404e46ced8a715d9d2b67a7446571cca3;62c7a1e35f56406896d7aa7ca52d0cc0d272ac022b5d2796e7d6905db8a3636a;f7db81051789b729fea528a63ec4c938fdcb93d9d61d97dc8cc2e9df6d47f2a1		RESOLVED_DECLARATION_AND_TEXT
unicode-normalization@0.1.22	registry+https://github.com/rust-lang/crates.io-index	5c5713f0fc4b5db668a2ac63cdb7bb4469d8c9fed047b1d0292cc7b0ce2ba921	Cargo.lock	MIT/Apache-2.0	kwantam <kwantam@gmail.com>;Manish Goregaokar <manishsmail@gmail.com>	https://github.com/unicode-rs/unicode-normalization	crates.io/unicode-normalization/0.1.22	23860c2a7b5d96b21569afedf033469bab9fe14a1b24a35068b8641c578ce24d;7b63ecd5f1902af1b63729947373683c32745c16a10e8e6292e2e2dcd7e90ae0;a60eea817514531668d7e00765731449fe14d059d3249e0bc93b36de45f759f2		RESOLVED_DECLARATION_AND_TEXT
unicode-segmentation@1.12.0	registry+https://github.com/rust-lang/crates.io-index	f6ccf251212114b54433ec949fd6a7841275f9ada20dddd2f29e9ceea4501493	Cargo.lock	MIT OR Apache-2.0	kwantam <kwantam@gmail.com>;Manish Goregaokar <manishsmail@gmail.com>	https://github.com/unicode-rs/unicode-segmentation	crates.io/unicode-segmentation/1.12.0	23860c2a7b5d96b21569afedf033469bab9fe14a1b24a35068b8641c578ce24d;7b63ecd5f1902af1b63729947373683c32745c16a10e8e6292e2e2dcd7e90ae0;a60eea817514531668d7e00765731449fe14d059d3249e0bc93b36de45f759f2		RESOLVED_DECLARATION_AND_TEXT
unicode-width@0.2.2	registry+https://github.com/rust-lang/crates.io-index	b4ac048d71ede7ee76d585517add45da530660ef4390e49b098733c6e897f254	Cargo.lock	MIT OR Apache-2.0	kwantam <kwantam@gmail.com>;Manish Goregaokar <manishsmail@gmail.com>	https://github.com/unicode-rs/unicode-width	crates.io/unicode-width/0.2.2	23860c2a7b5d96b21569afedf033469bab9fe14a1b24a35068b8641c578ce24d;7b63ecd5f1902af1b63729947373683c32745c16a10e8e6292e2e2dcd7e90ae0;a60eea817514531668d7e00765731449fe14d059d3249e0bc93b36de45f759f2		RESOLVED_DECLARATION_AND_TEXT
unicode-xid@0.2.6	registry+https://github.com/rust-lang/crates.io-index	ebc1c04c71510c7f702b52b7c350734c9ff1295c464a03335b00bb84fc54f853	Cargo.lock	MIT OR Apache-2.0	erick.tryzelaar <erick.tryzelaar@gmail.com>;kwantam <kwantam@gmail.com>;Manish Goregaokar <manishsmail@gmail.com>	https://github.com/unicode-rs/unicode-xid	crates.io/unicode-xid/0.2.6	23860c2a7b5d96b21569afedf033469bab9fe14a1b24a35068b8641c578ce24d;7b63ecd5f1902af1b63729947373683c32745c16a10e8e6292e2e2dcd7e90ae0;a60eea817514531668d7e00765731449fe14d059d3249e0bc93b36de45f759f2		RESOLVED_DECLARATION_AND_TEXT
universal-hash@0.5.1	registry+https://github.com/rust-lang/crates.io-index	fc1de2c688dc15305988b563c3854064043356019f97a4b46276fe734c4f07ea	Cargo.lock	MIT OR Apache-2.0	RustCrypto Developers	https://github.com/RustCrypto/traits	crates.io/universal-hash/0.5.1	6b50510a0400c72172355cc5d2ba0f2c5c2eb33149b8f96539dc345fdc484920;a9040321c3712d8fd0b09cf52b17445de04a23a10165049ae187cd39e5c86be5		RESOLVED_DECLARATION_AND_TEXT
unsigned-varint@0.7.2	registry+https://github.com/rust-lang/crates.io-index	6889a77d49f1f013504cec6bf97a2c730394adedaeb1deb5ea08949a50541105	Cargo.lock	MIT	Parity Technologies <admin@parity.io>	https://github.com/paritytech/unsigned-varint	crates.io/unsigned-varint/0.7.2	ec353d4fecf7963b4c054384557e5dbc3c7a717997eb4a3815b315721a6aa75a		RESOLVED_DECLARATION_AND_TEXT
unsigned-varint@0.8.0	registry+https://github.com/rust-lang/crates.io-index	eb066959b24b5196ae73cb057f45598450d2c5f71460e98c49b738086eff9c06	Cargo.lock	MIT	Parity Technologies <admin@parity.io>	https://github.com/paritytech/unsigned-varint	crates.io/unsigned-varint/0.8.0	ec353d4fecf7963b4c054384557e5dbc3c7a717997eb4a3815b315721a6aa75a		RESOLVED_DECLARATION_AND_TEXT
untrusted@0.7.1	registry+https://github.com/rust-lang/crates.io-index	a156c684c91ea7d62626509bce3cb4e1d9ed5c4d978f7b4352658f96a4c26b4a	Cargo.lock	ISC	Brian Smith <brian@briansmith.org>	https://github.com/briansmith/untrusted	crates.io/untrusted/0.7.1	7abd9b6960dcf7d4d0a48606a5b71bfe37d472db68d70637f3a58a56785f1621		RESOLVED_DECLARATION_AND_TEXT
untrusted@0.9.0	registry+https://github.com/rust-lang/crates.io-index	8ecb6da28b8a351d773b68d5825ac39017e680750f980f3a1a85cd8dd28a47c1	Cargo.lock	ISC	Brian Smith <brian@briansmith.org>	https://github.com/briansmith/untrusted	crates.io/untrusted/0.9.0	7abd9b6960dcf7d4d0a48606a5b71bfe37d472db68d70637f3a58a56785f1621		RESOLVED_DECLARATION_AND_TEXT
url@2.5.7	registry+https://github.com/rust-lang/crates.io-index	08bc136a29a3d1758e07a9cca267be308aeebf5cfd5a10f3f67ab2097683ef5b	Cargo.lock	MIT OR Apache-2.0	The rust-url developers	https://github.com/servo/rust-url	crates.io/url/2.5.7	a60eea817514531668d7e00765731449fe14d059d3249e0bc93b36de45f759f2;b38f11f6096706e6de553dabe2a7ed142d59b6fa8c97e290c67496154745cdd5		RESOLVED_DECLARATION_AND_TEXT
utf-8@0.7.6	registry+https://github.com/rust-lang/crates.io-index	09cc8ee72d2a9becf2f2febe0205bbed8fc6615b7cb429ad062dc7b7ddd036a9	Cargo.lock	MIT OR Apache-2.0	Simon Sapin <simon.sapin@exyr.org>	https://github.com/SimonSapin/rust-utf8	crates.io/utf-8/0.7.6	23f18e03dc49df91622fe2a76176497404e46ced8a715d9d2b67a7446571cca3;62c7a1e35f56406896d7aa7ca52d0cc0d272ac022b5d2796e7d6905db8a3636a		RESOLVED_DECLARATION_AND_TEXT
utf8_iter@1.0.4	registry+https://github.com/rust-lang/crates.io-index	b6c140620e7ffbb22c2dee59cafe6084a59b5ffc27a8859a5f0d494b5d52b6be	Cargo.lock	Apache-2.0 OR MIT	Henri Sivonen <hsivonen@hsivonen.fi>	https://github.com/hsivonen/utf8_iter	crates.io/utf8_iter/1.0.4	3fa4ca83dcc9237839b1bdeb2e6d16bdfb5ec0c5ce42b24694d8bbf0dcbef72c;c30152c94a6d75e021adbc52b3a52470366a46edb917e17deae3259251af244c;cfc7749b96f63bd31c3c42b5c471bf756814053e847c10f3eb003417bc523d30		RESOLVED_DECLARATION_AND_TEXT
utf8parse@0.2.2	registry+https://github.com/rust-lang/crates.io-index	06abde3611657adf66d383f00b093d7faecc7fa57071cce2578660c9f1010821	Cargo.lock	Apache-2.0 OR MIT	Joe Wilm <joe@jwilm.com>;Christian Duerr <contact@christianduerr.com>	https://github.com/alacritty/vte	crates.io/utf8parse/0.2.2	62c7a1e35f56406896d7aa7ca52d0cc0d272ac022b5d2796e7d6905db8a3636a;e4c9b06fa850cb9b540a5e400e9f6394cf15efcf4098144de477d1d3dae10150		RESOLVED_DECLARATION_AND_TEXT
uuid@1.18.1	registry+https://github.com/rust-lang/crates.io-index	2f87b8aa10b915a06587d0dec516c282ff295b475d94abf425d62b57710070a2	Cargo.lock	Apache-2.0 OR MIT	Ashley Mannix<ashleymannix@live.com.au>;Dylan DPC<dylan.dpc@gmail.com>;Hunar Roop Kahlon<hunar.roop@gmail.com>	https://github.com/uuid-rs/uuid	crates.io/uuid/1.18.1	436bc5a105d8e57dcd8778730f3754f7bf39c14d2f530e4cde4bd2d17a83ec3d;a60eea817514531668d7e00765731449fe14d059d3249e0bc93b36de45f759f2		RESOLVED_DECLARATION_AND_TEXT
valuable@0.1.1	registry+https://github.com/rust-lang/crates.io-index	ba73ea9cf16a25df0c8caa16c51acb937d5712a8429db78a3ee29d5dcacd3a65	Cargo.lock	MIT		https://github.com/tokio-rs/valuable	crates.io/valuable/0.1.1			RESOLVED_MANIFEST_DECLARATION_NO_ADJACENT_TEXT
vcpkg@0.2.15	registry+https://github.com/rust-lang/crates.io-index	accd4ea62f7bb7a82fe23066fb0957d48ef677f6eeb8215f372f52e48bb32426	Cargo.lock	MIT/Apache-2.0	Jim McGrath <jimmc2@gmail.com>	https://github.com/mcgoo/vcpkg-rs	crates.io/vcpkg/0.2.15	016d20f335060a70e79d9fcf8dfaa6201114d65d592211f4bdfb8ae9ca2bc1dc;60c93a31f490375aadf64098b75f10715010379541021e00261045d7800611d3		RESOLVED_DECLARATION_AND_TEXT
version_check@0.9.5	registry+https://github.com/rust-lang/crates.io-index	0b928f33d975fc6ad9f86c8f283853ad26bdd5b10b7f1542aa2fa15e2289105a	Cargo.lock	MIT/Apache-2.0	Sergio Benitez <sb@sergio.bz>	https://github.com/SergioBenitez/version_check	crates.io/version_check/0.9.5	a60eea817514531668d7e00765731449fe14d059d3249e0bc93b36de45f759f2;b7e650f3fce5c53249d1cdc608b54df156a97edd636cf9d23498d0cfe7aec63e		RESOLVED_DECLARATION_AND_TEXT
void@1.0.2	registry+https://github.com/rust-lang/crates.io-index	6a02e4885ed3bc0f2de90ea6dd45ebcbb66dacffe03547fadbb0eeae2770887d	Cargo.lock	MIT	Jonathan Reem <jonathan.reem@gmail.com>	https://github.com/reem/rust-void.git	crates.io/void/1.0.2			RESOLVED_MANIFEST_DECLARATION_NO_ADJACENT_TEXT
w3f-bls@0.1.9	registry+https://github.com/rust-lang/crates.io-index	e6bfb937b3d12077654a9e43e32a4e9c20177dd9fea0f3aba673e7840bb54f32	Cargo.lock	MIT/Apache-2.0	Jack Grigg <str4d@i2pmail.org>;Jeff Burdges <burdges@gnunet.org>;Syed Hosseini <syed@riseup.net>	https://github.com/w3f/bls	crates.io/w3f-bls/0.1.9			RESOLVED_MANIFEST_DECLARATION_NO_ADJACENT_TEXT
w3f-pcs@0.0.2	registry+https://github.com/rust-lang/crates.io-index	fbe7a8d5c914b69392ab3b267f679a2e546fe29afaddce47981772ac71bd02e1	Cargo.lock	MIT/Apache-2.0	Sergey Vasilyev <swasilyev@gmail.com>	NONE	crates.io/w3f-pcs/0.0.2	874264157eafc18b0713258d1bfd4b4e7b619dbb501f849771513f54c7842f5a;c71d239df91726fc519c6eb72d318ec65820627232b2f796219e87dcf35d0ab4		RESOLVED_DECLARATION_AND_TEXT
w3f-plonk-common@0.0.2	registry+https://github.com/rust-lang/crates.io-index	1aca389e494fe08c5c108b512e2328309036ee1c0bc7bdfdb743fef54d448c8c	Cargo.lock	MIT/Apache-2.0	Sergey Vasilyev <swasilyev@gmail.com>	https://github.com/w3f/ring-proof	crates.io/w3f-plonk-common/0.0.2			RESOLVED_MANIFEST_DECLARATION_NO_ADJACENT_TEXT
w3f-ring-proof@0.0.2	registry+https://github.com/rust-lang/crates.io-index	8a639379402ad51504575dbd258740383291ac8147d3b15859bdf1ea48c677de	Cargo.lock	MIT/Apache-2.0	Sergey Vasilyev <swasilyev@gmail.com>	https://github.com/w3f/ring-proof	crates.io/w3f-ring-proof/0.0.2			RESOLVED_MANIFEST_DECLARATION_NO_ADJACENT_TEXT
wait-timeout@0.2.0	registry+https://github.com/rust-lang/crates.io-index	9f200f5b12eb75f8c1ed65abd4b2db8a6e1b138a20de009dacee265a2498f3f6	Cargo.lock	MIT/Apache-2.0	Alex Crichton <alex@alexcrichton.com>	https://github.com/alexcrichton/wait-timeout	crates.io/wait-timeout/0.2.0	378f5840b258e2779c39418f3f2d7b2ba96f1c7917dd6be0713f88305dbda397;a60eea817514531668d7e00765731449fe14d059d3249e0bc93b36de45f759f2		RESOLVED_DECLARATION_AND_TEXT
walkdir@2.5.0	registry+https://github.com/rust-lang/crates.io-index	29790946404f91d9c5d06f9874efddea1dc06c5efe94541a7d6863108e3a5e4b	Cargo.lock	Unlicense/MIT	Andrew Gallant <jamslam@gmail.com>	https://github.com/BurntSushi/walkdir	crates.io/walkdir/2.5.0	01c266bced4a434da0051174d6bee16a4c82cf634e2679b6155d40d75012390f;0f96a83840e146e43c0ec96a22ec1f392e0680e6c1226e6f3ba87e0740af850f		RESOLVED_DECLARATION_AND_TEXT
want@0.3.1	registry+https://github.com/rust-lang/crates.io-index	bfa7760aed19e106de2c7c0b581b509f2f25d3dacaf737cb82ac61bc6d760b0e	Cargo.lock	MIT	Sean McArthur <sean@seanmonstar.com>	https://github.com/seanmonstar/want	crates.io/want/0.3.1	a65f5d0a945d267751344c95665945b90c030ea107faf5c85d518929886187da		RESOLVED_DECLARATION_AND_TEXT
wasi@0.11.1+wasi-snapshot-preview1	registry+https://github.com/rust-lang/crates.io-index	ccf3ec651a847eb01de73ccad15eb7d99f80485de043efb2f370cd654f4ea44b	Cargo.lock	Apache-2.0 WITH LLVM-exception OR Apache-2.0 OR MIT	The Cranelift Project Developers	https://github.com/bytecodealliance/wasi	crates.io/wasi/0.11.1+wasi-snapshot-preview1	23f18e03dc49df91622fe2a76176497404e46ced8a715d9d2b67a7446571cca3;268872b9816f90fd8e85db5a28d33f8150ebb8dd016653fb39ef1f94f2686bc5;a60eea817514531668d7e00765731449fe14d059d3249e0bc93b36de45f759f2		RESOLVED_DECLARATION_AND_TEXT
wasip2@1.0.1+wasi-0.2.4	registry+https://github.com/rust-lang/crates.io-index	0562428422c63773dad2c345a1882263bbf4d65cf3f42e90921f787ef5ad58e7	Cargo.lock	Apache-2.0 WITH LLVM-exception OR Apache-2.0 OR MIT		https://github.com/bytecodealliance/wasi-rs	crates.io/wasip2/1.0.1+wasi-0.2.4			RESOLVED_MANIFEST_DECLARATION_NO_ADJACENT_TEXT
wasix@0.12.21	registry+https://github.com/rust-lang/crates.io-index	c1fbb4ef9bbca0c1170e0b00dd28abc9e3b68669821600cad1caaed606583c6d	Cargo.lock	Apache-2.0 WITH LLVM-exception OR Apache-2.0 OR MIT	The Cranelift Project Developers;john-sharratt	https://github.com/wasix-org/wasix-abi-rust	crates.io/wasix/0.12.21	23f18e03dc49df91622fe2a76176497404e46ced8a715d9d2b67a7446571cca3;268872b9816f90fd8e85db5a28d33f8150ebb8dd016653fb39ef1f94f2686bc5;a60eea817514531668d7e00765731449fe14d059d3249e0bc93b36de45f759f2		RESOLVED_DECLARATION_AND_TEXT
wasm-bindgen-backend@0.2.104	registry+https://github.com/rust-lang/crates.io-index	671c9a5a66f49d8a47345ab942e2cb93c7d1d0339065d4f8139c486121b43b19	Cargo.lock	MIT OR Apache-2.0	The wasm-bindgen Developers	https://github.com/wasm-bindgen/wasm-bindgen/tree/master/crates/backend	crates.io/wasm-bindgen-backend/0.2.104	378f5840b258e2779c39418f3f2d7b2ba96f1c7917dd6be0713f88305dbda397;a60eea817514531668d7e00765731449fe14d059d3249e0bc93b36de45f759f2		RESOLVED_DECLARATION_AND_TEXT
wasm-bindgen-futures@0.4.54	registry+https://github.com/rust-lang/crates.io-index	7e038d41e478cc73bae0ff9b36c60cff1c98b8f38f8d7e8061e79ee63608ac5c	Cargo.lock	MIT OR Apache-2.0	The wasm-bindgen Developers	https://github.com/wasm-bindgen/wasm-bindgen/tree/master/crates/futures	crates.io/wasm-bindgen-futures/0.4.54	378f5840b258e2779c39418f3f2d7b2ba96f1c7917dd6be0713f88305dbda397;a60eea817514531668d7e00765731449fe14d059d3249e0bc93b36de45f759f2		RESOLVED_DECLARATION_AND_TEXT
wasm-bindgen-macro-support@0.2.104	registry+https://github.com/rust-lang/crates.io-index	9f07d2f20d4da7b26400c9f4a0511e6e0345b040694e8a75bd41d578fa4421d7	Cargo.lock	MIT OR Apache-2.0	The wasm-bindgen Developers	https://github.com/wasm-bindgen/wasm-bindgen/tree/master/crates/macro-support	crates.io/wasm-bindgen-macro-support/0.2.104	378f5840b258e2779c39418f3f2d7b2ba96f1c7917dd6be0713f88305dbda397;a60eea817514531668d7e00765731449fe14d059d3249e0bc93b36de45f759f2		RESOLVED_DECLARATION_AND_TEXT
wasm-bindgen-macro@0.2.104	registry+https://github.com/rust-lang/crates.io-index	7ca60477e4c59f5f2986c50191cd972e3a50d8a95603bc9434501cf156a9a119	Cargo.lock	MIT OR Apache-2.0	The wasm-bindgen Developers	https://github.com/wasm-bindgen/wasm-bindgen/tree/master/crates/macro	crates.io/wasm-bindgen-macro/0.2.104	378f5840b258e2779c39418f3f2d7b2ba96f1c7917dd6be0713f88305dbda397;a60eea817514531668d7e00765731449fe14d059d3249e0bc93b36de45f759f2		RESOLVED_DECLARATION_AND_TEXT
wasm-bindgen-shared@0.2.104	registry+https://github.com/rust-lang/crates.io-index	bad67dc8b2a1a6e5448428adec4c3e84c43e561d8c9ee8a9e5aabeb193ec41d1	Cargo.lock	MIT OR Apache-2.0	The wasm-bindgen Developers	https://github.com/wasm-bindgen/wasm-bindgen/tree/master/crates/shared	crates.io/wasm-bindgen-shared/0.2.104	378f5840b258e2779c39418f3f2d7b2ba96f1c7917dd6be0713f88305dbda397;a60eea817514531668d7e00765731449fe14d059d3249e0bc93b36de45f759f2		RESOLVED_DECLARATION_AND_TEXT
wasm-bindgen@0.2.104	registry+https://github.com/rust-lang/crates.io-index	c1da10c01ae9f1ae40cbfac0bac3b1e724b320abfcf52229f80b547c0d250e2d	Cargo.lock	MIT OR Apache-2.0	The wasm-bindgen Developers	https://github.com/wasm-bindgen/wasm-bindgen	crates.io/wasm-bindgen/0.2.104	378f5840b258e2779c39418f3f2d7b2ba96f1c7917dd6be0713f88305dbda397;a60eea817514531668d7e00765731449fe14d059d3249e0bc93b36de45f759f2		RESOLVED_DECLARATION_AND_TEXT
wasm-instrument@0.4.0	registry+https://github.com/rust-lang/crates.io-index	2a47ecb37b9734d1085eaa5ae1a81e60801fd8c28d4cabdd8aedb982021918bc	Cargo.lock	MIT OR Apache-2.0	Parity Technologies <admin@parity.io>	https://github.com/paritytech/wasm-instrument	crates.io/wasm-instrument/0.4.0	23f18e03dc49df91622fe2a76176497404e46ced8a715d9d2b67a7446571cca3;a60eea817514531668d7e00765731449fe14d059d3249e0bc93b36de45f759f2		RESOLVED_DECLARATION_AND_TEXT
wasm-opt-cxx-sys@0.116.0	registry+https://github.com/rust-lang/crates.io-index	8c57b28207aa724318fcec6575fe74803c23f6f266fce10cbc9f3f116762f12e	Cargo.lock	MIT / Apache-2.0		https://github.com/brson/wasm-opt-rs	crates.io/wasm-opt-cxx-sys/0.116.0			RESOLVED_MANIFEST_DECLARATION_NO_ADJACENT_TEXT
wasm-opt-sys@0.116.0	registry+https://github.com/rust-lang/crates.io-index	8a1cce564dc768dacbdb718fc29df2dba80bd21cb47d8f77ae7e3d95ceb98cbe	Cargo.lock	MIT / Apache-2.0		https://github.com/brson/wasm-opt-rs	crates.io/wasm-opt-sys/0.116.0			RESOLVED_MANIFEST_DECLARATION_NO_ADJACENT_TEXT
wasm-opt@0.116.1	registry+https://github.com/rust-lang/crates.io-index	2fd87a4c135535ffed86123b6fb0f0a5a0bc89e50416c942c5f0662c645f679c	Cargo.lock	MIT / Apache-2.0		https://github.com/brson/wasm-opt-rs	crates.io/wasm-opt/0.116.1			RESOLVED_MANIFEST_DECLARATION_NO_ADJACENT_TEXT
wasm-timer@0.2.5	registry+https://github.com/rust-lang/crates.io-index	be0ecb0db480561e9a7642b5d3e4187c128914e58aa84330b9493e3eb68c5e7f	Cargo.lock	MIT	Pierre Krieger <pierre.krieger1708@gmail.com>	https://github.com/tomaka/wasm-timer	crates.io/wasm-timer/0.2.5	a6378a3bca9bc82f71accc7f6c45b765740c504f335a3c2cc8d8f442528995ec		RESOLVED_DECLARATION_AND_TEXT
wasmi@0.32.3	registry+https://github.com/rust-lang/crates.io-index	50386c99b9c32bd2ed71a55b6dd4040af2580530fae8bdb9a6576571a80d0cca	Cargo.lock	MIT/Apache-2.0	Robin Freyler <robin.freyler@gmail.com>	https://github.com/wasmi-labs/wasmi	crates.io/wasmi/0.32.3			RESOLVED_MANIFEST_DECLARATION_NO_ADJACENT_TEXT
wasmi_collections@0.32.3	registry+https://github.com/rust-lang/crates.io-index	9c128c039340ffd50d4195c3f8ce31aac357f06804cfc494c8b9508d4b30dca4	Cargo.lock	MIT/Apache-2.0	Robin Freyler <robin.freyler@gmail.com>	https://github.com/wasmi-labs/wasmi	crates.io/wasmi_collections/0.32.3			RESOLVED_MANIFEST_DECLARATION_NO_ADJACENT_TEXT
wasmi_core@0.32.3	registry+https://github.com/rust-lang/crates.io-index	a23b3a7f6c8c3ceeec6b83531ee61f0013c56e51cbf2b14b0f213548b23a4b41	Cargo.lock	MIT/Apache-2.0	Robin Freyler <robin.freyler@gmail.com>	https://github.com/wasmi-labs/wasmi	crates.io/wasmi_core/0.32.3			RESOLVED_MANIFEST_DECLARATION_NO_ADJACENT_TEXT
wasmparser-nostd@0.100.2	registry+https://github.com/rust-lang/crates.io-index	d5a015fe95f3504a94bb1462c717aae75253e39b9dd6c3fb1062c934535c64aa	Cargo.lock	Apache-2.0 WITH LLVM-exception	Yury Delendik <ydelendik@mozilla.com>	https://github.com/bytecodealliance/wasm-tools/tree/main/crates/wasmparser	crates.io/wasmparser-nostd/0.100.2	268872b9816f90fd8e85db5a28d33f8150ebb8dd016653fb39ef1f94f2686bc5		RESOLVED_DECLARATION_AND_TEXT
wasmparser@0.102.0	registry+https://github.com/rust-lang/crates.io-index	48134de3d7598219ab9eaf6b91b15d8e50d31da76b8519fe4ecfcec2cf35104b	Cargo.lock	Apache-2.0 WITH LLVM-exception	Yury Delendik <ydelendik@mozilla.com>	https://github.com/bytecodealliance/wasm-tools/tree/main/crates/wasmparser	crates.io/wasmparser/0.102.0	268872b9816f90fd8e85db5a28d33f8150ebb8dd016653fb39ef1f94f2686bc5		RESOLVED_DECLARATION_AND_TEXT
wasmtime-asm-macros@8.0.1	registry+https://github.com/rust-lang/crates.io-index	d3b9daa7c14cd4fa3edbf69de994408d5f4b7b0959ac13fa69d465f6597f810d	Cargo.lock	Apache-2.0 WITH LLVM-exception	The Wasmtime Project Developers	https://github.com/bytecodealliance/wasmtime	crates.io/wasmtime-asm-macros/8.0.1			RESOLVED_MANIFEST_DECLARATION_NO_ADJACENT_TEXT
wasmtime-cache@8.0.1	registry+https://github.com/rust-lang/crates.io-index	c86437fa68626fe896e5afc69234bb2b5894949083586535f200385adfd71213	Cargo.lock	Apache-2.0 WITH LLVM-exception	The Wasmtime Project Developers	https://github.com/bytecodealliance/wasmtime	crates.io/wasmtime-cache/8.0.1	268872b9816f90fd8e85db5a28d33f8150ebb8dd016653fb39ef1f94f2686bc5		RESOLVED_DECLARATION_AND_TEXT
wasmtime-cranelift-shared@8.0.1	registry+https://github.com/rust-lang/crates.io-index	cd041e382ef5aea1b9fc78442394f1a4f6d676ce457e7076ca4cb3f397882f8b	Cargo.lock	Apache-2.0 WITH LLVM-exception	The Wasmtime Project Developers	https://github.com/bytecodealliance/wasmtime	crates.io/wasmtime-cranelift-shared/8.0.1			RESOLVED_MANIFEST_DECLARATION_NO_ADJACENT_TEXT
wasmtime-cranelift@8.0.1	registry+https://github.com/rust-lang/crates.io-index	b1cefde0cce8cb700b1b21b6298a3837dba46521affd7b8c38a9ee2c869eee04	Cargo.lock	Apache-2.0 WITH LLVM-exception	The Wasmtime Project Developers	https://github.com/bytecodealliance/wasmtime	crates.io/wasmtime-cranelift/8.0.1	268872b9816f90fd8e85db5a28d33f8150ebb8dd016653fb39ef1f94f2686bc5		RESOLVED_DECLARATION_AND_TEXT
wasmtime-environ@8.0.1	registry+https://github.com/rust-lang/crates.io-index	a990198cee4197423045235bf89d3359e69bd2ea031005f4c2d901125955c949	Cargo.lock	Apache-2.0 WITH LLVM-exception	The Wasmtime Project Developers	https://github.com/bytecodealliance/wasmtime	crates.io/wasmtime-environ/8.0.1	268872b9816f90fd8e85db5a28d33f8150ebb8dd016653fb39ef1f94f2686bc5		RESOLVED_DECLARATION_AND_TEXT
wasmtime-jit-debug@8.0.1	registry+https://github.com/rust-lang/crates.io-index	6e0554b84c15a27d76281d06838aed94e13a77d7bf604bbbaf548aa20eb93846	Cargo.lock	Apache-2.0 WITH LLVM-exception	The Wasmtime Project Developers	https://github.com/bytecodealliance/wasmtime	crates.io/wasmtime-jit-debug/8.0.1			RESOLVED_MANIFEST_DECLARATION_NO_ADJACENT_TEXT
wasmtime-jit-icache-coherence@8.0.1	registry+https://github.com/rust-lang/crates.io-index	aecae978b13f7f67efb23bd827373ace4578f2137ec110bbf6a4a7cde4121bbd	Cargo.lock	Apache-2.0 WITH LLVM-exception	The Wasmtime Project Developers	https://github.com/bytecodealliance/wasmtime	crates.io/wasmtime-jit-icache-coherence/8.0.1			RESOLVED_MANIFEST_DECLARATION_NO_ADJACENT_TEXT
wasmtime-jit@8.0.1	registry+https://github.com/rust-lang/crates.io-index	0de48df552cfca1c9b750002d3e07b45772dd033b0b206d5c0968496abf31244	Cargo.lock	Apache-2.0 WITH LLVM-exception	The Wasmtime Project Developers	https://github.com/bytecodealliance/wasmtime	crates.io/wasmtime-jit/8.0.1	268872b9816f90fd8e85db5a28d33f8150ebb8dd016653fb39ef1f94f2686bc5		RESOLVED_DECLARATION_AND_TEXT
wasmtime-runtime@8.0.1	registry+https://github.com/rust-lang/crates.io-index	658cf6f325232b6760e202e5255d823da5e348fdea827eff0a2a22319000b441	Cargo.lock	Apache-2.0 WITH LLVM-exception	The Wasmtime Project Developers	https://github.com/bytecodealliance/wasmtime	crates.io/wasmtime-runtime/8.0.1	268872b9816f90fd8e85db5a28d33f8150ebb8dd016653fb39ef1f94f2686bc5		RESOLVED_DECLARATION_AND_TEXT
wasmtime-types@8.0.1	registry+https://github.com/rust-lang/crates.io-index	a4f6fffd2a1011887d57f07654dd112791e872e3ff4a2e626aee8059ee17f06f	Cargo.lock	Apache-2.0 WITH LLVM-exception	The Wasmtime Project Developers	https://github.com/bytecodealliance/wasmtime	crates.io/wasmtime-types/8.0.1	268872b9816f90fd8e85db5a28d33f8150ebb8dd016653fb39ef1f94f2686bc5		RESOLVED_DECLARATION_AND_TEXT
wasmtime@8.0.1	registry+https://github.com/rust-lang/crates.io-index	f907fdead3153cb9bfb7a93bbd5b62629472dc06dee83605358c64c52ed3dda9	Cargo.lock	Apache-2.0 WITH LLVM-exception	The Wasmtime Project Developers	https://github.com/bytecodealliance/wasmtime	crates.io/wasmtime/8.0.1	268872b9816f90fd8e85db5a28d33f8150ebb8dd016653fb39ef1f94f2686bc5		RESOLVED_DECLARATION_AND_TEXT
web-sys@0.3.81	registry+https://github.com/rust-lang/crates.io-index	9367c417a924a74cae129e6a2ae3b47fabb1f8995595ab474029da749a8be120	Cargo.lock	MIT OR Apache-2.0	The wasm-bindgen Developers	https://github.com/wasm-bindgen/wasm-bindgen/tree/master/crates/web-sys	crates.io/web-sys/0.3.81	378f5840b258e2779c39418f3f2d7b2ba96f1c7917dd6be0713f88305dbda397;a60eea817514531668d7e00765731449fe14d059d3249e0bc93b36de45f759f2		RESOLVED_DECLARATION_AND_TEXT
web-time@1.1.0	registry+https://github.com/rust-lang/crates.io-index	5a6580f308b1fad9207618087a65c04e7a10bc77e02c8e84e9b00dd4b12fa0bb	Cargo.lock	MIT OR Apache-2.0		https://github.com/daxpedda/web-time	crates.io/web-time/1.1.0	54a744942eb3fa63a74d8d359989ed6962c04f3f10ff20cfa08ff8aa7efbe4e6;f428305bbf2e70fbd807af0f3c7ac1b7acfb95311640f451e9d2e48db6d7e96b		RESOLVED_DECLARATION_AND_TEXT
webpki-root-certs@0.26.11	registry+https://github.com/rust-lang/crates.io-index	75c7f0ef91146ebfb530314f5f1d24528d7f0767efbfd31dce919275413e393e	Cargo.lock	CDLA-Permissive-2.0		https://github.com/rustls/webpki-roots	crates.io/webpki-root-certs/0.26.11	e271993808fec50ab29350b39539cdec611a9103f827e0aa26d61da70e2d33f8		RESOLVED_DECLARATION_AND_TEXT
webpki-root-certs@1.0.3	registry+https://github.com/rust-lang/crates.io-index	05d651ec480de84b762e7be71e6efa7461699c19d9e2c272c8d93455f567786e	Cargo.lock	CDLA-Permissive-2.0		https://github.com/rustls/webpki-roots	crates.io/webpki-root-certs/1.0.3	e271993808fec50ab29350b39539cdec611a9103f827e0aa26d61da70e2d33f8		RESOLVED_DECLARATION_AND_TEXT
webpki-roots@0.25.4	registry+https://github.com/rust-lang/crates.io-index	5f20c57d8d7db6d3b86154206ae5d8fba62dd39573114de97c2cb0578251f8e1	Cargo.lock	MPL-2.0		https://github.com/rustls/webpki-roots	crates.io/webpki-roots/0.25.4	6a70a4bf6b010016d59a64b8ae4ad8dc7f5ef16f1fb453cc2ecd771c5a341131		RESOLVED_DECLARATION_AND_TEXT
wide@0.7.33	registry+https://github.com/rust-lang/crates.io-index	0ce5da8ecb62bcd8ec8b7ea19f69a51275e91299be594ea5cc6ef7819e16cd03	Cargo.lock	Zlib OR Apache-2.0 OR MIT	Lokathor <zefria@gmail.com>	https://github.com/Lokathor/wide	crates.io/wide/0.7.33	c43b9a9b1387ed53d2c49263838261129a010e280e3a174a792242c3e2c98db9		RESOLVED_DECLARATION_AND_TEXT
widestring@1.2.1	registry+https://github.com/rust-lang/crates.io-index	72069c3113ab32ab29e5584db3c6ec55d416895e60715417b5b883a357c3e471	Cargo.lock	MIT OR Apache-2.0		https://github.com/VoidStarKat/widestring-rs	crates.io/widestring/1.2.1	508a77d2e7b51d98adeed32648ad124b7b30241a8e70b2e72c99f92d8e5874d1;a6cba85bc92e0cff7a450b1d873c0eaa2e9fc96bf472df0247a26bec77bf3ff9		RESOLVED_DECLARATION_AND_TEXT
winapi-i686-pc-windows-gnu@0.4.0	registry+https://github.com/rust-lang/crates.io-index	ac3b87c63620426dd9b991e5ce0329eff545bccbbb34f3be09ff6fb6ab51b7b6	Cargo.lock	MIT/Apache-2.0	Peter Atashian <retep998@gmail.com>	https://github.com/retep998/winapi-rs	crates.io/winapi-i686-pc-windows-gnu/0.4.0			RESOLVED_MANIFEST_DECLARATION_NO_ADJACENT_TEXT
winapi-util@0.1.11	registry+https://github.com/rust-lang/crates.io-index	c2a7b1c03c876122aa43f3020e6c3c3ee5c05081c9a00739faf7503aeba10d22	Cargo.lock	Unlicense OR MIT	Andrew Gallant <jamslam@gmail.com>	https://github.com/BurntSushi/winapi-util	crates.io/winapi-util/0.1.11	01c266bced4a434da0051174d6bee16a4c82cf634e2679b6155d40d75012390f;cb3c929a05e6cbc9de9ab06a4c57eeb60ca8c724bef6c138c87d3a577e27aa14		RESOLVED_DECLARATION_AND_TEXT
winapi-x86_64-pc-windows-gnu@0.4.0	registry+https://github.com/rust-lang/crates.io-index	712e227841d057c1ee1cd2fb22fa7e5a5461ae8e48fa2ca79ec42cfc1931183f	Cargo.lock	MIT/Apache-2.0	Peter Atashian <retep998@gmail.com>	https://github.com/retep998/winapi-rs	crates.io/winapi-x86_64-pc-windows-gnu/0.4.0			RESOLVED_MANIFEST_DECLARATION_NO_ADJACENT_TEXT
winapi@0.3.9	registry+https://github.com/rust-lang/crates.io-index	5c839a674fcd7a98952e593242ea400abe93992746761e38641405d28b00f419	Cargo.lock	MIT/Apache-2.0	Peter Atashian <retep998@gmail.com>	https://github.com/retep998/winapi-rs	crates.io/winapi/0.3.9	b40930bbcf80744c86c46a12bc9da056641d722716c378f5659b9e555ef833e1;ce7bc3499fee93d5022ef430d5e4201e79a6d9154f3974e42f41349f0569e09b		RESOLVED_DECLARATION_AND_TEXT
windows-core@0.52.0	registry+https://github.com/rust-lang/crates.io-index	33ab640c8d7e35bf8ba19b884ba838ceb4fba93a4e8c65a9059d08afcfc683d9	Cargo.lock	MIT OR Apache-2.0	Microsoft	https://github.com/microsoft/windows-rs	crates.io/windows-core/0.52.0	c16f8dcf1a368b83be78d826ea23de4079fe1b4469a0ab9ee20563f37ff3d44b;c2cfccb812fe482101a8f04597dfc5a9991a6b2748266c47ac91b6a5aae15383		RESOLVED_DECLARATION_AND_TEXT
windows-core@0.53.0	registry+https://github.com/rust-lang/crates.io-index	9dcc5b895a6377f1ab9fa55acedab1fd5ac0db66ad1e6c7f47e28a22e446a5dd	Cargo.lock	MIT OR Apache-2.0	Microsoft	https://github.com/microsoft/windows-rs	crates.io/windows-core/0.53.0	c16f8dcf1a368b83be78d826ea23de4079fe1b4469a0ab9ee20563f37ff3d44b;c2cfccb812fe482101a8f04597dfc5a9991a6b2748266c47ac91b6a5aae15383		RESOLVED_DECLARATION_AND_TEXT
windows-core@0.62.2	registry+https://github.com/rust-lang/crates.io-index	b8e83a14d34d0623b51dce9581199302a221863196a1dde71a7663a4c2be9deb	Cargo.lock	MIT OR Apache-2.0		https://github.com/microsoft/windows-rs	crates.io/windows-core/0.62.2	c16f8dcf1a368b83be78d826ea23de4079fe1b4469a0ab9ee20563f37ff3d44b;c2cfccb812fe482101a8f04597dfc5a9991a6b2748266c47ac91b6a5aae15383		RESOLVED_DECLARATION_AND_TEXT
windows-implement@0.60.2	registry+https://github.com/rust-lang/crates.io-index	053e2e040ab57b9dc951b72c264860db7eb3b0200ba345b4e4c3b14f67855ddf	Cargo.lock	MIT OR Apache-2.0		https://github.com/microsoft/windows-rs	crates.io/windows-implement/0.60.2	c16f8dcf1a368b83be78d826ea23de4079fe1b4469a0ab9ee20563f37ff3d44b;c2cfccb812fe482101a8f04597dfc5a9991a6b2748266c47ac91b6a5aae15383		RESOLVED_DECLARATION_AND_TEXT
windows-interface@0.59.3	registry+https://github.com/rust-lang/crates.io-index	3f316c4a2570ba26bbec722032c4099d8c8bc095efccdc15688708623367e358	Cargo.lock	MIT OR Apache-2.0		https://github.com/microsoft/windows-rs	crates.io/windows-interface/0.59.3	c16f8dcf1a368b83be78d826ea23de4079fe1b4469a0ab9ee20563f37ff3d44b;c2cfccb812fe482101a8f04597dfc5a9991a6b2748266c47ac91b6a5aae15383		RESOLVED_DECLARATION_AND_TEXT
windows-link@0.2.1	registry+https://github.com/rust-lang/crates.io-index	f0805222e57f7521d6a62e36fa9163bc891acd422f971defe97d64e70d0a4fe5	Cargo.lock	MIT OR Apache-2.0		https://github.com/microsoft/windows-rs	crates.io/windows-link/0.2.1	c16f8dcf1a368b83be78d826ea23de4079fe1b4469a0ab9ee20563f37ff3d44b;c2cfccb812fe482101a8f04597dfc5a9991a6b2748266c47ac91b6a5aae15383		RESOLVED_DECLARATION_AND_TEXT
windows-result@0.1.2	registry+https://github.com/rust-lang/crates.io-index	5e383302e8ec8515204254685643de10811af0ed97ea37210dc26fb0032647f8	Cargo.lock	MIT OR Apache-2.0	Microsoft	https://github.com/microsoft/windows-rs	crates.io/windows-result/0.1.2	c16f8dcf1a368b83be78d826ea23de4079fe1b4469a0ab9ee20563f37ff3d44b;c2cfccb812fe482101a8f04597dfc5a9991a6b2748266c47ac91b6a5aae15383		RESOLVED_DECLARATION_AND_TEXT
windows-result@0.4.1	registry+https://github.com/rust-lang/crates.io-index	7781fa89eaf60850ac3d2da7af8e5242a5ea78d1a11c49bf2910bb5a73853eb5	Cargo.lock	MIT OR Apache-2.0		https://github.com/microsoft/windows-rs	crates.io/windows-result/0.4.1	c16f8dcf1a368b83be78d826ea23de4079fe1b4469a0ab9ee20563f37ff3d44b;c2cfccb812fe482101a8f04597dfc5a9991a6b2748266c47ac91b6a5aae15383		RESOLVED_DECLARATION_AND_TEXT
windows-strings@0.5.1	registry+https://github.com/rust-lang/crates.io-index	7837d08f69c77cf6b07689544538e017c1bfcf57e34b4c0ff58e6c2cd3b37091	Cargo.lock	MIT OR Apache-2.0		https://github.com/microsoft/windows-rs	crates.io/windows-strings/0.5.1	c16f8dcf1a368b83be78d826ea23de4079fe1b4469a0ab9ee20563f37ff3d44b;c2cfccb812fe482101a8f04597dfc5a9991a6b2748266c47ac91b6a5aae15383		RESOLVED_DECLARATION_AND_TEXT
windows-sys@0.45.0	registry+https://github.com/rust-lang/crates.io-index	75283be5efb2831d37ea142365f009c02ec203cd29a3ebecbc093d52315b66d0	Cargo.lock	MIT OR Apache-2.0	Microsoft	https://github.com/microsoft/windows-rs	crates.io/windows-sys/0.45.0	c16f8dcf1a368b83be78d826ea23de4079fe1b4469a0ab9ee20563f37ff3d44b;c2cfccb812fe482101a8f04597dfc5a9991a6b2748266c47ac91b6a5aae15383		RESOLVED_DECLARATION_AND_TEXT
windows-sys@0.48.0	registry+https://github.com/rust-lang/crates.io-index	677d2418bec65e3338edb076e806bc1ec15693c5d0104683f2efe857f61056a9	Cargo.lock	MIT OR Apache-2.0	Microsoft	https://github.com/microsoft/windows-rs	crates.io/windows-sys/0.48.0	c16f8dcf1a368b83be78d826ea23de4079fe1b4469a0ab9ee20563f37ff3d44b;c2cfccb812fe482101a8f04597dfc5a9991a6b2748266c47ac91b6a5aae15383		RESOLVED_DECLARATION_AND_TEXT
windows-sys@0.52.0	registry+https://github.com/rust-lang/crates.io-index	282be5f36a8ce781fad8c8ae18fa3f9beff57ec1b52cb3de0789201425d9a33d	Cargo.lock	MIT OR Apache-2.0	Microsoft	https://github.com/microsoft/windows-rs	crates.io/windows-sys/0.52.0	c16f8dcf1a368b83be78d826ea23de4079fe1b4469a0ab9ee20563f37ff3d44b;c2cfccb812fe482101a8f04597dfc5a9991a6b2748266c47ac91b6a5aae15383		RESOLVED_DECLARATION_AND_TEXT
windows-sys@0.59.0	registry+https://github.com/rust-lang/crates.io-index	1e38bc4d79ed67fd075bcc251a1c39b32a1776bbe92e5bef1f0bf1f8c531853b	Cargo.lock	MIT OR Apache-2.0	Microsoft	https://github.com/microsoft/windows-rs	crates.io/windows-sys/0.59.0	c16f8dcf1a368b83be78d826ea23de4079fe1b4469a0ab9ee20563f37ff3d44b;c2cfccb812fe482101a8f04597dfc5a9991a6b2748266c47ac91b6a5aae15383		RESOLVED_DECLARATION_AND_TEXT
windows-sys@0.60.2	registry+https://github.com/rust-lang/crates.io-index	f2f500e4d28234f72040990ec9d39e3a6b950f9f22d3dba18416c35882612bcb	Cargo.lock	MIT OR Apache-2.0	Microsoft	https://github.com/microsoft/windows-rs	crates.io/windows-sys/0.60.2	c16f8dcf1a368b83be78d826ea23de4079fe1b4469a0ab9ee20563f37ff3d44b;c2cfccb812fe482101a8f04597dfc5a9991a6b2748266c47ac91b6a5aae15383		RESOLVED_DECLARATION_AND_TEXT
windows-sys@0.61.2	registry+https://github.com/rust-lang/crates.io-index	ae137229bcbd6cdf0f7b80a31df61766145077ddf49416a728b02cb3921ff3fc	Cargo.lock	MIT OR Apache-2.0		https://github.com/microsoft/windows-rs	crates.io/windows-sys/0.61.2	c16f8dcf1a368b83be78d826ea23de4079fe1b4469a0ab9ee20563f37ff3d44b;c2cfccb812fe482101a8f04597dfc5a9991a6b2748266c47ac91b6a5aae15383		RESOLVED_DECLARATION_AND_TEXT
windows-targets@0.42.2	registry+https://github.com/rust-lang/crates.io-index	8e5180c00cd44c9b1c88adb3693291f1cd93605ded80c250a75d472756b4d071	Cargo.lock	MIT OR Apache-2.0	Microsoft	https://github.com/microsoft/windows-rs	crates.io/windows-targets/0.42.2	c16f8dcf1a368b83be78d826ea23de4079fe1b4469a0ab9ee20563f37ff3d44b;c2cfccb812fe482101a8f04597dfc5a9991a6b2748266c47ac91b6a5aae15383		RESOLVED_DECLARATION_AND_TEXT
windows-targets@0.48.5	registry+https://github.com/rust-lang/crates.io-index	9a2fa6e2155d7247be68c096456083145c183cbbbc2764150dda45a87197940c	Cargo.lock	MIT OR Apache-2.0	Microsoft	https://github.com/microsoft/windows-rs	crates.io/windows-targets/0.48.5	c16f8dcf1a368b83be78d826ea23de4079fe1b4469a0ab9ee20563f37ff3d44b;c2cfccb812fe482101a8f04597dfc5a9991a6b2748266c47ac91b6a5aae15383		RESOLVED_DECLARATION_AND_TEXT
windows-targets@0.52.6	registry+https://github.com/rust-lang/crates.io-index	9b724f72796e036ab90c1021d4780d4d3d648aca59e491e6b98e725b84e99973	Cargo.lock	MIT OR Apache-2.0	Microsoft	https://github.com/microsoft/windows-rs	crates.io/windows-targets/0.52.6	c16f8dcf1a368b83be78d826ea23de4079fe1b4469a0ab9ee20563f37ff3d44b;c2cfccb812fe482101a8f04597dfc5a9991a6b2748266c47ac91b6a5aae15383		RESOLVED_DECLARATION_AND_TEXT
windows-targets@0.53.5	registry+https://github.com/rust-lang/crates.io-index	4945f9f551b88e0d65f3db0bc25c33b8acea4d9e41163edf90dcd0b19f9069f3	Cargo.lock	MIT OR Apache-2.0		https://github.com/microsoft/windows-rs	crates.io/windows-targets/0.53.5	c16f8dcf1a368b83be78d826ea23de4079fe1b4469a0ab9ee20563f37ff3d44b;c2cfccb812fe482101a8f04597dfc5a9991a6b2748266c47ac91b6a5aae15383		RESOLVED_DECLARATION_AND_TEXT
windows@0.52.0	registry+https://github.com/rust-lang/crates.io-index	e48a53791691ab099e5e2ad123536d0fff50652600abaf43bbf952894110d0be	Cargo.lock	MIT OR Apache-2.0	Microsoft	https://github.com/microsoft/windows-rs	crates.io/windows/0.52.0	c16f8dcf1a368b83be78d826ea23de4079fe1b4469a0ab9ee20563f37ff3d44b;c2cfccb812fe482101a8f04597dfc5a9991a6b2748266c47ac91b6a5aae15383		RESOLVED_DECLARATION_AND_TEXT
windows@0.53.0	registry+https://github.com/rust-lang/crates.io-index	efc5cf48f83140dcaab716eeaea345f9e93d0018fb81162753a3f76c3397b538	Cargo.lock	MIT OR Apache-2.0	Microsoft	https://github.com/microsoft/windows-rs	crates.io/windows/0.53.0	c16f8dcf1a368b83be78d826ea23de4079fe1b4469a0ab9ee20563f37ff3d44b;c2cfccb812fe482101a8f04597dfc5a9991a6b2748266c47ac91b6a5aae15383		RESOLVED_DECLARATION_AND_TEXT
windows_aarch64_gnullvm@0.42.2	registry+https://github.com/rust-lang/crates.io-index	597a5118570b68bc08d8d59125332c54f1ba9d9adeedeef5b99b02ba2b0698f8	Cargo.lock	MIT OR Apache-2.0	Microsoft	https://github.com/microsoft/windows-rs	crates.io/windows_aarch64_gnullvm/0.42.2	c16f8dcf1a368b83be78d826ea23de4079fe1b4469a0ab9ee20563f37ff3d44b;c2cfccb812fe482101a8f04597dfc5a9991a6b2748266c47ac91b6a5aae15383		RESOLVED_DECLARATION_AND_TEXT
windows_aarch64_gnullvm@0.48.5	registry+https://github.com/rust-lang/crates.io-index	2b38e32f0abccf9987a4e3079dfb67dcd799fb61361e53e2882c3cbaf0d905d8	Cargo.lock	MIT OR Apache-2.0	Microsoft	https://github.com/microsoft/windows-rs	crates.io/windows_aarch64_gnullvm/0.48.5	c16f8dcf1a368b83be78d826ea23de4079fe1b4469a0ab9ee20563f37ff3d44b;c2cfccb812fe482101a8f04597dfc5a9991a6b2748266c47ac91b6a5aae15383		RESOLVED_DECLARATION_AND_TEXT
windows_aarch64_gnullvm@0.52.6	registry+https://github.com/rust-lang/crates.io-index	32a4622180e7a0ec044bb555404c800bc9fd9ec262ec147edd5989ccd0c02cd3	Cargo.lock	MIT OR Apache-2.0	Microsoft	https://github.com/microsoft/windows-rs	crates.io/windows_aarch64_gnullvm/0.52.6	c16f8dcf1a368b83be78d826ea23de4079fe1b4469a0ab9ee20563f37ff3d44b;c2cfccb812fe482101a8f04597dfc5a9991a6b2748266c47ac91b6a5aae15383		RESOLVED_DECLARATION_AND_TEXT
windows_aarch64_gnullvm@0.53.1	registry+https://github.com/rust-lang/crates.io-index	a9d8416fa8b42f5c947f8482c43e7d89e73a173cead56d044f6a56104a6d1b53	Cargo.lock	MIT OR Apache-2.0		https://github.com/microsoft/windows-rs	crates.io/windows_aarch64_gnullvm/0.53.1	c16f8dcf1a368b83be78d826ea23de4079fe1b4469a0ab9ee20563f37ff3d44b;c2cfccb812fe482101a8f04597dfc5a9991a6b2748266c47ac91b6a5aae15383		RESOLVED_DECLARATION_AND_TEXT
windows_aarch64_msvc@0.42.2	registry+https://github.com/rust-lang/crates.io-index	e08e8864a60f06ef0d0ff4ba04124db8b0fb3be5776a5cd47641e942e58c4d43	Cargo.lock	MIT OR Apache-2.0	Microsoft	https://github.com/microsoft/windows-rs	crates.io/windows_aarch64_msvc/0.42.2	c16f8dcf1a368b83be78d826ea23de4079fe1b4469a0ab9ee20563f37ff3d44b;c2cfccb812fe482101a8f04597dfc5a9991a6b2748266c47ac91b6a5aae15383		RESOLVED_DECLARATION_AND_TEXT
windows_aarch64_msvc@0.48.5	registry+https://github.com/rust-lang/crates.io-index	dc35310971f3b2dbbf3f0690a219f40e2d9afcf64f9ab7cc1be722937c26b4bc	Cargo.lock	MIT OR Apache-2.0	Microsoft	https://github.com/microsoft/windows-rs	crates.io/windows_aarch64_msvc/0.48.5	c16f8dcf1a368b83be78d826ea23de4079fe1b4469a0ab9ee20563f37ff3d44b;c2cfccb812fe482101a8f04597dfc5a9991a6b2748266c47ac91b6a5aae15383		RESOLVED_DECLARATION_AND_TEXT
windows_aarch64_msvc@0.52.6	registry+https://github.com/rust-lang/crates.io-index	09ec2a7bb152e2252b53fa7803150007879548bc709c039df7627cabbd05d469	Cargo.lock	MIT OR Apache-2.0	Microsoft	https://github.com/microsoft/windows-rs	crates.io/windows_aarch64_msvc/0.52.6	c16f8dcf1a368b83be78d826ea23de4079fe1b4469a0ab9ee20563f37ff3d44b;c2cfccb812fe482101a8f04597dfc5a9991a6b2748266c47ac91b6a5aae15383		RESOLVED_DECLARATION_AND_TEXT
windows_aarch64_msvc@0.53.1	registry+https://github.com/rust-lang/crates.io-index	b9d782e804c2f632e395708e99a94275910eb9100b2114651e04744e9b125006	Cargo.lock	MIT OR Apache-2.0		https://github.com/microsoft/windows-rs	crates.io/windows_aarch64_msvc/0.53.1	c16f8dcf1a368b83be78d826ea23de4079fe1b4469a0ab9ee20563f37ff3d44b;c2cfccb812fe482101a8f04597dfc5a9991a6b2748266c47ac91b6a5aae15383		RESOLVED_DECLARATION_AND_TEXT
windows_i686_gnu@0.42.2	registry+https://github.com/rust-lang/crates.io-index	c61d927d8da41da96a81f029489353e68739737d3beca43145c8afec9a31a84f	Cargo.lock	MIT OR Apache-2.0	Microsoft	https://github.com/microsoft/windows-rs	crates.io/windows_i686_gnu/0.42.2	c16f8dcf1a368b83be78d826ea23de4079fe1b4469a0ab9ee20563f37ff3d44b;c2cfccb812fe482101a8f04597dfc5a9991a6b2748266c47ac91b6a5aae15383		RESOLVED_DECLARATION_AND_TEXT
windows_i686_gnu@0.48.5	registry+https://github.com/rust-lang/crates.io-index	a75915e7def60c94dcef72200b9a8e58e5091744960da64ec734a6c6e9b3743e	Cargo.lock	MIT OR Apache-2.0	Microsoft	https://github.com/microsoft/windows-rs	crates.io/windows_i686_gnu/0.48.5	c16f8dcf1a368b83be78d826ea23de4079fe1b4469a0ab9ee20563f37ff3d44b;c2cfccb812fe482101a8f04597dfc5a9991a6b2748266c47ac91b6a5aae15383		RESOLVED_DECLARATION_AND_TEXT
windows_i686_gnu@0.52.6	registry+https://github.com/rust-lang/crates.io-index	8e9b5ad5ab802e97eb8e295ac6720e509ee4c243f69d781394014ebfe8bbfa0b	Cargo.lock	MIT OR Apache-2.0	Microsoft	https://github.com/microsoft/windows-rs	crates.io/windows_i686_gnu/0.52.6	c16f8dcf1a368b83be78d826ea23de4079fe1b4469a0ab9ee20563f37ff3d44b;c2cfccb812fe482101a8f04597dfc5a9991a6b2748266c47ac91b6a5aae15383		RESOLVED_DECLARATION_AND_TEXT
windows_i686_gnu@0.53.1	registry+https://github.com/rust-lang/crates.io-index	960e6da069d81e09becb0ca57a65220ddff016ff2d6af6a223cf372a506593a3	Cargo.lock	MIT OR Apache-2.0		https://github.com/microsoft/windows-rs	crates.io/windows_i686_gnu/0.53.1	c16f8dcf1a368b83be78d826ea23de4079fe1b4469a0ab9ee20563f37ff3d44b;c2cfccb812fe482101a8f04597dfc5a9991a6b2748266c47ac91b6a5aae15383		RESOLVED_DECLARATION_AND_TEXT
windows_i686_gnullvm@0.52.6	registry+https://github.com/rust-lang/crates.io-index	0eee52d38c090b3caa76c563b86c3a4bd71ef1a819287c19d586d7334ae8ed66	Cargo.lock	MIT OR Apache-2.0	Microsoft	https://github.com/microsoft/windows-rs	crates.io/windows_i686_gnullvm/0.52.6	c16f8dcf1a368b83be78d826ea23de4079fe1b4469a0ab9ee20563f37ff3d44b;c2cfccb812fe482101a8f04597dfc5a9991a6b2748266c47ac91b6a5aae15383		RESOLVED_DECLARATION_AND_TEXT
windows_i686_gnullvm@0.53.1	registry+https://github.com/rust-lang/crates.io-index	fa7359d10048f68ab8b09fa71c3daccfb0e9b559aed648a8f95469c27057180c	Cargo.lock	MIT OR Apache-2.0		https://github.com/microsoft/windows-rs	crates.io/windows_i686_gnullvm/0.53.1	c16f8dcf1a368b83be78d826ea23de4079fe1b4469a0ab9ee20563f37ff3d44b;c2cfccb812fe482101a8f04597dfc5a9991a6b2748266c47ac91b6a5aae15383		RESOLVED_DECLARATION_AND_TEXT
windows_i686_msvc@0.42.2	registry+https://github.com/rust-lang/crates.io-index	44d840b6ec649f480a41c8d80f9c65108b92d89345dd94027bfe06ac444d1060	Cargo.lock	MIT OR Apache-2.0	Microsoft	https://github.com/microsoft/windows-rs	crates.io/windows_i686_msvc/0.42.2	c16f8dcf1a368b83be78d826ea23de4079fe1b4469a0ab9ee20563f37ff3d44b;c2cfccb812fe482101a8f04597dfc5a9991a6b2748266c47ac91b6a5aae15383		RESOLVED_DECLARATION_AND_TEXT
windows_i686_msvc@0.48.5	registry+https://github.com/rust-lang/crates.io-index	8f55c233f70c4b27f66c523580f78f1004e8b5a8b659e05a4eb49d4166cca406	Cargo.lock	MIT OR Apache-2.0	Microsoft	https://github.com/microsoft/windows-rs	crates.io/windows_i686_msvc/0.48.5	c16f8dcf1a368b83be78d826ea23de4079fe1b4469a0ab9ee20563f37ff3d44b;c2cfccb812fe482101a8f04597dfc5a9991a6b2748266c47ac91b6a5aae15383		RESOLVED_DECLARATION_AND_TEXT
windows_i686_msvc@0.52.6	registry+https://github.com/rust-lang/crates.io-index	240948bc05c5e7c6dabba28bf89d89ffce3e303022809e73deaefe4f6ec56c66	Cargo.lock	MIT OR Apache-2.0	Microsoft	https://github.com/microsoft/windows-rs	crates.io/windows_i686_msvc/0.52.6	c16f8dcf1a368b83be78d826ea23de4079fe1b4469a0ab9ee20563f37ff3d44b;c2cfccb812fe482101a8f04597dfc5a9991a6b2748266c47ac91b6a5aae15383		RESOLVED_DECLARATION_AND_TEXT
windows_i686_msvc@0.53.1	registry+https://github.com/rust-lang/crates.io-index	1e7ac75179f18232fe9c285163565a57ef8d3c89254a30685b57d83a38d326c2	Cargo.lock	MIT OR Apache-2.0		https://github.com/microsoft/windows-rs	crates.io/windows_i686_msvc/0.53.1	c16f8dcf1a368b83be78d826ea23de4079fe1b4469a0ab9ee20563f37ff3d44b;c2cfccb812fe482101a8f04597dfc5a9991a6b2748266c47ac91b6a5aae15383		RESOLVED_DECLARATION_AND_TEXT
windows_x86_64_gnu@0.42.2	registry+https://github.com/rust-lang/crates.io-index	8de912b8b8feb55c064867cf047dda097f92d51efad5b491dfb98f6bbb70cb36	Cargo.lock	MIT OR Apache-2.0	Microsoft	https://github.com/microsoft/windows-rs	crates.io/windows_x86_64_gnu/0.42.2	c16f8dcf1a368b83be78d826ea23de4079fe1b4469a0ab9ee20563f37ff3d44b;c2cfccb812fe482101a8f04597dfc5a9991a6b2748266c47ac91b6a5aae15383		RESOLVED_DECLARATION_AND_TEXT
windows_x86_64_gnu@0.48.5	registry+https://github.com/rust-lang/crates.io-index	53d40abd2583d23e4718fddf1ebec84dbff8381c07cae67ff7768bbf19c6718e	Cargo.lock	MIT OR Apache-2.0	Microsoft	https://github.com/microsoft/windows-rs	crates.io/windows_x86_64_gnu/0.48.5	c16f8dcf1a368b83be78d826ea23de4079fe1b4469a0ab9ee20563f37ff3d44b;c2cfccb812fe482101a8f04597dfc5a9991a6b2748266c47ac91b6a5aae15383		RESOLVED_DECLARATION_AND_TEXT
windows_x86_64_gnu@0.52.6	registry+https://github.com/rust-lang/crates.io-index	147a5c80aabfbf0c7d901cb5895d1de30ef2907eb21fbbab29ca94c5b08b1a78	Cargo.lock	MIT OR Apache-2.0	Microsoft	https://github.com/microsoft/windows-rs	crates.io/windows_x86_64_gnu/0.52.6	c16f8dcf1a368b83be78d826ea23de4079fe1b4469a0ab9ee20563f37ff3d44b;c2cfccb812fe482101a8f04597dfc5a9991a6b2748266c47ac91b6a5aae15383		RESOLVED_DECLARATION_AND_TEXT
windows_x86_64_gnu@0.53.1	registry+https://github.com/rust-lang/crates.io-index	9c3842cdd74a865a8066ab39c8a7a473c0778a3f29370b5fd6b4b9aa7df4a499	Cargo.lock	MIT OR Apache-2.0		https://github.com/microsoft/windows-rs	crates.io/windows_x86_64_gnu/0.53.1	c16f8dcf1a368b83be78d826ea23de4079fe1b4469a0ab9ee20563f37ff3d44b;c2cfccb812fe482101a8f04597dfc5a9991a6b2748266c47ac91b6a5aae15383		RESOLVED_DECLARATION_AND_TEXT
windows_x86_64_gnullvm@0.42.2	registry+https://github.com/rust-lang/crates.io-index	26d41b46a36d453748aedef1486d5c7a85db22e56aff34643984ea85514e94a3	Cargo.lock	MIT OR Apache-2.0	Microsoft	https://github.com/microsoft/windows-rs	crates.io/windows_x86_64_gnullvm/0.42.2	c16f8dcf1a368b83be78d826ea23de4079fe1b4469a0ab9ee20563f37ff3d44b;c2cfccb812fe482101a8f04597dfc5a9991a6b2748266c47ac91b6a5aae15383		RESOLVED_DECLARATION_AND_TEXT
windows_x86_64_gnullvm@0.48.5	registry+https://github.com/rust-lang/crates.io-index	0b7b52767868a23d5bab768e390dc5f5c55825b6d30b86c844ff2dc7414044cc	Cargo.lock	MIT OR Apache-2.0	Microsoft	https://github.com/microsoft/windows-rs	crates.io/windows_x86_64_gnullvm/0.48.5	c16f8dcf1a368b83be78d826ea23de4079fe1b4469a0ab9ee20563f37ff3d44b;c2cfccb812fe482101a8f04597dfc5a9991a6b2748266c47ac91b6a5aae15383		RESOLVED_DECLARATION_AND_TEXT
windows_x86_64_gnullvm@0.52.6	registry+https://github.com/rust-lang/crates.io-index	24d5b23dc417412679681396f2b49f3de8c1473deb516bd34410872eff51ed0d	Cargo.lock	MIT OR Apache-2.0	Microsoft	https://github.com/microsoft/windows-rs	crates.io/windows_x86_64_gnullvm/0.52.6	c16f8dcf1a368b83be78d826ea23de4079fe1b4469a0ab9ee20563f37ff3d44b;c2cfccb812fe482101a8f04597dfc5a9991a6b2748266c47ac91b6a5aae15383		RESOLVED_DECLARATION_AND_TEXT
windows_x86_64_gnullvm@0.53.1	registry+https://github.com/rust-lang/crates.io-index	0ffa179e2d07eee8ad8f57493436566c7cc30ac536a3379fdf008f47f6bb7ae1	Cargo.lock	MIT OR Apache-2.0		https://github.com/microsoft/windows-rs	crates.io/windows_x86_64_gnullvm/0.53.1	c16f8dcf1a368b83be78d826ea23de4079fe1b4469a0ab9ee20563f37ff3d44b;c2cfccb812fe482101a8f04597dfc5a9991a6b2748266c47ac91b6a5aae15383		RESOLVED_DECLARATION_AND_TEXT
windows_x86_64_msvc@0.42.2	registry+https://github.com/rust-lang/crates.io-index	9aec5da331524158c6d1a4ac0ab1541149c0b9505fde06423b02f5ef0106b9f0	Cargo.lock	MIT OR Apache-2.0	Microsoft	https://github.com/microsoft/windows-rs	crates.io/windows_x86_64_msvc/0.42.2	c16f8dcf1a368b83be78d826ea23de4079fe1b4469a0ab9ee20563f37ff3d44b;c2cfccb812fe482101a8f04597dfc5a9991a6b2748266c47ac91b6a5aae15383		RESOLVED_DECLARATION_AND_TEXT
windows_x86_64_msvc@0.48.5	registry+https://github.com/rust-lang/crates.io-index	ed94fce61571a4006852b7389a063ab983c02eb1bb37b47f8272ce92d06d9538	Cargo.lock	MIT OR Apache-2.0	Microsoft	https://github.com/microsoft/windows-rs	crates.io/windows_x86_64_msvc/0.48.5	c16f8dcf1a368b83be78d826ea23de4079fe1b4469a0ab9ee20563f37ff3d44b;c2cfccb812fe482101a8f04597dfc5a9991a6b2748266c47ac91b6a5aae15383		RESOLVED_DECLARATION_AND_TEXT
windows_x86_64_msvc@0.52.6	registry+https://github.com/rust-lang/crates.io-index	589f6da84c646204747d1270a2a5661ea66ed1cced2631d546fdfb155959f9ec	Cargo.lock	MIT OR Apache-2.0	Microsoft	https://github.com/microsoft/windows-rs	crates.io/windows_x86_64_msvc/0.52.6	c16f8dcf1a368b83be78d826ea23de4079fe1b4469a0ab9ee20563f37ff3d44b;c2cfccb812fe482101a8f04597dfc5a9991a6b2748266c47ac91b6a5aae15383		RESOLVED_DECLARATION_AND_TEXT
windows_x86_64_msvc@0.53.1	registry+https://github.com/rust-lang/crates.io-index	d6bbff5f0aada427a1e5a6da5f1f98158182f26556f345ac9e04d36d0ebed650	Cargo.lock	MIT OR Apache-2.0		https://github.com/microsoft/windows-rs	crates.io/windows_x86_64_msvc/0.53.1	c16f8dcf1a368b83be78d826ea23de4079fe1b4469a0ab9ee20563f37ff3d44b;c2cfccb812fe482101a8f04597dfc5a9991a6b2748266c47ac91b6a5aae15383		RESOLVED_DECLARATION_AND_TEXT
winnow@0.7.13	registry+https://github.com/rust-lang/crates.io-index	21a0236b59786fed61e2a80582dd500fe61f18b5dca67a4a067d0bc9039339cf	Cargo.lock	MIT		https://github.com/winnow-rs/winnow	crates.io/winnow/0.7.13	cb5aedb296c5246d1f22e9099f925a65146f9f0d6b4eebba97fd27a6cdbbab2d		RESOLVED_DECLARATION_AND_TEXT
winreg@0.50.0	registry+https://github.com/rust-lang/crates.io-index	524e57b2c537c0f9b1e69f1965311ec12182b4122e45035b1508cd24d2adadb1	Cargo.lock	MIT	Igor Shaula <gentoo90@gmail.com>	https://github.com/gentoo90/winreg-rs	crates.io/winreg/0.50.0	ea021d8c6383c84d19c15ce90d3b1602cf448fdcc0bf3772c98e43c7bf1bf1d1		RESOLVED_DECLARATION_AND_TEXT
wit-bindgen@0.46.0	registry+https://github.com/rust-lang/crates.io-index	f17a85883d4e6d00e8a97c586de764dabcc06133f7f1d55dce5cdc070ad7fe59	Cargo.lock	Apache-2.0 WITH LLVM-exception OR Apache-2.0 OR MIT	Alex Crichton <alex@alexcrichton.com>	https://github.com/bytecodealliance/wit-bindgen	crates.io/wit-bindgen/0.46.0	23f18e03dc49df91622fe2a76176497404e46ced8a715d9d2b67a7446571cca3;268872b9816f90fd8e85db5a28d33f8150ebb8dd016653fb39ef1f94f2686bc5;a60eea817514531668d7e00765731449fe14d059d3249e0bc93b36de45f759f2		RESOLVED_DECLARATION_AND_TEXT
writeable@0.6.1	registry+https://github.com/rust-lang/crates.io-index	ea2f10b9bb0928dfb1b42b65e1f9e36f7f54dbdf08457afefb38afcdec4fa2bb	Cargo.lock	Unicode-3.0	The ICU4X Project Developers	https://github.com/unicode-org/icu4x	crates.io/writeable/0.6.1	f367c1b8e1aa262435251e442901da4607b4650e0e63a026f5044473ecfb90f2		RESOLVED_DECLARATION_AND_TEXT
wyz@0.5.1	registry+https://github.com/rust-lang/crates.io-index	05f360fc0b24296329c78fda852a1e9ae82de9cf7b27dae4b7f62f118f77b9ed	Cargo.lock	MIT	myrrlyn <self@myrrlyn.dev>	https://github.com/myrrlyn/wyz	crates.io/wyz/0.5.1	411781fd38700f2357a14126d0ab048164ab881f1dcb335c1bb932e232c9a2f5		RESOLVED_DECLARATION_AND_TEXT
x25519-dalek@2.0.1	registry+https://github.com/rust-lang/crates.io-index	c7e468321c81fb07fa7f4c636c3972b9100f0346e5b6a9f2bd0603a52f7ed277	Cargo.lock	BSD-3-Clause	Isis Lovecruft <isis@patternsinthevoid.net>;DebugSteven <debugsteven@gmail.com>;Henry de Valence <hdevalence@hdevalence.ca>	https://github.com/dalek-cryptography/curve25519-dalek/tree/main/x25519-dalek	crates.io/x25519-dalek/2.0.1	bebc725b8cb1ba1ed1798cb505cf31bf9bce4cbe942baf358b642666ba8186bd		RESOLVED_DECLARATION_AND_TEXT
x509-parser@0.16.0	registry+https://github.com/rust-lang/crates.io-index	fcbc162f30700d6f3f82a24bf7cc62ffe7caea42c0b2cba8bf7f3ae50cf51f69	Cargo.lock	MIT OR Apache-2.0	Pierre Chifflier <chifflier@wzdftpd.net>	https://github.com/rusticata/x509-parser.git	crates.io/x509-parser/0.16.0	a5c61b93b6ee1d104af9920cf020ff3c7efe818e31fe562c72261847a728f513;a60eea817514531668d7e00765731449fe14d059d3249e0bc93b36de45f759f2		RESOLVED_DECLARATION_AND_TEXT
x509-parser@0.17.0	registry+https://github.com/rust-lang/crates.io-index	4569f339c0c402346d4a75a9e39cf8dad310e287eef1ff56d4c68e5067f53460	Cargo.lock	MIT OR Apache-2.0	Pierre Chifflier <chifflier@wzdftpd.net>	https://github.com/rusticata/x509-parser.git	crates.io/x509-parser/0.17.0	a5c61b93b6ee1d104af9920cf020ff3c7efe818e31fe562c72261847a728f513;a60eea817514531668d7e00765731449fe14d059d3249e0bc93b36de45f759f2		RESOLVED_DECLARATION_AND_TEXT
xcm-procedural@11.0.2	git+https://github.com/paritytech/polkadot-sdk?tag=polkadot-v1.19.1#f3969c7ddd34985e6e709ed458bcc519f651682a	NO_CHECKSUM	Cargo.lock	Apache-2.0	Era Contributors	{'workspace': True}	polkadot-sdk@f3969c7ddd34985e6e709ed458bcc519f651682a/polkadot/xcm/procedural/Cargo.toml	d62f065830aa3739cc031156b9690805c7b2e811b4a178c8b4acd8725d561c94		RESOLVED_DECLARATION_AND_TEXT
xml-rs@0.8.27	registry+https://github.com/rust-lang/crates.io-index	6fd8403733700263c6eb89f192880191f1b83e332f7a20371ddcf421c4a337c7	Cargo.lock	MIT	Vladimir Matveev <vmatveev@citrine.cc>	https://github.com/kornelski/xml-rs	crates.io/xml-rs/0.8.27	0dc18d924dc0a5f41172a393012843a5eaaef338e795b3645da9cc3b6068220b		RESOLVED_DECLARATION_AND_TEXT
xmltree@0.10.3	registry+https://github.com/rust-lang/crates.io-index	d7d8a75eaf6557bb84a65ace8609883db44a29951042ada9b393151532e41fcb	Cargo.lock	MIT	Andrew Chin <achin@eminence32.net>	https://github.com/eminence/xmltree-rs	crates.io/xmltree/0.10.3	8fca205ae3806d61379f2c91524275d85da99677ec3a4965351485470498238a		RESOLVED_DECLARATION_AND_TEXT
yamux@0.12.1	registry+https://github.com/rust-lang/crates.io-index	9ed0164ae619f2dc144909a9f082187ebb5893693d8c0196e8085283ccd4b776	Cargo.lock	Apache-2.0 OR MIT	Parity Technologies <admin@parity.io>	https://github.com/paritytech/yamux	crates.io/yamux/0.12.1			RESOLVED_MANIFEST_DECLARATION_NO_ADJACENT_TEXT
yamux@0.13.7	registry+https://github.com/rust-lang/crates.io-index	6927cfe0edfae4b26a369df6bad49cd0ef088c0ec48f4045b2084bcaedc10246	Cargo.lock	Apache-2.0 OR MIT	Parity Technologies <admin@parity.io>	https://github.com/paritytech/yamux	crates.io/yamux/0.13.7			RESOLVED_MANIFEST_DECLARATION_NO_ADJACENT_TEXT
yap@0.12.0	registry+https://github.com/rust-lang/crates.io-index	bfe269e7b803a5e8e20cbd97860e136529cd83bf2c9c6d37b142467e7e1f051f	Cargo.lock	MIT	James Wilson <james@jsdw.me>	https://github.com/jsdw/yap	crates.io/yap/0.12.0	4802640f5170583565926657070676144e995b456c3e8e1332f89cd3c8b8d985		RESOLVED_DECLARATION_AND_TEXT
yasna@0.5.2	registry+https://github.com/rust-lang/crates.io-index	e17bb3549cc1321ae1296b9cdc2698e2b6cb1992adfa19a8c72e5b7a738f44cd	Cargo.lock	MIT OR Apache-2.0	Masaki Hara <ackie.h.gmai@gmail.com>	https://github.com/qnighy/yasna.rs	crates.io/yasna/0.5.2			RESOLVED_MANIFEST_DECLARATION_NO_ADJACENT_TEXT
yoke-derive@0.8.0	registry+https://github.com/rust-lang/crates.io-index	38da3c9736e16c5d3c8c597a9aaa5d1fa565d0532ae05e27c24aa62fb32c0ab6	Cargo.lock	Unicode-3.0	Manish Goregaokar <manishsmail@gmail.com>	https://github.com/unicode-org/icu4x	crates.io/yoke-derive/0.8.0	f367c1b8e1aa262435251e442901da4607b4650e0e63a026f5044473ecfb90f2		RESOLVED_DECLARATION_AND_TEXT
yoke@0.8.0	registry+https://github.com/rust-lang/crates.io-index	5f41bb01b8226ef4bfd589436a297c53d118f65921786300e427be8d487695cc	Cargo.lock	Unicode-3.0	Manish Goregaokar <manishsmail@gmail.com>	https://github.com/unicode-org/icu4x	crates.io/yoke/0.8.0	f367c1b8e1aa262435251e442901da4607b4650e0e63a026f5044473ecfb90f2		RESOLVED_DECLARATION_AND_TEXT
zerocopy-derive@0.8.27	registry+https://github.com/rust-lang/crates.io-index	88d2b8d9c68ad2b9e4340d7832716a4d21a22a1154777ad56ea55c51a9cf3831	Cargo.lock	BSD-2-Clause OR Apache-2.0 OR MIT	Joshua Liebow-Feeser <joshlf@google.com>;Jack Wrenn <jswrenn@amazon.com>	https://github.com/google/zerocopy	crates.io/zerocopy-derive/0.8.27	1a2f5c12ddc934d58956aa5dbdd3255fe55fd957633ab7d0d39e4f0daa73f7df;83c1763356e822adde0a2cae748d938a73fdc263849ccff6b27776dff213bd32;9d185ac6703c4b0453974c0d85e9eee43e6941009296bb1f5eb0b54e2329e9f3		RESOLVED_DECLARATION_AND_TEXT
zerocopy@0.8.27	registry+https://github.com/rust-lang/crates.io-index	0894878a5fa3edfd6da3f88c4805f4c8558e2b996227a3d864f47fe11e38282c	Cargo.lock	BSD-2-Clause OR Apache-2.0 OR MIT	Joshua Liebow-Feeser <joshlf@google.com>;Jack Wrenn <jswrenn@amazon.com>	https://github.com/google/zerocopy	crates.io/zerocopy/0.8.27	1a2f5c12ddc934d58956aa5dbdd3255fe55fd957633ab7d0d39e4f0daa73f7df;83c1763356e822adde0a2cae748d938a73fdc263849ccff6b27776dff213bd32;9d185ac6703c4b0453974c0d85e9eee43e6941009296bb1f5eb0b54e2329e9f3		RESOLVED_DECLARATION_AND_TEXT
zerofrom-derive@0.1.6	registry+https://github.com/rust-lang/crates.io-index	d71e5d6e06ab090c67b5e44993ec16b72dcbaabc526db883a360057678b48502	Cargo.lock	Unicode-3.0	Manish Goregaokar <manishsmail@gmail.com>	https://github.com/unicode-org/icu4x	crates.io/zerofrom-derive/0.1.6	f367c1b8e1aa262435251e442901da4607b4650e0e63a026f5044473ecfb90f2		RESOLVED_DECLARATION_AND_TEXT
zerofrom@0.1.6	registry+https://github.com/rust-lang/crates.io-index	50cc42e0333e05660c3587f3bf9d0478688e15d870fab3346451ce7f8c9fbea5	Cargo.lock	Unicode-3.0	Manish Goregaokar <manishsmail@gmail.com>	https://github.com/unicode-org/icu4x	crates.io/zerofrom/0.1.6	f367c1b8e1aa262435251e442901da4607b4650e0e63a026f5044473ecfb90f2		RESOLVED_DECLARATION_AND_TEXT
zeroize@1.8.2	registry+https://github.com/rust-lang/crates.io-index	b97154e67e32c85465826e8bcc1c59429aaaf107c1e4a9e53c8d8ccd5eff88d0	Cargo.lock	Apache-2.0 OR MIT	The RustCrypto Project Developers	https://github.com/RustCrypto/utils	crates.io/zeroize/1.8.2	0b04ee3ce0021a922f43f37a17fee09a5a1ee6d1f4e149d5bf75b72395a49c72;cfc7749b96f63bd31c3c42b5c471bf756814053e847c10f3eb003417bc523d30		RESOLVED_DECLARATION_AND_TEXT
zeroize_derive@1.4.2	registry+https://github.com/rust-lang/crates.io-index	ce36e65b0d2999d2aafac989fb249189a141aee1f53c612c1f37d72631959f69	Cargo.lock	Apache-2.0 OR MIT	The RustCrypto Project Developers	https://github.com/RustCrypto/utils/tree/master/zeroize/derive	crates.io/zeroize_derive/1.4.2	90a8b6622d5e3faa3055007a9ab99c4e99a51e6ebdccbada7530cb16dc2bd4fb;cfc7749b96f63bd31c3c42b5c471bf756814053e847c10f3eb003417bc523d30		RESOLVED_DECLARATION_AND_TEXT
zerotrie@0.2.2	registry+https://github.com/rust-lang/crates.io-index	36f0bbd478583f79edad978b407914f61b2972f5af6fa089686016be8f9af595	Cargo.lock	Unicode-3.0	The ICU4X Project Developers	https://github.com/unicode-org/icu4x	crates.io/zerotrie/0.2.2	f367c1b8e1aa262435251e442901da4607b4650e0e63a026f5044473ecfb90f2		RESOLVED_DECLARATION_AND_TEXT
zerovec-derive@0.11.1	registry+https://github.com/rust-lang/crates.io-index	5b96237efa0c878c64bd89c436f661be4e46b2f3eff1ebb976f7ef2321d2f58f	Cargo.lock	Unicode-3.0	Manish Goregaokar <manishsmail@gmail.com>	https://github.com/unicode-org/icu4x	crates.io/zerovec-derive/0.11.1	f367c1b8e1aa262435251e442901da4607b4650e0e63a026f5044473ecfb90f2		RESOLVED_DECLARATION_AND_TEXT
zerovec@0.11.4	registry+https://github.com/rust-lang/crates.io-index	e7aa2bd55086f1ab526693ecbe444205da57e25f4489879da80635a46d90e73b	Cargo.lock	Unicode-3.0	The ICU4X Project Developers	https://github.com/unicode-org/icu4x	crates.io/zerovec/0.11.4	f367c1b8e1aa262435251e442901da4607b4650e0e63a026f5044473ecfb90f2		RESOLVED_DECLARATION_AND_TEXT
zstd-safe@5.0.2+zstd.1.5.2	registry+https://github.com/rust-lang/crates.io-index	1d2a5585e04f9eea4b2a3d1eca508c4dee9592a89ef6f450c11719da0726f4db	Cargo.lock	MIT/Apache-2.0	Alexandre Bury <alexandre.bury@gmail.com>	https://github.com/gyscos/zstd-rs	crates.io/zstd-safe/5.0.2+zstd.1.5.2	0d542e0c8804e39aa7f37eb00da5a762149dc682d7829451287e11b938e94594;129e8edef29e9abcd2ebabe252f4ef1b1289cdca356bf0040284a2fbccfb96c8;a77b7cfeaf911ed410ffbe76f0cb2b24ad8a4d94e7ead5727e914425c416cc63		RESOLVED_DECLARATION_AND_TEXT
zstd-safe@6.0.6	registry+https://github.com/rust-lang/crates.io-index	ee98ffd0b48ee95e6c5168188e44a54550b1564d9d530ee21d5f0eaed1069581	Cargo.lock	MIT/Apache-2.0	Alexandre Bury <alexandre.bury@gmail.com>	https://github.com/gyscos/zstd-rs	crates.io/zstd-safe/6.0.6	0d542e0c8804e39aa7f37eb00da5a762149dc682d7829451287e11b938e94594;129e8edef29e9abcd2ebabe252f4ef1b1289cdca356bf0040284a2fbccfb96c8;a77b7cfeaf911ed410ffbe76f0cb2b24ad8a4d94e7ead5727e914425c416cc63		RESOLVED_DECLARATION_AND_TEXT
zstd-sys@2.0.16+zstd.1.5.7	registry+https://github.com/rust-lang/crates.io-index	91e19ebc2adc8f83e43039e79776e3fda8ca919132d68a1fed6a5faca2683748	Cargo.lock	MIT/Apache-2.0	Alexandre Bury <alexandre.bury@gmail.com>	https://github.com/gyscos/zstd-rs	crates.io/zstd-sys/2.0.16+zstd.1.5.7	0d542e0c8804e39aa7f37eb00da5a762149dc682d7829451287e11b938e94594;129e8edef29e9abcd2ebabe252f4ef1b1289cdca356bf0040284a2fbccfb96c8;48341f685c87304089aa099b23c386f8bacc519ef555aa7a13e239908907b3fd;a77b7cfeaf911ed410ffbe76f0cb2b24ad8a4d94e7ead5727e914425c416cc63		RESOLVED_DECLARATION_AND_TEXT
zstd@0.11.2+zstd.1.5.2	registry+https://github.com/rust-lang/crates.io-index	20cc960326ece64f010d2d2107537f26dc589a6573a316bd5b1dba685fa5fde4	Cargo.lock	MIT	Alexandre Bury <alexandre.bury@gmail.com>	https://github.com/gyscos/zstd-rs	crates.io/zstd/0.11.2+zstd.1.5.2	129e8edef29e9abcd2ebabe252f4ef1b1289cdca356bf0040284a2fbccfb96c8		RESOLVED_DECLARATION_AND_TEXT
zstd@0.12.4	registry+https://github.com/rust-lang/crates.io-index	1a27595e173641171fc74a1232b7b1c7a7cb6e18222c11e9dfb9888fa424c53c	Cargo.lock	MIT	Alexandre Bury <alexandre.bury@gmail.com>	https://github.com/gyscos/zstd-rs	crates.io/zstd/0.12.4	129e8edef29e9abcd2ebabe252f4ef1b1289cdca356bf0040284a2fbccfb96c8		RESOLVED_DECLARATION_AND_TEXT
